FILENAME|OBS_ID|PROGRAM|OBS_NUM|VISIT|VISIT_ID|VISITGRP|VISITYPE|SEQ_ID|ACT_ID|EXPOSURE|EXP_TYPE|NEXPOSUR|EXPCOUNT|INSTRUME|DETECTOR|CHANNEL|TARGETID|TARGPROP|TARGNAME|TARGTYPE|TEMPLATE|PNTGTYPE|PNTG_SEQ|TARGORDN|EXPSPCIN|DITHPTIN|MOSTILNO|MODULE|FILTER|PUPIL|DITHERID|PATTTYPE|PATTSTRT|NUMDTHPT|PATTSIZE|SUBPXPTS|PATT_NUM|SUBPIXEL|APERNAME|SDP_VER|SUBARRAY|GRATING|FXD_SLIT|BAND|GWA_XTIL|GWA_YTIL|ASN_CANDIDATE|EXPOSERR|IS_PSF|IS_IMPRT|BKGDTARG|TSOVISIT|MSASTATE|MSAMETFL|OPMODE|LAMP|SPEC_NUM|SPAT_NUM|DMS_NOTE|EXSEGTOT|NINTS|NGROUPS|MTSHADOW
jw01257001001_02101_00001_mirifulong_uncal.fits|V01257001001P0000000002101|1257|1|1|01257001001|2|PRIME_TARGETED_FIXED|1|01|1|MIR_MRS|288|1|MIRI|MIRIFULONG|34|1|HH211|HH211|FIXED|MIRI Medium Resolution Spectroscopy|SCIENCE|1|1|1|1|1|NULL|NULL|NULL|1|4-POINT|NULL|4|NULL|NULL|1|NULL|MIRIFU_CHANNEL1A|2026_1b|FULL|NULL|NULL|SHORT|NULL|NULL|[('o001', 'OBSERVATION')]|NULL|NULL|NULL|F|F|NULL|NULL|NULL|OFF|NULL|NULL|NULL|NULL|1|18|NONE
jw01257001001_02101_00001_mirifushort_uncal.fits|V01257001001P0000000002101|1257|1|1|01257001001|2|PRIME_TARGETED_FIXED|1|01|1|MIR_MRS|288|1|MIRI|MIRIFUSHORT|12|1|HH211|HH211|FIXED|MIRI Medium Resolution Spectroscopy|SCIENCE|1|1|1|1|1|NULL|NULL|NULL|1|4-POINT|NULL|4|NULL|NULL|1|NULL|MIRIFU_CHANNEL1A|2026_1b|FULL|NULL|NULL|SHORT|NULL|NULL|[('o001', 'OBSERVATION')]|NULL|NULL|NULL|F|F|NULL|NULL|NULL|OFF|NULL|NULL|NULL|NULL|1|18|NONE
jw01257001001_02101_00002_mirifulong_uncal.fits|V01257001001P0000000002101|1257|1|1|01257001001|2|PRIME_TARGETED_FIXED|1|01|2|MIR_MRS|288|1|MIRI|MIRIFULONG|34|1|HH211|HH211|FIXED|MIRI Medium Resolution Spectroscopy|SCIENCE|2|1|1|2|1|NULL|NULL|NULL|1|4-POINT|NULL|4|NULL|NULL|2|NULL|MIRIFU_CHANNEL1A|2026_1b|FULL|NULL|NULL|SHORT|NULL|NULL|[('o001', 'OBSERVATION')]|NULL|NULL|NULL|F|F|NULL|NULL|NULL|OFF|NULL|NULL|NULL|NULL|1|18|NONE
jw01257001001_02101_00002_mirifushort_uncal.fits|V01257001001P0000000002101|1257|1|1|01257001001|2|PRIME_TARGETED_FIXED|1|01|2|MIR_MRS|288|1|MIRI|MIRIFUSHORT|12|1|HH211|HH211|FIXED|MIRI Medium Resolution Spectroscopy|SCIENCE|2|1|1|2|1|NULL|NULL|NULL|1|4-POINT|NULL|4|NULL|NULL|2|NULL|MIRIFU_CHANNEL1A|2026_1b|FULL|NULL|NULL|SHORT|NULL|NULL|[('o001', 'OBSERVATION')]|NULL|NULL|NULL|F|F|NULL|NULL|NULL|OFF|NULL|NULL|NULL|NULL|1|18|NONE
jw01257001001_02101_00003_mirifulong_uncal.fits|V01257001001P0000000002101|1257|1|1|01257001001|2|PRIME_TARGETED_FIXED|1|01|3|MIR_MRS|288|1|MIRI|MIRIFULONG|34|1|HH211|HH211|FIXED|MIRI Medium Resolution Spectroscopy|SCIENCE|3|1|1|3|1|NULL|NULL|NULL|1|4-POINT|NULL|4|NULL|NULL|3|NULL|MIRIFU_CHANNEL1A|2026_1b|FULL|NULL|NULL|SHORT|NULL|NULL|[('o001', 'OBSERVATION')]|NULL|NULL|NULL|F|F|NULL|NULL|NULL|OFF|NULL|NULL|NULL|NULL|1|18|NONE
jw01257001001_02101_00003_mirifushort_uncal.fits|V01257001001P0000000002101|1257|1|1|01257001001|2|PRIME_TARGETED_FIXED|1|01|3|MIR_MRS|288|1|MIRI|MIRIFUSHORT|12|1|HH211|HH211|FIXED|MIRI Medium Resolution Spectroscopy|SCIENCE|3|1|1|3|1|NULL|NULL|NULL|1|4-POINT|NULL|4|NULL|NULL|3|NULL|MIRIFU_CHANNEL1A|2026_1b|FULL|NULL|NULL|SHORT|NULL|NULL|[('o001', 'OBSERVATION')]|NULL|NULL|NULL|F|F|NULL|NULL|NULL|OFF|NULL|NULL|NULL|NULL|1|18|NONE
jw01257001001_02101_00004_mirifulong_uncal.fits|V01257001001P0000000002101|1257|1|1|01257001001|2|PRIME_TARGETED_FIXED|1|01|4|MIR_MRS|288|1|MIRI|MIRIFULONG|34|1|HH211|HH211|FIXED|MIRI Medium Resolution Spectroscopy|SCIENCE|4|1|1|4|1|NULL|NULL|NULL|1|4-POINT|NULL|4|NULL|NULL|4|NULL|MIRIFU_CHANNEL1A|2026_1b|FULL|NULL|NULL|SHORT|NULL|NULL|[('o001', 'OBSERVATION')]|NULL|NULL|NULL|F|F|NULL|NULL|NULL|OFF|NULL|NULL|NULL|NULL|1|18|NONE
jw01257001001_02101_00004_mirifushort_uncal.fits|V01257001001P0000000002101|1257|1|1|01257001001|2|PRIME_TARGETED_FIXED|1|01|4|MIR_MRS|288|1|MIRI|MIRIFUSHORT|12|1|HH211|HH211|FIXED|MIRI Medium Resolution Spectroscopy|SCIENCE|4|1|1|4|1|NULL|NULL|NULL|1|4-POINT|NULL|4|NULL|NULL|4|NULL|MIRIFU_CHANNEL1A|2026_1b|FULL|NULL|NULL|SHORT|NULL|NULL|[('o001', 'OBSERVATION')]|NULL|NULL|NULL|F|F|NULL|NULL|NULL|OFF|NULL|NULL|NULL|NULL|1|18|NONE
jw01257001001_02103_00001_mirifulong_uncal.fits|V01257001001P0000000002103|1257|1|1|01257001001|2|PRIME_TARGETED_FIXED|1|03|1|MIR_MRS|288|5|MIRI|MIRIFULONG|34|1|HH211|HH211|FIXED|MIRI Medium Resolution Spectroscopy|SCIENCE|5|1|1|1|2|NULL|NULL|NULL|1|4-POINT|NULL|4|NULL|NULL|1|NULL|MIRIFU_CHANNEL1A|2026_1b|FULL|NULL|NULL|SHORT|NULL|NULL|[('o001', 'OBSERVATION')]|NULL|NULL|NULL|F|F|NULL|NULL|NULL|OFF|NULL|NULL|NULL|NULL|1|18|NONE
jw01257001001_02103_00001_mirifushort_uncal.fits|V01257001001P0000000002103|1257|1|1|01257001001|2|PRIME_TARGETED_FIXED|1|03|1|MIR_MRS|288|5|MIRI|MIRIFUSHORT|12|1|HH211|HH211|FIXED|MIRI Medium Resolution Spectroscopy|SCIENCE|5|1|1|1|2|NULL|NULL|NULL|1|4-POINT|NULL|4|NULL|NULL|1|NULL|MIRIFU_CHANNEL1A|2026_1b|FULL|NULL|NULL|SHORT|NULL|NULL|[('o001', 'OBSERVATION')]|NULL|NULL|NULL|F|F|NULL|NULL|NULL|OFF|NULL|NULL|NULL|NULL|1|18|NONE
jw01257001001_02103_00002_mirifulong_uncal.fits|V01257001001P0000000002103|1257|1|1|01257001001|2|PRIME_TARGETED_FIXED|1|03|2|MIR_MRS|288|5|MIRI|MIRIFULONG|34|1|HH211|HH211|FIXED|MIRI Medium Resolution Spectroscopy|SCIENCE|6|1|1|2|2|NULL|NULL|NULL|1|4-POINT|NULL|4|NULL|NULL|2|NULL|MIRIFU_CHANNEL1A|2026_1b|FULL|NULL|NULL|SHORT|NULL|NULL|[('o001', 'OBSERVATION')]|NULL|NULL|NULL|F|F|NULL|NULL|NULL|OFF|NULL|NULL|NULL|NULL|1|18|NONE
jw01257001001_02103_00002_mirifushort_uncal.fits|V01257001001P0000000002103|1257|1|1|01257001001|2|PRIME_TARGETED_FIXED|1|03|2|MIR_MRS|288|5|MIRI|MIRIFUSHORT|12|1|HH211|HH211|FIXED|MIRI Medium Resolution Spectroscopy|SCIENCE|6|1|1|2|2|NULL|NULL|NULL|1|4-POINT|NULL|4|NULL|NULL|2|NULL|MIRIFU_CHANNEL1A|2026_1b|FULL|NULL|NULL|SHORT|NULL|NULL|[('o001', 'OBSERVATION')]|NULL|NULL|NULL|F|F|NULL|NULL|NULL|OFF|NULL|NULL|NULL|NULL|1|18|NONE
jw01257001001_02103_00003_mirifulong_uncal.fits|V01257001001P0000000002103|1257|1|1|01257001001|2|PRIME_TARGETED_FIXED|1|03|3|MIR_MRS|288|5|MIRI|MIRIFULONG|34|1|HH211|HH211|FIXED|MIRI Medium Resolution Spectroscopy|SCIENCE|7|1|1|3|2|NULL|NULL|NULL|1|4-POINT|NULL|4|NULL|NULL|3|NULL|MIRIFU_CHANNEL1A|2026_1b|FULL|NULL|NULL|SHORT|NULL|NULL|[('o001', 'OBSERVATION')]|NULL|NULL|NULL|F|F|NULL|NULL|NULL|OFF|NULL|NULL|NULL|NULL|1|18|NONE
jw01257001001_02103_00003_mirifushort_uncal.fits|V01257001001P0000000002103|1257|1|1|01257001001|2|PRIME_TARGETED_FIXED|1|03|3|MIR_MRS|288|5|MIRI|MIRIFUSHORT|12|1|HH211|HH211|FIXED|MIRI Medium Resolution Spectroscopy|SCIENCE|7|1|1|3|2|NULL|NULL|NULL|1|4-POINT|NULL|4|NULL|NULL|3|NULL|MIRIFU_CHANNEL1A|2026_1b|FULL|NULL|NULL|SHORT|NULL|NULL|[('o001', 'OBSERVATION')]|NULL|NULL|NULL|F|F|NULL|NULL|NULL|OFF|NULL|NULL|NULL|NULL|1|18|NONE
jw01257001001_02103_00004_mirifulong_uncal.fits|V01257001001P0000000002103|1257|1|1|01257001001|2|PRIME_TARGETED_FIXED|1|03|4|MIR_MRS|288|5|MIRI|MIRIFULONG|34|1|HH211|HH211|FIXED|MIRI Medium Resolution Spectroscopy|SCIENCE|8|1|1|4|2|NULL|NULL|NULL|1|4-POINT|NULL|4|NULL|NULL|4|NULL|MIRIFU_CHANNEL1A|2026_1b|FULL|NULL|NULL|SHORT|NULL|NULL|[('o001', 'OBSERVATION')]|NULL|NULL|NULL|F|F|NULL|NULL|NULL|OFF|NULL|NULL|NULL|NULL|1|18|NONE
jw01257001001_02103_00004_mirifushort_uncal.fits|V01257001001P0000000002103|1257|1|1|01257001001|2|PRIME_TARGETED_FIXED|1|03|4|MIR_MRS|288|5|MIRI|MIRIFUSHORT|12|1|HH211|HH211|FIXED|MIRI Medium Resolution Spectroscopy|SCIENCE|8|1|1|4|2|NULL|NULL|NULL|1|4-POINT|NULL|4|NULL|NULL|4|NULL|MIRIFU_CHANNEL1A|2026_1b|FULL|NULL|NULL|SHORT|NULL|NULL|[('o001', 'OBSERVATION')]|NULL|NULL|NULL|F|F|NULL|NULL|NULL|OFF|NULL|NULL|NULL|NULL|1|18|NONE
jw01257001001_02105_00001_mirifulong_uncal.fits|V01257001001P0000000002105|1257|1|1|01257001001|2|PRIME_TARGETED_FIXED|1|05|1|MIR_MRS|288|9|MIRI|MIRIFULONG|34|1|HH211|HH211|FIXED|MIRI Medium Resolution Spectroscopy|SCIENCE|9|1|1|1|3|NULL|NULL|NULL|1|4-POINT|NULL|4|NULL|NULL|1|NULL|MIRIFU_CHANNEL1A|2026_1b|FULL|NULL|NULL|SHORT|NULL|NULL|[('o001', 'OBSERVATION')]|NULL|NULL|NULL|F|F|NULL|NULL|NULL|OFF|NULL|NULL|NULL|NULL|1|18|NONE
jw01257001001_02105_00001_mirifushort_uncal.fits|V01257001001P0000000002105|1257|1|1|01257001001|2|PRIME_TARGETED_FIXED|1|05|1|MIR_MRS|288|9|MIRI|MIRIFUSHORT|12|1|HH211|HH211|FIXED|MIRI Medium Resolution Spectroscopy|SCIENCE|9|1|1|1|3|NULL|NULL|NULL|1|4-POINT|NULL|4|NULL|NULL|1|NULL|MIRIFU_CHANNEL1A|2026_1b|FULL|NULL|NULL|SHORT|NULL|NULL|[('o001', 'OBSERVATION')]|NULL|NULL|NULL|F|F|NULL|NULL|NULL|OFF|NULL|NULL|NULL|NULL|1|18|NONE
jw01257001001_02105_00002_mirifulong_uncal.fits|V01257001001P0000000002105|1257|1|1|01257001001|2|PRIME_TARGETED_FIXED|1|05|2|MIR_MRS|288|9|MIRI|MIRIFULONG|34|1|HH211|HH211|FIXED|MIRI Medium Resolution Spectroscopy|SCIENCE|10|1|1|2|3|NULL|NULL|NULL|1|4-POINT|NULL|4|NULL|NULL|2|NULL|MIRIFU_CHANNEL1A|2026_1b|FULL|NULL|NULL|SHORT|NULL|NULL|[('o001', 'OBSERVATION')]|NULL|NULL|NULL|F|F|NULL|NULL|NULL|OFF|NULL|NULL|NULL|NULL|1|18|NONE
jw01257001001_02105_00002_mirifushort_uncal.fits|V01257001001P0000000002105|1257|1|1|01257001001|2|PRIME_TARGETED_FIXED|1|05|2|MIR_MRS|288|9|MIRI|MIRIFUSHORT|12|1|HH211|HH211|FIXED|MIRI Medium Resolution Spectroscopy|SCIENCE|10|1|1|2|3|NULL|NULL|NULL|1|4-POINT|NULL|4|NULL|NULL|2|NULL|MIRIFU_CHANNEL1A|2026_1b|FULL|NULL|NULL|SHORT|NULL|NULL|[('o001', 'OBSERVATION')]|NULL|NULL|NULL|F|F|NULL|NULL|NULL|OFF|NULL|NULL|NULL|NULL|1|18|NONE
jw01257001001_02105_00003_mirifulong_uncal.fits|V01257001001P0000000002105|1257|1|1|01257001001|2|PRIME_TARGETED_FIXED|1|05|3|MIR_MRS|288|9|MIRI|MIRIFULONG|34|1|HH211|HH211|FIXED|MIRI Medium Resolution Spectroscopy|SCIENCE|11|1|1|3|3|NULL|NULL|NULL|1|4-POINT|NULL|4|NULL|NULL|3|NULL|MIRIFU_CHANNEL1A|2026_1b|FULL|NULL|NULL|SHORT|NULL|NULL|[('o001', 'OBSERVATION')]|NULL|NULL|NULL|F|F|NULL|NULL|NULL|OFF|NULL|NULL|NULL|NULL|1|18|NONE
jw01257001001_02105_00003_mirifushort_uncal.fits|V01257001001P0000000002105|1257|1|1|01257001001|2|PRIME_TARGETED_FIXED|1|05|3|MIR_MRS|288|9|MIRI|MIRIFUSHORT|12|1|HH211|HH211|FIXED|MIRI Medium Resolution Spectroscopy|SCIENCE|11|1|1|3|3|NULL|NULL|NULL|1|4-POINT|NULL|4|NULL|NULL|3|NULL|MIRIFU_CHANNEL1A|2026_1b|FULL|NULL|NULL|SHORT|NULL|NULL|[('o001', 'OBSERVATION')]|NULL|NULL|NULL|F|F|NULL|NULL|NULL|OFF|NULL|NULL|NULL|NULL|1|18|NONE
jw01257001001_02105_00004_mirifulong_uncal.fits|V01257001001P0000000002105|1257|1|1|01257001001|2|PRIME_TARGETED_FIXED|1|05|4|MIR_MRS|288|9|MIRI|MIRIFULONG|34|1|HH211|HH211|FIXED|MIRI Medium Resolution Spectroscopy|SCIENCE|12|1|1|4|3|NULL|NULL|NULL|1|4-POINT|NULL|4|NULL|NULL|4|NULL|MIRIFU_CHANNEL1A|2026_1b|FULL|NULL|NULL|SHORT|NULL|NULL|[('o001', 'OBSERVATION')]|NULL|NULL|NULL|F|F|NULL|NULL|NULL|OFF|NULL|NULL|NULL|NULL|1|18|NONE
jw01257001001_02105_00004_mirifushort_uncal.fits|V01257001001P0000000002105|1257|1|1|01257001001|2|PRIME_TARGETED_FIXED|1|05|4|MIR_MRS|288|9|MIRI|MIRIFUSHORT|12|1|HH211|HH211|FIXED|MIRI Medium Resolution Spectroscopy|SCIENCE|12|1|1|4|3|NULL|NULL|NULL|1|4-POINT|NULL|4|NULL|NULL|4|NULL|MIRIFU_CHANNEL1A|2026_1b|FULL|NULL|NULL|SHORT|NULL|NULL|[('o001', 'OBSERVATION')]|NULL|NULL|NULL|F|F|NULL|NULL|NULL|OFF|NULL|NULL|NULL|NULL|1|18|NONE
jw01257001001_02107_00001_mirifulong_uncal.fits|V01257001001P0000000002107|1257|1|1|01257001001|2|PRIME_TARGETED_FIXED|1|07|1|MIR_MRS|288|13|MIRI|MIRIFULONG|34|1|HH211|HH211|FIXED|MIRI Medium Resolution Spectroscopy|SCIENCE|13|1|1|1|4|NULL|NULL|NULL|1|4-POINT|NULL|4|NULL|NULL|1|NULL|MIRIFU_CHANNEL1A|2026_1b|FULL|NULL|NULL|SHORT|NULL|NULL|[('o001', 'OBSERVATION')]|NULL|NULL|NULL|F|F|NULL|NULL|NULL|OFF|NULL|NULL|NULL|NULL|1|18|NONE
jw01257001001_02107_00001_mirifushort_uncal.fits|V01257001001P0000000002107|1257|1|1|01257001001|2|PRIME_TARGETED_FIXED|1|07|1|MIR_MRS|288|13|MIRI|MIRIFUSHORT|12|1|HH211|HH211|FIXED|MIRI Medium Resolution Spectroscopy|SCIENCE|13|1|1|1|4|NULL|NULL|NULL|1|4-POINT|NULL|4|NULL|NULL|1|NULL|MIRIFU_CHANNEL1A|2026_1b|FULL|NULL|NULL|SHORT|NULL|NULL|[('o001', 'OBSERVATION')]|NULL|NULL|NULL|F|F|NULL|NULL|NULL|OFF|NULL|NULL|NULL|NULL|1|18|NONE
jw01257001001_02107_00002_mirifulong_uncal.fits|V01257001001P0000000002107|1257|1|1|01257001001|2|PRIME_TARGETED_FIXED|1|07|2|MIR_MRS|288|13|MIRI|MIRIFULONG|34|1|HH211|HH211|FIXED|MIRI Medium Resolution Spectroscopy|SCIENCE|14|1|1|2|4|NULL|NULL|NULL|1|4-POINT|NULL|4|NULL|NULL|2|NULL|MIRIFU_CHANNEL1A|2026_1b|FULL|NULL|NULL|SHORT|NULL|NULL|[('o001', 'OBSERVATION')]|NULL|NULL|NULL|F|F|NULL|NULL|NULL|OFF|NULL|NULL|NULL|NULL|1|18|NONE
jw01257001001_02107_00002_mirifushort_uncal.fits|V01257001001P0000000002107|1257|1|1|01257001001|2|PRIME_TARGETED_FIXED|1|07|2|MIR_MRS|288|13|MIRI|MIRIFUSHORT|12|1|HH211|HH211|FIXED|MIRI Medium Resolution Spectroscopy|SCIENCE|14|1|1|2|4|NULL|NULL|NULL|1|4-POINT|NULL|4|NULL|NULL|2|NULL|MIRIFU_CHANNEL1A|2026_1b|FULL|NULL|NULL|SHORT|NULL|NULL|[('o001', 'OBSERVATION')]|NULL|NULL|NULL|F|F|NULL|NULL|NULL|OFF|NULL|NULL|NULL|NULL|1|18|NONE
jw01257001001_02107_00003_mirifulong_uncal.fits|V01257001001P0000000002107|1257|1|1|01257001001|2|PRIME_TARGETED_FIXED|1|07|3|MIR_MRS|288|13|MIRI|MIRIFULONG|34|1|HH211|HH211|FIXED|MIRI Medium Resolution Spectroscopy|SCIENCE|15|1|1|3|4|NULL|NULL|NULL|1|4-POINT|NULL|4|NULL|NULL|3|NULL|MIRIFU_CHANNEL1A|2026_1b|FULL|NULL|NULL|SHORT|NULL|NULL|[('o001', 'OBSERVATION')]|NULL|NULL|NULL|F|F|NULL|NULL|NULL|OFF|NULL|NULL|NULL|NULL|1|18|NONE
jw01257001001_02107_00003_mirifushort_uncal.fits|V01257001001P0000000002107|1257|1|1|01257001001|2|PRIME_TARGETED_FIXED|1|07|3|MIR_MRS|288|13|MIRI|MIRIFUSHORT|12|1|HH211|HH211|FIXED|MIRI Medium Resolution Spectroscopy|SCIENCE|15|1|1|3|4|NULL|NULL|NULL|1|4-POINT|NULL|4|NULL|NULL|3|NULL|MIRIFU_CHANNEL1A|2026_1b|FULL|NULL|NULL|SHORT|NULL|NULL|[('o001', 'OBSERVATION')]|NULL|NULL|NULL|F|F|NULL|NULL|NULL|OFF|NULL|NULL|NULL|NULL|1|18|NONE
jw01257001001_02107_00004_mirifulong_uncal.fits|V01257001001P0000000002107|1257|1|1|01257001001|2|PRIME_TARGETED_FIXED|1|07|4|MIR_MRS|288|13|MIRI|MIRIFULONG|34|1|HH211|HH211|FIXED|MIRI Medium Resolution Spectroscopy|SCIENCE|16|1|1|4|4|NULL|NULL|NULL|1|4-POINT|NULL|4|NULL|NULL|4|NULL|MIRIFU_CHANNEL1A|2026_1b|FULL|NULL|NULL|SHORT|NULL|NULL|[('o001', 'OBSERVATION')]|NULL|NULL|NULL|F|F|NULL|NULL|NULL|OFF|NULL|NULL|NULL|NULL|1|18|NONE
jw01257001001_02107_00004_mirifushort_uncal.fits|V01257001001P0000000002107|1257|1|1|01257001001|2|PRIME_TARGETED_FIXED|1|07|4|MIR_MRS|288|13|MIRI|MIRIFUSHORT|12|1|HH211|HH211|FIXED|MIRI Medium Resolution Spectroscopy|SCIENCE|16|1|1|4|4|NULL|NULL|NULL|1|4-POINT|NULL|4|NULL|NULL|4|NULL|MIRIFU_CHANNEL1A|2026_1b|FULL|NULL|NULL|SHORT|NULL|NULL|[('o001', 'OBSERVATION')]|NULL|NULL|NULL|F|F|NULL|NULL|NULL|OFF|NULL|NULL|NULL|NULL|1|18|NONE
jw01257001001_02109_00001_mirifulong_uncal.fits|V01257001001P0000000002109|1257|1|1|01257001001|2|PRIME_TARGETED_FIXED|1|09|1|MIR_MRS|288|17|MIRI|MIRIFULONG|34|1|HH211|HH211|FIXED|MIRI Medium Resolution Spectroscopy|SCIENCE|17|1|1|1|5|NULL|NULL|NULL|1|4-POINT|NULL|4|NULL|NULL|1|NULL|MIRIFU_CHANNEL1A|2026_1b|FULL|NULL|NULL|SHORT|NULL|NULL|[('o001', 'OBSERVATION')]|NULL|NULL|NULL|F|F|NULL|NULL|NULL|OFF|NULL|NULL|NULL|NULL|1|18|NONE
jw01257001001_02109_00001_mirifushort_uncal.fits|V01257001001P0000000002109|1257|1|1|01257001001|2|PRIME_TARGETED_FIXED|1|09|1|MIR_MRS|288|17|MIRI|MIRIFUSHORT|12|1|HH211|HH211|FIXED|MIRI Medium Resolution Spectroscopy|SCIENCE|17|1|1|1|5|NULL|NULL|NULL|1|4-POINT|NULL|4|NULL|NULL|1|NULL|MIRIFU_CHANNEL1A|2026_1b|FULL|NULL|NULL|SHORT|NULL|NULL|[('o001', 'OBSERVATION')]|NULL|NULL|NULL|F|F|NULL|NULL|NULL|OFF|NULL|NULL|NULL|NULL|1|18|NONE
jw01257001001_02109_00002_mirifulong_uncal.fits|V01257001001P0000000002109|1257|1|1|01257001001|2|PRIME_TARGETED_FIXED|1|09|2|MIR_MRS|288|17|MIRI|MIRIFULONG|34|1|HH211|HH211|FIXED|MIRI Medium Resolution Spectroscopy|SCIENCE|18|1|1|2|5|NULL|NULL|NULL|1|4-POINT|NULL|4|NULL|NULL|2|NULL|MIRIFU_CHANNEL1A|2026_1b|FULL|NULL|NULL|SHORT|NULL|NULL|[('o001', 'OBSERVATION')]|NULL|NULL|NULL|F|F|NULL|NULL|NULL|OFF|NULL|NULL|NULL|NULL|1|18|NONE
jw01257001001_02109_00002_mirifushort_uncal.fits|V01257001001P0000000002109|1257|1|1|01257001001|2|PRIME_TARGETED_FIXED|1|09|2|MIR_MRS|288|17|MIRI|MIRIFUSHORT|12|1|HH211|HH211|FIXED|MIRI Medium Resolution Spectroscopy|SCIENCE|18|1|1|2|5|NULL|NULL|NULL|1|4-POINT|NULL|4|NULL|NULL|2|NULL|MIRIFU_CHANNEL1A|2026_1b|FULL|NULL|NULL|SHORT|NULL|NULL|[('o001', 'OBSERVATION')]|NULL|NULL|NULL|F|F|NULL|NULL|NULL|OFF|NULL|NULL|NULL|NULL|1|18|NONE
jw01257001001_02109_00003_mirifulong_uncal.fits|V01257001001P0000000002109|1257|1|1|01257001001|2|PRIME_TARGETED_FIXED|1|09|3|MIR_MRS|288|17|MIRI|MIRIFULONG|34|1|HH211|HH211|FIXED|MIRI Medium Resolution Spectroscopy|SCIENCE|19|1|1|3|5|NULL|NULL|NULL|1|4-POINT|NULL|4|NULL|NULL|3|NULL|MIRIFU_CHANNEL1A|2026_1b|FULL|NULL|NULL|SHORT|NULL|NULL|[('o001', 'OBSERVATION')]|NULL|NULL|NULL|F|F|NULL|NULL|NULL|OFF|NULL|NULL|NULL|NULL|1|18|NONE
jw01257001001_02109_00003_mirifushort_uncal.fits|V01257001001P0000000002109|1257|1|1|01257001001|2|PRIME_TARGETED_FIXED|1|09|3|MIR_MRS|288|17|MIRI|MIRIFUSHORT|12|1|HH211|HH211|FIXED|MIRI Medium Resolution Spectroscopy|SCIENCE|19|1|1|3|5|NULL|NULL|NULL|1|4-POINT|NULL|4|NULL|NULL|3|NULL|MIRIFU_CHANNEL1A|2026_1b|FULL|NULL|NULL|SHORT|NULL|NULL|[('o001', 'OBSERVATION')]|NULL|NULL|NULL|F|F|NULL|NULL|NULL|OFF|NULL|NULL|NULL|NULL|1|18|NONE
jw01257001001_02109_00004_mirifulong_uncal.fits|V01257001001P0000000002109|1257|1|1|01257001001|2|PRIME_TARGETED_FIXED|1|09|4|MIR_MRS|288|17|MIRI|MIRIFULONG|34|1|HH211|HH211|FIXED|MIRI Medium Resolution Spectroscopy|SCIENCE|20|1|1|4|5|NULL|NULL|NULL|1|4-POINT|NULL|4|NULL|NULL|4|NULL|MIRIFU_CHANNEL1A|2026_1b|FULL|NULL|NULL|SHORT|NULL|NULL|[('o001', 'OBSERVATION')]|NULL|NULL|NULL|F|F|NULL|NULL|NULL|OFF|NULL|NULL|NULL|NULL|1|18|NONE
jw01257001001_02109_00004_mirifushort_uncal.fits|V01257001001P0000000002109|1257|1|1|01257001001|2|PRIME_TARGETED_FIXED|1|09|4|MIR_MRS|288|17|MIRI|MIRIFUSHORT|12|1|HH211|HH211|FIXED|MIRI Medium Resolution Spectroscopy|SCIENCE|20|1|1|4|5|NULL|NULL|NULL|1|4-POINT|NULL|4|NULL|NULL|4|NULL|MIRIFU_CHANNEL1A|2026_1b|FULL|NULL|NULL|SHORT|NULL|NULL|[('o001', 'OBSERVATION')]|NULL|NULL|NULL|F|F|NULL|NULL|NULL|OFF|NULL|NULL|NULL|NULL|1|18|NONE
jw01257001001_0210b_00001_mirifulong_uncal.fits|V01257001001P000000000210B|1257|1|1|01257001001|2|PRIME_TARGETED_FIXED|1|0B|1|MIR_MRS|288|21|MIRI|MIRIFULONG|34|1|HH211|HH211|FIXED|MIRI Medium Resolution Spectroscopy|SCIENCE|21|1|1|1|6|NULL|NULL|NULL|1|4-POINT|NULL|4|NULL|NULL|1|NULL|MIRIFU_CHANNEL1A|2026_1b|FULL|NULL|NULL|SHORT|NULL|NULL|[('o001', 'OBSERVATION')]|NULL|NULL|NULL|F|F|NULL|NULL|NULL|OFF|NULL|NULL|NULL|NULL|1|18|NONE
jw01257001001_0210b_00001_mirifushort_uncal.fits|V01257001001P000000000210B|1257|1|1|01257001001|2|PRIME_TARGETED_FIXED|1|0B|1|MIR_MRS|288|21|MIRI|MIRIFUSHORT|12|1|HH211|HH211|FIXED|MIRI Medium Resolution Spectroscopy|SCIENCE|21|1|1|1|6|NULL|NULL|NULL|1|4-POINT|NULL|4|NULL|NULL|1|NULL|MIRIFU_CHANNEL1A|2026_1b|FULL|NULL|NULL|SHORT|NULL|NULL|[('o001', 'OBSERVATION')]|NULL|NULL|NULL|F|F|NULL|NULL|NULL|OFF|NULL|NULL|NULL|NULL|1|18|NONE
jw01257001001_0210b_00002_mirifulong_uncal.fits|V01257001001P000000000210B|1257|1|1|01257001001|2|PRIME_TARGETED_FIXED|1|0B|2|MIR_MRS|288|21|MIRI|MIRIFULONG|34|1|HH211|HH211|FIXED|MIRI Medium Resolution Spectroscopy|SCIENCE|22|1|1|2|6|NULL|NULL|NULL|1|4-POINT|NULL|4|NULL|NULL|2|NULL|MIRIFU_CHANNEL1A|2026_1b|FULL|NULL|NULL|SHORT|NULL|NULL|[('o001', 'OBSERVATION')]|NULL|NULL|NULL|F|F|NULL|NULL|NULL|OFF|NULL|NULL|NULL|NULL|1|18|NONE
jw01257001001_0210b_00002_mirifushort_uncal.fits|V01257001001P000000000210B|1257|1|1|01257001001|2|PRIME_TARGETED_FIXED|1|0B|2|MIR_MRS|288|21|MIRI|MIRIFUSHORT|12|1|HH211|HH211|FIXED|MIRI Medium Resolution Spectroscopy|SCIENCE|22|1|1|2|6|NULL|NULL|NULL|1|4-POINT|NULL|4|NULL|NULL|2|NULL|MIRIFU_CHANNEL1A|2026_1b|FULL|NULL|NULL|SHORT|NULL|NULL|[('o001', 'OBSERVATION')]|NULL|NULL|NULL|F|F|NULL|NULL|NULL|OFF|NULL|NULL|NULL|NULL|1|18|NONE
jw01257001001_0210b_00003_mirifulong_uncal.fits|V01257001001P000000000210B|1257|1|1|01257001001|2|PRIME_TARGETED_FIXED|1|0B|3|MIR_MRS|288|21|MIRI|MIRIFULONG|34|1|HH211|HH211|FIXED|MIRI Medium Resolution Spectroscopy|SCIENCE|23|1|1|3|6|NULL|NULL|NULL|1|4-POINT|NULL|4|NULL|NULL|3|NULL|MIRIFU_CHANNEL1A|2026_1b|FULL|NULL|NULL|SHORT|NULL|NULL|[('o001', 'OBSERVATION')]|NULL|NULL|NULL|F|F|NULL|NULL|NULL|OFF|NULL|NULL|NULL|NULL|1|18|NONE
jw01257001001_0210b_00003_mirifushort_uncal.fits|V01257001001P000000000210B|1257|1|1|01257001001|2|PRIME_TARGETED_FIXED|1|0B|3|MIR_MRS|288|21|MIRI|MIRIFUSHORT|12|1|HH211|HH211|FIXED|MIRI Medium Resolution Spectroscopy|SCIENCE|23|1|1|3|6|NULL|NULL|NULL|1|4-POINT|NULL|4|NULL|NULL|3|NULL|MIRIFU_CHANNEL1A|2026_1b|FULL|NULL|NULL|SHORT|NULL|NULL|[('o001', 'OBSERVATION')]|NULL|NULL|NULL|F|F|NULL|NULL|NULL|OFF|NULL|NULL|NULL|NULL|1|18|NONE
jw01257001001_0210b_00004_mirifulong_uncal.fits|V01257001001P000000000210B|1257|1|1|01257001001|2|PRIME_TARGETED_FIXED|1|0B|4|MIR_MRS|288|21|MIRI|MIRIFULONG|34|1|HH211|HH211|FIXED|MIRI Medium Resolution Spectroscopy|SCIENCE|24|1|1|4|6|NULL|NULL|NULL|1|4-POINT|NULL|4|NULL|NULL|4|NULL|MIRIFU_CHANNEL1A|2026_1b|FULL|NULL|NULL|SHORT|NULL|NULL|[('o001', 'OBSERVATION')]|NULL|NULL|NULL|F|F|NULL|NULL|NULL|OFF|NULL|NULL|NULL|NULL|1|18|NONE
jw01257001001_0210b_00004_mirifushort_uncal.fits|V01257001001P000000000210B|1257|1|1|01257001001|2|PRIME_TARGETED_FIXED|1|0B|4|MIR_MRS|288|21|MIRI|MIRIFUSHORT|12|1|HH211|HH211|FIXED|MIRI Medium Resolution Spectroscopy|SCIENCE|24|1|1|4|6|NULL|NULL|NULL|1|4-POINT|NULL|4|NULL|NULL|4|NULL|MIRIFU_CHANNEL1A|2026_1b|FULL|NULL|NULL|SHORT|NULL|NULL|[('o001', 'OBSERVATION')]|NULL|NULL|NULL|F|F|NULL|NULL|NULL|OFF|NULL|NULL|NULL|NULL|1|18|NONE
jw01257001001_0210d_00001_mirifulong_uncal.fits|V01257001001P000000000210D|1257|1|1|01257001001|2|PRIME_TARGETED_FIXED|1|0D|1|MIR_MRS|288|25|MIRI|MIRIFULONG|34|1|HH211|HH211|FIXED|MIRI Medium Resolution Spectroscopy|SCIENCE|25|1|1|1|7|NULL|NULL|NULL|1|4-POINT|NULL|4|NULL|NULL|1|NULL|MIRIFU_CHANNEL1A|2026_1b|FULL|NULL|NULL|SHORT|NULL|NULL|[('o001', 'OBSERVATION')]|NULL|NULL|NULL|F|F|NULL|NULL|NULL|OFF|NULL|NULL|NULL|NULL|1|18|NONE
jw01257001001_0210d_00001_mirifushort_uncal.fits|V01257001001P000000000210D|1257|1|1|01257001001|2|PRIME_TARGETED_FIXED|1|0D|1|MIR_MRS|288|25|MIRI|MIRIFUSHORT|12|1|HH211|HH211|FIXED|MIRI Medium Resolution Spectroscopy|SCIENCE|25|1|1|1|7|NULL|NULL|NULL|1|4-POINT|NULL|4|NULL|NULL|1|NULL|MIRIFU_CHANNEL1A|2026_1b|FULL|NULL|NULL|SHORT|NULL|NULL|[('o001', 'OBSERVATION')]|NULL|NULL|NULL|F|F|NULL|NULL|NULL|OFF|NULL|NULL|NULL|NULL|1|18|NONE
jw01257001001_0210d_00002_mirifulong_uncal.fits|V01257001001P000000000210D|1257|1|1|01257001001|2|PRIME_TARGETED_FIXED|1|0D|2|MIR_MRS|288|25|MIRI|MIRIFULONG|34|1|HH211|HH211|FIXED|MIRI Medium Resolution Spectroscopy|SCIENCE|26|1|1|2|7|NULL|NULL|NULL|1|4-POINT|NULL|4|NULL|NULL|2|NULL|MIRIFU_CHANNEL1A|2026_1b|FULL|NULL|NULL|SHORT|NULL|NULL|[('o001', 'OBSERVATION')]|NULL|NULL|NULL|F|F|NULL|NULL|NULL|OFF|NULL|NULL|NULL|NULL|1|18|NONE
jw01257001001_0210d_00002_mirifushort_uncal.fits|V01257001001P000000000210D|1257|1|1|01257001001|2|PRIME_TARGETED_FIXED|1|0D|2|MIR_MRS|288|25|MIRI|MIRIFUSHORT|12|1|HH211|HH211|FIXED|MIRI Medium Resolution Spectroscopy|SCIENCE|26|1|1|2|7|NULL|NULL|NULL|1|4-POINT|NULL|4|NULL|NULL|2|NULL|MIRIFU_CHANNEL1A|2026_1b|FULL|NULL|NULL|SHORT|NULL|NULL|[('o001', 'OBSERVATION')]|NULL|NULL|NULL|F|F|NULL|NULL|NULL|OFF|NULL|NULL|NULL|NULL|1|18|NONE
jw01257001001_0210d_00003_mirifulong_uncal.fits|V01257001001P000000000210D|1257|1|1|01257001001|2|PRIME_TARGETED_FIXED|1|0D|3|MIR_MRS|288|25|MIRI|MIRIFULONG|34|1|HH211|HH211|FIXED|MIRI Medium Resolution Spectroscopy|SCIENCE|27|1|1|3|7|NULL|NULL|NULL|1|4-POINT|NULL|4|NULL|NULL|3|NULL|MIRIFU_CHANNEL1A|2026_1b|FULL|NULL|NULL|SHORT|NULL|NULL|[('o001', 'OBSERVATION')]|NULL|NULL|NULL|F|F|NULL|NULL|NULL|OFF|NULL|NULL|NULL|NULL|1|18|NONE
jw01257001001_0210d_00003_mirifushort_uncal.fits|V01257001001P000000000210D|1257|1|1|01257001001|2|PRIME_TARGETED_FIXED|1|0D|3|MIR_MRS|288|25|MIRI|MIRIFUSHORT|12|1|HH211|HH211|FIXED|MIRI Medium Resolution Spectroscopy|SCIENCE|27|1|1|3|7|NULL|NULL|NULL|1|4-POINT|NULL|4|NULL|NULL|3|NULL|MIRIFU_CHANNEL1A|2026_1b|FULL|NULL|NULL|SHORT|NULL|NULL|[('o001', 'OBSERVATION')]|NULL|NULL|NULL|F|F|NULL|NULL|NULL|OFF|NULL|NULL|NULL|NULL|1|18|NONE
jw01257001001_0210d_00004_mirifulong_uncal.fits|V01257001001P000000000210D|1257|1|1|01257001001|2|PRIME_TARGETED_FIXED|1|0D|4|MIR_MRS|288|25|MIRI|MIRIFULONG|34|1|HH211|HH211|FIXED|MIRI Medium Resolution Spectroscopy|SCIENCE|28|1|1|4|7|NULL|NULL|NULL|1|4-POINT|NULL|4|NULL|NULL|4|NULL|MIRIFU_CHANNEL1A|2026_1b|FULL|NULL|NULL|SHORT|NULL|NULL|[('o001', 'OBSERVATION')]|NULL|NULL|NULL|F|F|NULL|NULL|NULL|OFF|NULL|NULL|NULL|NULL|1|18|NONE
jw01257001001_0210d_00004_mirifushort_uncal.fits|V01257001001P000000000210D|1257|1|1|01257001001|2|PRIME_TARGETED_FIXED|1|0D|4|MIR_MRS|288|25|MIRI|MIRIFUSHORT|12|1|HH211|HH211|FIXED|MIRI Medium Resolution Spectroscopy|SCIENCE|28|1|1|4|7|NULL|NULL|NULL|1|4-POINT|NULL|4|NULL|NULL|4|NULL|MIRIFU_CHANNEL1A|2026_1b|FULL|NULL|NULL|SHORT|NULL|NULL|[('o001', 'OBSERVATION')]|NULL|NULL|NULL|F|F|NULL|NULL|NULL|OFF|NULL|NULL|NULL|NULL|1|18|NONE
jw01257001001_0210f_00001_mirifulong_uncal.fits|V01257001001P000000000210F|1257|1|1|01257001001|2|PRIME_TARGETED_FIXED|1|0F|1|MIR_MRS|288|29|MIRI|MIRIFULONG|34|1|HH211|HH211|FIXED|MIRI Medium Resolution Spectroscopy|SCIENCE|29|1|1|1|8|NULL|NULL|NULL|1|4-POINT|NULL|4|NULL|NULL|1|NULL|MIRIFU_CHANNEL1A|2026_1b|FULL|NULL|NULL|SHORT|NULL|NULL|[('o001', 'OBSERVATION')]|NULL|NULL|NULL|F|F|NULL|NULL|NULL|OFF|NULL|NULL|NULL|NULL|1|18|NONE
jw01257001001_0210f_00001_mirifushort_uncal.fits|V01257001001P000000000210F|1257|1|1|01257001001|2|PRIME_TARGETED_FIXED|1|0F|1|MIR_MRS|288|29|MIRI|MIRIFUSHORT|12|1|HH211|HH211|FIXED|MIRI Medium Resolution Spectroscopy|SCIENCE|29|1|1|1|8|NULL|NULL|NULL|1|4-POINT|NULL|4|NULL|NULL|1|NULL|MIRIFU_CHANNEL1A|2026_1b|FULL|NULL|NULL|SHORT|NULL|NULL|[('o001', 'OBSERVATION')]|NULL|NULL|NULL|F|F|NULL|NULL|NULL|OFF|NULL|NULL|NULL|NULL|1|18|NONE
jw01257001001_0210f_00002_mirifulong_uncal.fits|V01257001001P000000000210F|1257|1|1|01257001001|2|PRIME_TARGETED_FIXED|1|0F|2|MIR_MRS|288|29|MIRI|MIRIFULONG|34|1|HH211|HH211|FIXED|MIRI Medium Resolution Spectroscopy|SCIENCE|30|1|1|2|8|NULL|NULL|NULL|1|4-POINT|NULL|4|NULL|NULL|2|NULL|MIRIFU_CHANNEL1A|2026_1b|FULL|NULL|NULL|SHORT|NULL|NULL|[('o001', 'OBSERVATION')]|NULL|NULL|NULL|F|F|NULL|NULL|NULL|OFF|NULL|NULL|NULL|NULL|1|18|NONE
jw01257001001_0210f_00002_mirifushort_uncal.fits|V01257001001P000000000210F|1257|1|1|01257001001|2|PRIME_TARGETED_FIXED|1|0F|2|MIR_MRS|288|29|MIRI|MIRIFUSHORT|12|1|HH211|HH211|FIXED|MIRI Medium Resolution Spectroscopy|SCIENCE|30|1|1|2|8|NULL|NULL|NULL|1|4-POINT|NULL|4|NULL|NULL|2|NULL|MIRIFU_CHANNEL1A|2026_1b|FULL|NULL|NULL|SHORT|NULL|NULL|[('o001', 'OBSERVATION')]|NULL|NULL|NULL|F|F|NULL|NULL|NULL|OFF|NULL|NULL|NULL|NULL|1|18|NONE
jw01257001001_0210f_00003_mirifulong_uncal.fits|V01257001001P000000000210F|1257|1|1|01257001001|2|PRIME_TARGETED_FIXED|1|0F|3|MIR_MRS|288|29|MIRI|MIRIFULONG|34|1|HH211|HH211|FIXED|MIRI Medium Resolution Spectroscopy|SCIENCE|31|1|1|3|8|NULL|NULL|NULL|1|4-POINT|NULL|4|NULL|NULL|3|NULL|MIRIFU_CHANNEL1A|2026_1b|FULL|NULL|NULL|SHORT|NULL|NULL|[('o001', 'OBSERVATION')]|NULL|NULL|NULL|F|F|NULL|NULL|NULL|OFF|NULL|NULL|NULL|NULL|1|18|NONE
jw01257001001_0210f_00003_mirifushort_uncal.fits|V01257001001P000000000210F|1257|1|1|01257001001|2|PRIME_TARGETED_FIXED|1|0F|3|MIR_MRS|288|29|MIRI|MIRIFUSHORT|12|1|HH211|HH211|FIXED|MIRI Medium Resolution Spectroscopy|SCIENCE|31|1|1|3|8|NULL|NULL|NULL|1|4-POINT|NULL|4|NULL|NULL|3|NULL|MIRIFU_CHANNEL1A|2026_1b|FULL|NULL|NULL|SHORT|NULL|NULL|[('o001', 'OBSERVATION')]|NULL|NULL|NULL|F|F|NULL|NULL|NULL|OFF|NULL|NULL|NULL|NULL|1|18|NONE
jw01257001001_0210f_00004_mirifulong_uncal.fits|V01257001001P000000000210F|1257|1|1|01257001001|2|PRIME_TARGETED_FIXED|1|0F|4|MIR_MRS|288|29|MIRI|MIRIFULONG|34|1|HH211|HH211|FIXED|MIRI Medium Resolution Spectroscopy|SCIENCE|32|1|1|4|8|NULL|NULL|NULL|1|4-POINT|NULL|4|NULL|NULL|4|NULL|MIRIFU_CHANNEL1A|2026_1b|FULL|NULL|NULL|SHORT|NULL|NULL|[('o001', 'OBSERVATION')]|NULL|NULL|NULL|F|F|NULL|NULL|NULL|OFF|NULL|NULL|NULL|NULL|1|18|NONE
jw01257001001_0210f_00004_mirifushort_uncal.fits|V01257001001P000000000210F|1257|1|1|01257001001|2|PRIME_TARGETED_FIXED|1|0F|4|MIR_MRS|288|29|MIRI|MIRIFUSHORT|12|1|HH211|HH211|FIXED|MIRI Medium Resolution Spectroscopy|SCIENCE|32|1|1|4|8|NULL|NULL|NULL|1|4-POINT|NULL|4|NULL|NULL|4|NULL|MIRIFU_CHANNEL1A|2026_1b|FULL|NULL|NULL|SHORT|NULL|NULL|[('o001', 'OBSERVATION')]|NULL|NULL|NULL|F|F|NULL|NULL|NULL|OFF|NULL|NULL|NULL|NULL|1|18|NONE
jw01257001001_0210h_00001_mirifulong_uncal.fits|V01257001001P000000000210H|1257|1|1|01257001001|2|PRIME_TARGETED_FIXED|1|0H|1|MIR_MRS|288|33|MIRI|MIRIFULONG|34|1|HH211|HH211|FIXED|MIRI Medium Resolution Spectroscopy|SCIENCE|33|1|1|1|9|NULL|NULL|NULL|1|4-POINT|NULL|4|NULL|NULL|1|NULL|MIRIFU_CHANNEL1A|2026_1b|FULL|NULL|NULL|SHORT|NULL|NULL|[('o001', 'OBSERVATION')]|NULL|NULL|NULL|F|F|NULL|NULL|NULL|OFF|NULL|NULL|NULL|NULL|1|18|NONE
jw01257001001_0210h_00001_mirifushort_uncal.fits|V01257001001P000000000210H|1257|1|1|01257001001|2|PRIME_TARGETED_FIXED|1|0H|1|MIR_MRS|288|33|MIRI|MIRIFUSHORT|12|1|HH211|HH211|FIXED|MIRI Medium Resolution Spectroscopy|SCIENCE|33|1|1|1|9|NULL|NULL|NULL|1|4-POINT|NULL|4|NULL|NULL|1|NULL|MIRIFU_CHANNEL1A|2026_1b|FULL|NULL|NULL|SHORT|NULL|NULL|[('o001', 'OBSERVATION')]|NULL|NULL|NULL|F|F|NULL|NULL|NULL|OFF|NULL|NULL|NULL|NULL|1|18|NONE
jw01257001001_0210h_00002_mirifulong_uncal.fits|V01257001001P000000000210H|1257|1|1|01257001001|2|PRIME_TARGETED_FIXED|1|0H|2|MIR_MRS|288|33|MIRI|MIRIFULONG|34|1|HH211|HH211|FIXED|MIRI Medium Resolution Spectroscopy|SCIENCE|34|1|1|2|9|NULL|NULL|NULL|1|4-POINT|NULL|4|NULL|NULL|2|NULL|MIRIFU_CHANNEL1A|2026_1b|FULL|NULL|NULL|SHORT|NULL|NULL|[('o001', 'OBSERVATION')]|NULL|NULL|NULL|F|F|NULL|NULL|NULL|OFF|NULL|NULL|NULL|NULL|1|18|NONE
jw01257001001_0210h_00002_mirifushort_uncal.fits|V01257001001P000000000210H|1257|1|1|01257001001|2|PRIME_TARGETED_FIXED|1|0H|2|MIR_MRS|288|33|MIRI|MIRIFUSHORT|12|1|HH211|HH211|FIXED|MIRI Medium Resolution Spectroscopy|SCIENCE|34|1|1|2|9|NULL|NULL|NULL|1|4-POINT|NULL|4|NULL|NULL|2|NULL|MIRIFU_CHANNEL1A|2026_1b|FULL|NULL|NULL|SHORT|NULL|NULL|[('o001', 'OBSERVATION')]|NULL|NULL|NULL|F|F|NULL|NULL|NULL|OFF|NULL|NULL|NULL|NULL|1|18|NONE
jw01257001001_0210h_00003_mirifulong_uncal.fits|V01257001001P000000000210H|1257|1|1|01257001001|2|PRIME_TARGETED_FIXED|1|0H|3|MIR_MRS|288|33|MIRI|MIRIFULONG|34|1|HH211|HH211|FIXED|MIRI Medium Resolution Spectroscopy|SCIENCE|35|1|1|3|9|NULL|NULL|NULL|1|4-POINT|NULL|4|NULL|NULL|3|NULL|MIRIFU_CHANNEL1A|2026_1b|FULL|NULL|NULL|SHORT|NULL|NULL|[('o001', 'OBSERVATION')]|NULL|NULL|NULL|F|F|NULL|NULL|NULL|OFF|NULL|NULL|NULL|NULL|1|18|NONE
jw01257001001_0210h_00003_mirifushort_uncal.fits|V01257001001P000000000210H|1257|1|1|01257001001|2|PRIME_TARGETED_FIXED|1|0H|3|MIR_MRS|288|33|MIRI|MIRIFUSHORT|12|1|HH211|HH211|FIXED|MIRI Medium Resolution Spectroscopy|SCIENCE|35|1|1|3|9|NULL|NULL|NULL|1|4-POINT|NULL|4|NULL|NULL|3|NULL|MIRIFU_CHANNEL1A|2026_1b|FULL|NULL|NULL|SHORT|NULL|NULL|[('o001', 'OBSERVATION')]|NULL|NULL|NULL|F|F|NULL|NULL|NULL|OFF|NULL|NULL|NULL|NULL|1|18|NONE
jw01257001001_0210h_00004_mirifulong_uncal.fits|V01257001001P000000000210H|1257|1|1|01257001001|2|PRIME_TARGETED_FIXED|1|0H|4|MIR_MRS|288|33|MIRI|MIRIFULONG|34|1|HH211|HH211|FIXED|MIRI Medium Resolution Spectroscopy|SCIENCE|36|1|1|4|9|NULL|NULL|NULL|1|4-POINT|NULL|4|NULL|NULL|4|NULL|MIRIFU_CHANNEL1A|2026_1b|FULL|NULL|NULL|SHORT|NULL|NULL|[('o001', 'OBSERVATION')]|NULL|NULL|NULL|F|F|NULL|NULL|NULL|OFF|NULL|NULL|NULL|NULL|1|18|NONE
jw01257001001_0210h_00004_mirifushort_uncal.fits|V01257001001P000000000210H|1257|1|1|01257001001|2|PRIME_TARGETED_FIXED|1|0H|4|MIR_MRS|288|33|MIRI|MIRIFUSHORT|12|1|HH211|HH211|FIXED|MIRI Medium Resolution Spectroscopy|SCIENCE|36|1|1|4|9|NULL|NULL|NULL|1|4-POINT|NULL|4|NULL|NULL|4|NULL|MIRIFU_CHANNEL1A|2026_1b|FULL|NULL|NULL|SHORT|NULL|NULL|[('o001', 'OBSERVATION')]|NULL|NULL|NULL|F|F|NULL|NULL|NULL|OFF|NULL|NULL|NULL|NULL|1|18|NONE
jw01257001001_0210j_00001_mirifulong_uncal.fits|V01257001001P000000000210J|1257|1|1|01257001001|2|PRIME_TARGETED_FIXED|1|0J|1|MIR_MRS|288|37|MIRI|MIRIFULONG|34|1|HH211|HH211|FIXED|MIRI Medium Resolution Spectroscopy|SCIENCE|37|1|1|1|10|NULL|NULL|NULL|1|4-POINT|NULL|4|NULL|NULL|1|NULL|MIRIFU_CHANNEL1A|2026_1b|FULL|NULL|NULL|SHORT|NULL|NULL|[('o001', 'OBSERVATION')]|NULL|NULL|NULL|F|F|NULL|NULL|NULL|OFF|NULL|NULL|NULL|NULL|1|18|NONE
jw01257001001_0210j_00001_mirifushort_uncal.fits|V01257001001P000000000210J|1257|1|1|01257001001|2|PRIME_TARGETED_FIXED|1|0J|1|MIR_MRS|288|37|MIRI|MIRIFUSHORT|12|1|HH211|HH211|FIXED|MIRI Medium Resolution Spectroscopy|SCIENCE|37|1|1|1|10|NULL|NULL|NULL|1|4-POINT|NULL|4|NULL|NULL|1|NULL|MIRIFU_CHANNEL1A|2026_1b|FULL|NULL|NULL|SHORT|NULL|NULL|[('o001', 'OBSERVATION')]|NULL|NULL|NULL|F|F|NULL|NULL|NULL|OFF|NULL|NULL|NULL|NULL|1|18|NONE
jw01257001001_0210j_00002_mirifulong_uncal.fits|V01257001001P000000000210J|1257|1|1|01257001001|2|PRIME_TARGETED_FIXED|1|0J|2|MIR_MRS|288|37|MIRI|MIRIFULONG|34|1|HH211|HH211|FIXED|MIRI Medium Resolution Spectroscopy|SCIENCE|38|1|1|2|10|NULL|NULL|NULL|1|4-POINT|NULL|4|NULL|NULL|2|NULL|MIRIFU_CHANNEL1A|2026_1b|FULL|NULL|NULL|SHORT|NULL|NULL|[('o001', 'OBSERVATION')]|NULL|NULL|NULL|F|F|NULL|NULL|NULL|OFF|NULL|NULL|NULL|NULL|1|18|NONE
jw01257001001_0210j_00002_mirifushort_uncal.fits|V01257001001P000000000210J|1257|1|1|01257001001|2|PRIME_TARGETED_FIXED|1|0J|2|MIR_MRS|288|37|MIRI|MIRIFUSHORT|12|1|HH211|HH211|FIXED|MIRI Medium Resolution Spectroscopy|SCIENCE|38|1|1|2|10|NULL|NULL|NULL|1|4-POINT|NULL|4|NULL|NULL|2|NULL|MIRIFU_CHANNEL1A|2026_1b|FULL|NULL|NULL|SHORT|NULL|NULL|[('o001', 'OBSERVATION')]|NULL|NULL|NULL|F|F|NULL|NULL|NULL|OFF|NULL|NULL|NULL|NULL|1|18|NONE
jw01257001001_0210j_00003_mirifulong_uncal.fits|V01257001001P000000000210J|1257|1|1|01257001001|2|PRIME_TARGETED_FIXED|1|0J|3|MIR_MRS|288|37|MIRI|MIRIFULONG|34|1|HH211|HH211|FIXED|MIRI Medium Resolution Spectroscopy|SCIENCE|39|1|1|3|10|NULL|NULL|NULL|1|4-POINT|NULL|4|NULL|NULL|3|NULL|MIRIFU_CHANNEL1A|2026_1b|FULL|NULL|NULL|SHORT|NULL|NULL|[('o001', 'OBSERVATION')]|NULL|NULL|NULL|F|F|NULL|NULL|NULL|OFF|NULL|NULL|NULL|NULL|1|18|NONE
jw01257001001_0210j_00003_mirifushort_uncal.fits|V01257001001P000000000210J|1257|1|1|01257001001|2|PRIME_TARGETED_FIXED|1|0J|3|MIR_MRS|288|37|MIRI|MIRIFUSHORT|12|1|HH211|HH211|FIXED|MIRI Medium Resolution Spectroscopy|SCIENCE|39|1|1|3|10|NULL|NULL|NULL|1|4-POINT|NULL|4|NULL|NULL|3|NULL|MIRIFU_CHANNEL1A|2026_1b|FULL|NULL|NULL|SHORT|NULL|NULL|[('o001', 'OBSERVATION')]|NULL|NULL|NULL|F|F|NULL|NULL|NULL|OFF|NULL|NULL|NULL|NULL|1|18|NONE
jw01257001001_0210j_00004_mirifulong_uncal.fits|V01257001001P000000000210J|1257|1|1|01257001001|2|PRIME_TARGETED_FIXED|1|0J|4|MIR_MRS|288|37|MIRI|MIRIFULONG|34|1|HH211|HH211|FIXED|MIRI Medium Resolution Spectroscopy|SCIENCE|40|1|1|4|10|NULL|NULL|NULL|1|4-POINT|NULL|4|NULL|NULL|4|NULL|MIRIFU_CHANNEL1A|2026_1b|FULL|NULL|NULL|SHORT|NULL|NULL|[('o001', 'OBSERVATION')]|NULL|NULL|NULL|F|F|NULL|NULL|NULL|OFF|NULL|NULL|NULL|NULL|1|18|NONE
jw01257001001_0210j_00004_mirifushort_uncal.fits|V01257001001P000000000210J|1257|1|1|01257001001|2|PRIME_TARGETED_FIXED|1|0J|4|MIR_MRS|288|37|MIRI|MIRIFUSHORT|12|1|HH211|HH211|FIXED|MIRI Medium Resolution Spectroscopy|SCIENCE|40|1|1|4|10|NULL|NULL|NULL|1|4-POINT|NULL|4|NULL|NULL|4|NULL|MIRIFU_CHANNEL1A|2026_1b|FULL|NULL|NULL|SHORT|NULL|NULL|[('o001', 'OBSERVATION')]|NULL|NULL|NULL|F|F|NULL|NULL|NULL|OFF|NULL|NULL|NULL|NULL|1|18|NONE
jw01257001001_0210l_00001_mirifulong_uncal.fits|V01257001001P000000000210L|1257|1|1|01257001001|2|PRIME_TARGETED_FIXED|1|0L|1|MIR_MRS|288|41|MIRI|MIRIFULONG|34|1|HH211|HH211|FIXED|MIRI Medium Resolution Spectroscopy|SCIENCE|41|1|1|1|11|NULL|NULL|NULL|1|4-POINT|NULL|4|NULL|NULL|1|NULL|MIRIFU_CHANNEL1A|2026_1b|FULL|NULL|NULL|SHORT|NULL|NULL|[('o001', 'OBSERVATION')]|NULL|NULL|NULL|F|F|NULL|NULL|NULL|OFF|NULL|NULL|NULL|NULL|1|18|NONE
jw01257001001_0210l_00001_mirifushort_uncal.fits|V01257001001P000000000210L|1257|1|1|01257001001|2|PRIME_TARGETED_FIXED|1|0L|1|MIR_MRS|288|41|MIRI|MIRIFUSHORT|12|1|HH211|HH211|FIXED|MIRI Medium Resolution Spectroscopy|SCIENCE|41|1|1|1|11|NULL|NULL|NULL|1|4-POINT|NULL|4|NULL|NULL|1|NULL|MIRIFU_CHANNEL1A|2026_1b|FULL|NULL|NULL|SHORT|NULL|NULL|[('o001', 'OBSERVATION')]|NULL|NULL|NULL|F|F|NULL|NULL|NULL|OFF|NULL|NULL|NULL|NULL|1|18|NONE
jw01257001001_0210l_00002_mirifulong_uncal.fits|V01257001001P000000000210L|1257|1|1|01257001001|2|PRIME_TARGETED_FIXED|1|0L|2|MIR_MRS|288|41|MIRI|MIRIFULONG|34|1|HH211|HH211|FIXED|MIRI Medium Resolution Spectroscopy|SCIENCE|42|1|1|2|11|NULL|NULL|NULL|1|4-POINT|NULL|4|NULL|NULL|2|NULL|MIRIFU_CHANNEL1A|2026_1b|FULL|NULL|NULL|SHORT|NULL|NULL|[('o001', 'OBSERVATION')]|NULL|NULL|NULL|F|F|NULL|NULL|NULL|OFF|NULL|NULL|NULL|NULL|1|18|NONE
jw01257001001_0210l_00002_mirifushort_uncal.fits|V01257001001P000000000210L|1257|1|1|01257001001|2|PRIME_TARGETED_FIXED|1|0L|2|MIR_MRS|288|41|MIRI|MIRIFUSHORT|12|1|HH211|HH211|FIXED|MIRI Medium Resolution Spectroscopy|SCIENCE|42|1|1|2|11|NULL|NULL|NULL|1|4-POINT|NULL|4|NULL|NULL|2|NULL|MIRIFU_CHANNEL1A|2026_1b|FULL|NULL|NULL|SHORT|NULL|NULL|[('o001', 'OBSERVATION')]|NULL|NULL|NULL|F|F|NULL|NULL|NULL|OFF|NULL|NULL|NULL|NULL|1|18|NONE
jw01257001001_0210l_00003_mirifulong_uncal.fits|V01257001001P000000000210L|1257|1|1|01257001001|2|PRIME_TARGETED_FIXED|1|0L|3|MIR_MRS|288|41|MIRI|MIRIFULONG|34|1|HH211|HH211|FIXED|MIRI Medium Resolution Spectroscopy|SCIENCE|43|1|1|3|11|NULL|NULL|NULL|1|4-POINT|NULL|4|NULL|NULL|3|NULL|MIRIFU_CHANNEL1A|2026_1b|FULL|NULL|NULL|SHORT|NULL|NULL|[('o001', 'OBSERVATION')]|NULL|NULL|NULL|F|F|NULL|NULL|NULL|OFF|NULL|NULL|NULL|NULL|1|18|NONE
jw01257001001_0210l_00003_mirifushort_uncal.fits|V01257001001P000000000210L|1257|1|1|01257001001|2|PRIME_TARGETED_FIXED|1|0L|3|MIR_MRS|288|41|MIRI|MIRIFUSHORT|12|1|HH211|HH211|FIXED|MIRI Medium Resolution Spectroscopy|SCIENCE|43|1|1|3|11|NULL|NULL|NULL|1|4-POINT|NULL|4|NULL|NULL|3|NULL|MIRIFU_CHANNEL1A|2026_1b|FULL|NULL|NULL|SHORT|NULL|NULL|[('o001', 'OBSERVATION')]|NULL|NULL|NULL|F|F|NULL|NULL|NULL|OFF|NULL|NULL|NULL|NULL|1|18|NONE
jw01257001001_0210l_00004_mirifulong_uncal.fits|V01257001001P000000000210L|1257|1|1|01257001001|2|PRIME_TARGETED_FIXED|1|0L|4|MIR_MRS|288|41|MIRI|MIRIFULONG|34|1|HH211|HH211|FIXED|MIRI Medium Resolution Spectroscopy|SCIENCE|44|1|1|4|11|NULL|NULL|NULL|1|4-POINT|NULL|4|NULL|NULL|4|NULL|MIRIFU_CHANNEL1A|2026_1b|FULL|NULL|NULL|SHORT|NULL|NULL|[('o001', 'OBSERVATION')]|NULL|NULL|NULL|F|F|NULL|NULL|NULL|OFF|NULL|NULL|NULL|NULL|1|18|NONE
jw01257001001_0210l_00004_mirifushort_uncal.fits|V01257001001P000000000210L|1257|1|1|01257001001|2|PRIME_TARGETED_FIXED|1|0L|4|MIR_MRS|288|41|MIRI|MIRIFUSHORT|12|1|HH211|HH211|FIXED|MIRI Medium Resolution Spectroscopy|SCIENCE|44|1|1|4|11|NULL|NULL|NULL|1|4-POINT|NULL|4|NULL|NULL|4|NULL|MIRIFU_CHANNEL1A|2026_1b|FULL|NULL|NULL|SHORT|NULL|NULL|[('o001', 'OBSERVATION')]|NULL|NULL|NULL|F|F|NULL|NULL|NULL|OFF|NULL|NULL|NULL|NULL|1|18|NONE
jw01257001001_0210n_00001_mirifulong_uncal.fits|V01257001001P000000000210N|1257|1|1|01257001001|2|PRIME_TARGETED_FIXED|1|0N|1|MIR_MRS|288|45|MIRI|MIRIFULONG|34|1|HH211|HH211|FIXED|MIRI Medium Resolution Spectroscopy|SCIENCE|45|1|1|1|12|NULL|NULL|NULL|1|4-POINT|NULL|4|NULL|NULL|1|NULL|MIRIFU_CHANNEL1A|2026_1b|FULL|NULL|NULL|SHORT|NULL|NULL|[('o001', 'OBSERVATION')]|NULL|NULL|NULL|F|F|NULL|NULL|NULL|OFF|NULL|NULL|NULL|NULL|1|18|NONE
jw01257001001_0210n_00001_mirifushort_uncal.fits|V01257001001P000000000210N|1257|1|1|01257001001|2|PRIME_TARGETED_FIXED|1|0N|1|MIR_MRS|288|45|MIRI|MIRIFUSHORT|12|1|HH211|HH211|FIXED|MIRI Medium Resolution Spectroscopy|SCIENCE|45|1|1|1|12|NULL|NULL|NULL|1|4-POINT|NULL|4|NULL|NULL|1|NULL|MIRIFU_CHANNEL1A|2026_1b|FULL|NULL|NULL|SHORT|NULL|NULL|[('o001', 'OBSERVATION')]|NULL|NULL|NULL|F|F|NULL|NULL|NULL|OFF|NULL|NULL|NULL|NULL|1|18|NONE
jw01257001001_0210n_00002_mirifulong_uncal.fits|V01257001001P000000000210N|1257|1|1|01257001001|2|PRIME_TARGETED_FIXED|1|0N|2|MIR_MRS|288|45|MIRI|MIRIFULONG|34|1|HH211|HH211|FIXED|MIRI Medium Resolution Spectroscopy|SCIENCE|46|1|1|2|12|NULL|NULL|NULL|1|4-POINT|NULL|4|NULL|NULL|2|NULL|MIRIFU_CHANNEL1A|2026_1b|FULL|NULL|NULL|SHORT|NULL|NULL|[('o001', 'OBSERVATION')]|NULL|NULL|NULL|F|F|NULL|NULL|NULL|OFF|NULL|NULL|NULL|NULL|1|18|NONE
jw01257001001_0210n_00002_mirifushort_uncal.fits|V01257001001P000000000210N|1257|1|1|01257001001|2|PRIME_TARGETED_FIXED|1|0N|2|MIR_MRS|288|45|MIRI|MIRIFUSHORT|12|1|HH211|HH211|FIXED|MIRI Medium Resolution Spectroscopy|SCIENCE|46|1|1|2|12|NULL|NULL|NULL|1|4-POINT|NULL|4|NULL|NULL|2|NULL|MIRIFU_CHANNEL1A|2026_1b|FULL|NULL|NULL|SHORT|NULL|NULL|[('o001', 'OBSERVATION')]|NULL|NULL|NULL|F|F|NULL|NULL|NULL|OFF|NULL|NULL|NULL|NULL|1|18|NONE
jw01257001001_0210n_00003_mirifulong_uncal.fits|V01257001001P000000000210N|1257|1|1|01257001001|2|PRIME_TARGETED_FIXED|1|0N|3|MIR_MRS|288|45|MIRI|MIRIFULONG|34|1|HH211|HH211|FIXED|MIRI Medium Resolution Spectroscopy|SCIENCE|47|1|1|3|12|NULL|NULL|NULL|1|4-POINT|NULL|4|NULL|NULL|3|NULL|MIRIFU_CHANNEL1A|2026_1b|FULL|NULL|NULL|SHORT|NULL|NULL|[('o001', 'OBSERVATION')]|NULL|NULL|NULL|F|F|NULL|NULL|NULL|OFF|NULL|NULL|NULL|NULL|1|18|NONE
jw01257001001_0210n_00003_mirifushort_uncal.fits|V01257001001P000000000210N|1257|1|1|01257001001|2|PRIME_TARGETED_FIXED|1|0N|3|MIR_MRS|288|45|MIRI|MIRIFUSHORT|12|1|HH211|HH211|FIXED|MIRI Medium Resolution Spectroscopy|SCIENCE|47|1|1|3|12|NULL|NULL|NULL|1|4-POINT|NULL|4|NULL|NULL|3|NULL|MIRIFU_CHANNEL1A|2026_1b|FULL|NULL|NULL|SHORT|NULL|NULL|[('o001', 'OBSERVATION')]|NULL|NULL|NULL|F|F|NULL|NULL|NULL|OFF|NULL|NULL|NULL|NULL|1|18|NONE
jw01257001001_0210n_00004_mirifulong_uncal.fits|V01257001001P000000000210N|1257|1|1|01257001001|2|PRIME_TARGETED_FIXED|1|0N|4|MIR_MRS|288|45|MIRI|MIRIFULONG|34|1|HH211|HH211|FIXED|MIRI Medium Resolution Spectroscopy|SCIENCE|48|1|1|4|12|NULL|NULL|NULL|1|4-POINT|NULL|4|NULL|NULL|4|NULL|MIRIFU_CHANNEL1A|2026_1b|FULL|NULL|NULL|SHORT|NULL|NULL|[('o001', 'OBSERVATION')]|NULL|NULL|NULL|F|F|NULL|NULL|NULL|OFF|NULL|NULL|NULL|NULL|1|18|NONE
jw01257001001_0210n_00004_mirifushort_uncal.fits|V01257001001P000000000210N|1257|1|1|01257001001|2|PRIME_TARGETED_FIXED|1|0N|4|MIR_MRS|288|45|MIRI|MIRIFUSHORT|12|1|HH211|HH211|FIXED|MIRI Medium Resolution Spectroscopy|SCIENCE|48|1|1|4|12|NULL|NULL|NULL|1|4-POINT|NULL|4|NULL|NULL|4|NULL|MIRIFU_CHANNEL1A|2026_1b|FULL|NULL|NULL|SHORT|NULL|NULL|[('o001', 'OBSERVATION')]|NULL|NULL|NULL|F|F|NULL|NULL|NULL|OFF|NULL|NULL|NULL|NULL|1|18|NONE
jw01257001001_0210p_00001_mirifulong_uncal.fits|V01257001001P000000000210P|1257|1|1|01257001001|2|PRIME_TARGETED_FIXED|1|0P|1|MIR_MRS|288|49|MIRI|MIRIFULONG|34|1|HH211|HH211|FIXED|MIRI Medium Resolution Spectroscopy|SCIENCE|49|1|1|1|13|NULL|NULL|NULL|1|4-POINT|NULL|4|NULL|NULL|1|NULL|MIRIFU_CHANNEL1A|2026_1b|FULL|NULL|NULL|SHORT|NULL|NULL|[('o001', 'OBSERVATION')]|NULL|NULL|NULL|F|F|NULL|NULL|NULL|OFF|NULL|NULL|NULL|NULL|1|18|NONE
jw01257001001_0210p_00001_mirifushort_uncal.fits|V01257001001P000000000210P|1257|1|1|01257001001|2|PRIME_TARGETED_FIXED|1|0P|1|MIR_MRS|288|49|MIRI|MIRIFUSHORT|12|1|HH211|HH211|FIXED|MIRI Medium Resolution Spectroscopy|SCIENCE|49|1|1|1|13|NULL|NULL|NULL|1|4-POINT|NULL|4|NULL|NULL|1|NULL|MIRIFU_CHANNEL1A|2026_1b|FULL|NULL|NULL|SHORT|NULL|NULL|[('o001', 'OBSERVATION')]|NULL|NULL|NULL|F|F|NULL|NULL|NULL|OFF|NULL|NULL|NULL|NULL|1|18|NONE
jw01257001001_0210p_00002_mirifulong_uncal.fits|V01257001001P000000000210P|1257|1|1|01257001001|2|PRIME_TARGETED_FIXED|1|0P|2|MIR_MRS|288|49|MIRI|MIRIFULONG|34|1|HH211|HH211|FIXED|MIRI Medium Resolution Spectroscopy|SCIENCE|50|1|1|2|13|NULL|NULL|NULL|1|4-POINT|NULL|4|NULL|NULL|2|NULL|MIRIFU_CHANNEL1A|2026_1b|FULL|NULL|NULL|SHORT|NULL|NULL|[('o001', 'OBSERVATION')]|NULL|NULL|NULL|F|F|NULL|NULL|NULL|OFF|NULL|NULL|NULL|NULL|1|18|NONE
jw01257001001_0210p_00002_mirifushort_uncal.fits|V01257001001P000000000210P|1257|1|1|01257001001|2|PRIME_TARGETED_FIXED|1|0P|2|MIR_MRS|288|49|MIRI|MIRIFUSHORT|12|1|HH211|HH211|FIXED|MIRI Medium Resolution Spectroscopy|SCIENCE|50|1|1|2|13|NULL|NULL|NULL|1|4-POINT|NULL|4|NULL|NULL|2|NULL|MIRIFU_CHANNEL1A|2026_1b|FULL|NULL|NULL|SHORT|NULL|NULL|[('o001', 'OBSERVATION')]|NULL|NULL|NULL|F|F|NULL|NULL|NULL|OFF|NULL|NULL|NULL|NULL|1|18|NONE
jw01257001001_0210p_00003_mirifulong_uncal.fits|V01257001001P000000000210P|1257|1|1|01257001001|2|PRIME_TARGETED_FIXED|1|0P|3|MIR_MRS|288|49|MIRI|MIRIFULONG|34|1|HH211|HH211|FIXED|MIRI Medium Resolution Spectroscopy|SCIENCE|51|1|1|3|13|NULL|NULL|NULL|1|4-POINT|NULL|4|NULL|NULL|3|NULL|MIRIFU_CHANNEL1A|2026_1b|FULL|NULL|NULL|SHORT|NULL|NULL|[('o001', 'OBSERVATION')]|NULL|NULL|NULL|F|F|NULL|NULL|NULL|OFF|NULL|NULL|NULL|NULL|1|18|NONE
jw01257001001_0210p_00003_mirifushort_uncal.fits|V01257001001P000000000210P|1257|1|1|01257001001|2|PRIME_TARGETED_FIXED|1|0P|3|MIR_MRS|288|49|MIRI|MIRIFUSHORT|12|1|HH211|HH211|FIXED|MIRI Medium Resolution Spectroscopy|SCIENCE|51|1|1|3|13|NULL|NULL|NULL|1|4-POINT|NULL|4|NULL|NULL|3|NULL|MIRIFU_CHANNEL1A|2026_1b|FULL|NULL|NULL|SHORT|NULL|NULL|[('o001', 'OBSERVATION')]|NULL|NULL|NULL|F|F|NULL|NULL|NULL|OFF|NULL|NULL|NULL|NULL|1|18|NONE
jw01257001001_0210p_00004_mirifulong_uncal.fits|V01257001001P000000000210P|1257|1|1|01257001001|2|PRIME_TARGETED_FIXED|1|0P|4|MIR_MRS|288|49|MIRI|MIRIFULONG|34|1|HH211|HH211|FIXED|MIRI Medium Resolution Spectroscopy|SCIENCE|52|1|1|4|13|NULL|NULL|NULL|1|4-POINT|NULL|4|NULL|NULL|4|NULL|MIRIFU_CHANNEL1A|2026_1b|FULL|NULL|NULL|SHORT|NULL|NULL|[('o001', 'OBSERVATION')]|NULL|NULL|NULL|F|F|NULL|NULL|NULL|OFF|NULL|NULL|NULL|NULL|1|18|NONE
jw01257001001_0210p_00004_mirifushort_uncal.fits|V01257001001P000000000210P|1257|1|1|01257001001|2|PRIME_TARGETED_FIXED|1|0P|4|MIR_MRS|288|49|MIRI|MIRIFUSHORT|12|1|HH211|HH211|FIXED|MIRI Medium Resolution Spectroscopy|SCIENCE|52|1|1|4|13|NULL|NULL|NULL|1|4-POINT|NULL|4|NULL|NULL|4|NULL|MIRIFU_CHANNEL1A|2026_1b|FULL|NULL|NULL|SHORT|NULL|NULL|[('o001', 'OBSERVATION')]|NULL|NULL|NULL|F|F|NULL|NULL|NULL|OFF|NULL|NULL|NULL|NULL|1|18|NONE
jw01257001001_0210r_00001_mirifulong_uncal.fits|V01257001001P000000000210R|1257|1|1|01257001001|2|PRIME_TARGETED_FIXED|1|0R|1|MIR_MRS|288|53|MIRI|MIRIFULONG|34|1|HH211|HH211|FIXED|MIRI Medium Resolution Spectroscopy|SCIENCE|53|1|1|1|14|NULL|NULL|NULL|1|4-POINT|NULL|4|NULL|NULL|1|NULL|MIRIFU_CHANNEL1A|2026_1b|FULL|NULL|NULL|SHORT|NULL|NULL|[('o001', 'OBSERVATION')]|NULL|NULL|NULL|F|F|NULL|NULL|NULL|OFF|NULL|NULL|NULL|NULL|1|18|NONE
jw01257001001_0210r_00001_mirifushort_uncal.fits|V01257001001P000000000210R|1257|1|1|01257001001|2|PRIME_TARGETED_FIXED|1|0R|1|MIR_MRS|288|53|MIRI|MIRIFUSHORT|12|1|HH211|HH211|FIXED|MIRI Medium Resolution Spectroscopy|SCIENCE|53|1|1|1|14|NULL|NULL|NULL|1|4-POINT|NULL|4|NULL|NULL|1|NULL|MIRIFU_CHANNEL1A|2026_1b|FULL|NULL|NULL|SHORT|NULL|NULL|[('o001', 'OBSERVATION')]|NULL|NULL|NULL|F|F|NULL|NULL|NULL|OFF|NULL|NULL|NULL|NULL|1|18|NONE
jw01257001001_0210r_00002_mirifulong_uncal.fits|V01257001001P000000000210R|1257|1|1|01257001001|2|PRIME_TARGETED_FIXED|1|0R|2|MIR_MRS|288|53|MIRI|MIRIFULONG|34|1|HH211|HH211|FIXED|MIRI Medium Resolution Spectroscopy|SCIENCE|54|1|1|2|14|NULL|NULL|NULL|1|4-POINT|NULL|4|NULL|NULL|2|NULL|MIRIFU_CHANNEL1A|2026_1b|FULL|NULL|NULL|SHORT|NULL|NULL|[('o001', 'OBSERVATION')]|NULL|NULL|NULL|F|F|NULL|NULL|NULL|OFF|NULL|NULL|NULL|NULL|1|18|NONE
jw01257001001_0210r_00002_mirifushort_uncal.fits|V01257001001P000000000210R|1257|1|1|01257001001|2|PRIME_TARGETED_FIXED|1|0R|2|MIR_MRS|288|53|MIRI|MIRIFUSHORT|12|1|HH211|HH211|FIXED|MIRI Medium Resolution Spectroscopy|SCIENCE|54|1|1|2|14|NULL|NULL|NULL|1|4-POINT|NULL|4|NULL|NULL|2|NULL|MIRIFU_CHANNEL1A|2026_1b|FULL|NULL|NULL|SHORT|NULL|NULL|[('o001', 'OBSERVATION')]|NULL|NULL|NULL|F|F|NULL|NULL|NULL|OFF|NULL|NULL|NULL|NULL|1|18|NONE
jw01257001001_0210r_00003_mirifulong_uncal.fits|V01257001001P000000000210R|1257|1|1|01257001001|2|PRIME_TARGETED_FIXED|1|0R|3|MIR_MRS|288|53|MIRI|MIRIFULONG|34|1|HH211|HH211|FIXED|MIRI Medium Resolution Spectroscopy|SCIENCE|55|1|1|3|14|NULL|NULL|NULL|1|4-POINT|NULL|4|NULL|NULL|3|NULL|MIRIFU_CHANNEL1A|2026_1b|FULL|NULL|NULL|SHORT|NULL|NULL|[('o001', 'OBSERVATION')]|NULL|NULL|NULL|F|F|NULL|NULL|NULL|OFF|NULL|NULL|NULL|NULL|1|18|NONE
jw01257001001_0210r_00003_mirifushort_uncal.fits|V01257001001P000000000210R|1257|1|1|01257001001|2|PRIME_TARGETED_FIXED|1|0R|3|MIR_MRS|288|53|MIRI|MIRIFUSHORT|12|1|HH211|HH211|FIXED|MIRI Medium Resolution Spectroscopy|SCIENCE|55|1|1|3|14|NULL|NULL|NULL|1|4-POINT|NULL|4|NULL|NULL|3|NULL|MIRIFU_CHANNEL1A|2026_1b|FULL|NULL|NULL|SHORT|NULL|NULL|[('o001', 'OBSERVATION')]|NULL|NULL|NULL|F|F|NULL|NULL|NULL|OFF|NULL|NULL|NULL|NULL|1|18|NONE
jw01257001001_0210r_00004_mirifulong_uncal.fits|V01257001001P000000000210R|1257|1|1|01257001001|2|PRIME_TARGETED_FIXED|1|0R|4|MIR_MRS|288|53|MIRI|MIRIFULONG|34|1|HH211|HH211|FIXED|MIRI Medium Resolution Spectroscopy|SCIENCE|56|1|1|4|14|NULL|NULL|NULL|1|4-POINT|NULL|4|NULL|NULL|4|NULL|MIRIFU_CHANNEL1A|2026_1b|FULL|NULL|NULL|SHORT|NULL|NULL|[('o001', 'OBSERVATION')]|NULL|NULL|NULL|F|F|NULL|NULL|NULL|OFF|NULL|NULL|NULL|NULL|1|18|NONE
jw01257001001_0210r_00004_mirifushort_uncal.fits|V01257001001P000000000210R|1257|1|1|01257001001|2|PRIME_TARGETED_FIXED|1|0R|4|MIR_MRS|288|53|MIRI|MIRIFUSHORT|12|1|HH211|HH211|FIXED|MIRI Medium Resolution Spectroscopy|SCIENCE|56|1|1|4|14|NULL|NULL|NULL|1|4-POINT|NULL|4|NULL|NULL|4|NULL|MIRIFU_CHANNEL1A|2026_1b|FULL|NULL|NULL|SHORT|NULL|NULL|[('o001', 'OBSERVATION')]|NULL|NULL|NULL|F|F|NULL|NULL|NULL|OFF|NULL|NULL|NULL|NULL|1|18|NONE
jw01257001001_0210t_00001_mirifulong_uncal.fits|V01257001001P000000000210T|1257|1|1|01257001001|2|PRIME_TARGETED_FIXED|1|0T|1|MIR_MRS|288|57|MIRI|MIRIFULONG|34|1|HH211|HH211|FIXED|MIRI Medium Resolution Spectroscopy|SCIENCE|57|1|1|1|15|NULL|NULL|NULL|1|4-POINT|NULL|4|NULL|NULL|1|NULL|MIRIFU_CHANNEL1A|2026_1b|FULL|NULL|NULL|SHORT|NULL|NULL|[('o001', 'OBSERVATION')]|NULL|NULL|NULL|F|F|NULL|NULL|NULL|OFF|NULL|NULL|NULL|NULL|1|18|NONE
jw01257001001_0210t_00001_mirifushort_uncal.fits|V01257001001P000000000210T|1257|1|1|01257001001|2|PRIME_TARGETED_FIXED|1|0T|1|MIR_MRS|288|57|MIRI|MIRIFUSHORT|12|1|HH211|HH211|FIXED|MIRI Medium Resolution Spectroscopy|SCIENCE|57|1|1|1|15|NULL|NULL|NULL|1|4-POINT|NULL|4|NULL|NULL|1|NULL|MIRIFU_CHANNEL1A|2026_1b|FULL|NULL|NULL|SHORT|NULL|NULL|[('o001', 'OBSERVATION')]|NULL|NULL|NULL|F|F|NULL|NULL|NULL|OFF|NULL|NULL|NULL|NULL|1|18|NONE
jw01257001001_0210t_00002_mirifulong_uncal.fits|V01257001001P000000000210T|1257|1|1|01257001001|2|PRIME_TARGETED_FIXED|1|0T|2|MIR_MRS|288|57|MIRI|MIRIFULONG|34|1|HH211|HH211|FIXED|MIRI Medium Resolution Spectroscopy|SCIENCE|58|1|1|2|15|NULL|NULL|NULL|1|4-POINT|NULL|4|NULL|NULL|2|NULL|MIRIFU_CHANNEL1A|2026_1b|FULL|NULL|NULL|SHORT|NULL|NULL|[('o001', 'OBSERVATION')]|NULL|NULL|NULL|F|F|NULL|NULL|NULL|OFF|NULL|NULL|NULL|NULL|1|18|NONE
jw01257001001_0210t_00002_mirifushort_uncal.fits|V01257001001P000000000210T|1257|1|1|01257001001|2|PRIME_TARGETED_FIXED|1|0T|2|MIR_MRS|288|57|MIRI|MIRIFUSHORT|12|1|HH211|HH211|FIXED|MIRI Medium Resolution Spectroscopy|SCIENCE|58|1|1|2|15|NULL|NULL|NULL|1|4-POINT|NULL|4|NULL|NULL|2|NULL|MIRIFU_CHANNEL1A|2026_1b|FULL|NULL|NULL|SHORT|NULL|NULL|[('o001', 'OBSERVATION')]|NULL|NULL|NULL|F|F|NULL|NULL|NULL|OFF|NULL|NULL|NULL|NULL|1|18|NONE
jw01257001001_0210t_00003_mirifulong_uncal.fits|V01257001001P000000000210T|1257|1|1|01257001001|2|PRIME_TARGETED_FIXED|1|0T|3|MIR_MRS|288|57|MIRI|MIRIFULONG|34|1|HH211|HH211|FIXED|MIRI Medium Resolution Spectroscopy|SCIENCE|59|1|1|3|15|NULL|NULL|NULL|1|4-POINT|NULL|4|NULL|NULL|3|NULL|MIRIFU_CHANNEL1A|2026_1b|FULL|NULL|NULL|SHORT|NULL|NULL|[('o001', 'OBSERVATION')]|NULL|NULL|NULL|F|F|NULL|NULL|NULL|OFF|NULL|NULL|NULL|NULL|1|18|NONE
jw01257001001_0210t_00003_mirifushort_uncal.fits|V01257001001P000000000210T|1257|1|1|01257001001|2|PRIME_TARGETED_FIXED|1|0T|3|MIR_MRS|288|57|MIRI|MIRIFUSHORT|12|1|HH211|HH211|FIXED|MIRI Medium Resolution Spectroscopy|SCIENCE|59|1|1|3|15|NULL|NULL|NULL|1|4-POINT|NULL|4|NULL|NULL|3|NULL|MIRIFU_CHANNEL1A|2026_1b|FULL|NULL|NULL|SHORT|NULL|NULL|[('o001', 'OBSERVATION')]|NULL|NULL|NULL|F|F|NULL|NULL|NULL|OFF|NULL|NULL|NULL|NULL|1|18|NONE
jw01257001001_0210t_00004_mirifulong_uncal.fits|V01257001001P000000000210T|1257|1|1|01257001001|2|PRIME_TARGETED_FIXED|1|0T|4|MIR_MRS|288|57|MIRI|MIRIFULONG|34|1|HH211|HH211|FIXED|MIRI Medium Resolution Spectroscopy|SCIENCE|60|1|1|4|15|NULL|NULL|NULL|1|4-POINT|NULL|4|NULL|NULL|4|NULL|MIRIFU_CHANNEL1A|2026_1b|FULL|NULL|NULL|SHORT|NULL|NULL|[('o001', 'OBSERVATION')]|NULL|NULL|NULL|F|F|NULL|NULL|NULL|OFF|NULL|NULL|NULL|NULL|1|18|NONE
jw01257001001_0210t_00004_mirifushort_uncal.fits|V01257001001P000000000210T|1257|1|1|01257001001|2|PRIME_TARGETED_FIXED|1|0T|4|MIR_MRS|288|57|MIRI|MIRIFUSHORT|12|1|HH211|HH211|FIXED|MIRI Medium Resolution Spectroscopy|SCIENCE|60|1|1|4|15|NULL|NULL|NULL|1|4-POINT|NULL|4|NULL|NULL|4|NULL|MIRIFU_CHANNEL1A|2026_1b|FULL|NULL|NULL|SHORT|NULL|NULL|[('o001', 'OBSERVATION')]|NULL|NULL|NULL|F|F|NULL|NULL|NULL|OFF|NULL|NULL|NULL|NULL|1|18|NONE
jw01257001001_0210v_00001_mirifulong_uncal.fits|V01257001001P000000000210V|1257|1|1|01257001001|2|PRIME_TARGETED_FIXED|1|0V|1|MIR_MRS|288|61|MIRI|MIRIFULONG|34|1|HH211|HH211|FIXED|MIRI Medium Resolution Spectroscopy|SCIENCE|61|1|1|1|16|NULL|NULL|NULL|1|4-POINT|NULL|4|NULL|NULL|1|NULL|MIRIFU_CHANNEL1A|2026_1b|FULL|NULL|NULL|SHORT|NULL|NULL|[('o001', 'OBSERVATION')]|NULL|NULL|NULL|F|F|NULL|NULL|NULL|OFF|NULL|NULL|NULL|NULL|1|18|NONE
jw01257001001_0210v_00001_mirifushort_uncal.fits|V01257001001P000000000210V|1257|1|1|01257001001|2|PRIME_TARGETED_FIXED|1|0V|1|MIR_MRS|288|61|MIRI|MIRIFUSHORT|12|1|HH211|HH211|FIXED|MIRI Medium Resolution Spectroscopy|SCIENCE|61|1|1|1|16|NULL|NULL|NULL|1|4-POINT|NULL|4|NULL|NULL|1|NULL|MIRIFU_CHANNEL1A|2026_1b|FULL|NULL|NULL|SHORT|NULL|NULL|[('o001', 'OBSERVATION')]|NULL|NULL|NULL|F|F|NULL|NULL|NULL|OFF|NULL|NULL|NULL|NULL|1|18|NONE
jw01257001001_0210v_00002_mirifulong_uncal.fits|V01257001001P000000000210V|1257|1|1|01257001001|2|PRIME_TARGETED_FIXED|1|0V|2|MIR_MRS|288|61|MIRI|MIRIFULONG|34|1|HH211|HH211|FIXED|MIRI Medium Resolution Spectroscopy|SCIENCE|62|1|1|2|16|NULL|NULL|NULL|1|4-POINT|NULL|4|NULL|NULL|2|NULL|MIRIFU_CHANNEL1A|2026_1b|FULL|NULL|NULL|SHORT|NULL|NULL|[('o001', 'OBSERVATION')]|NULL|NULL|NULL|F|F|NULL|NULL|NULL|OFF|NULL|NULL|NULL|NULL|1|18|NONE
jw01257001001_0210v_00002_mirifushort_uncal.fits|V01257001001P000000000210V|1257|1|1|01257001001|2|PRIME_TARGETED_FIXED|1|0V|2|MIR_MRS|288|61|MIRI|MIRIFUSHORT|12|1|HH211|HH211|FIXED|MIRI Medium Resolution Spectroscopy|SCIENCE|62|1|1|2|16|NULL|NULL|NULL|1|4-POINT|NULL|4|NULL|NULL|2|NULL|MIRIFU_CHANNEL1A|2026_1b|FULL|NULL|NULL|SHORT|NULL|NULL|[('o001', 'OBSERVATION')]|NULL|NULL|NULL|F|F|NULL|NULL|NULL|OFF|NULL|NULL|NULL|NULL|1|18|NONE
jw01257001001_0210v_00003_mirifulong_uncal.fits|V01257001001P000000000210V|1257|1|1|01257001001|2|PRIME_TARGETED_FIXED|1|0V|3|MIR_MRS|288|61|MIRI|MIRIFULONG|34|1|HH211|HH211|FIXED|MIRI Medium Resolution Spectroscopy|SCIENCE|63|1|1|3|16|NULL|NULL|NULL|1|4-POINT|NULL|4|NULL|NULL|3|NULL|MIRIFU_CHANNEL1A|2026_1b|FULL|NULL|NULL|SHORT|NULL|NULL|[('o001', 'OBSERVATION')]|NULL|NULL|NULL|F|F|NULL|NULL|NULL|OFF|NULL|NULL|NULL|NULL|1|18|NONE
jw01257001001_0210v_00003_mirifushort_uncal.fits|V01257001001P000000000210V|1257|1|1|01257001001|2|PRIME_TARGETED_FIXED|1|0V|3|MIR_MRS|288|61|MIRI|MIRIFUSHORT|12|1|HH211|HH211|FIXED|MIRI Medium Resolution Spectroscopy|SCIENCE|63|1|1|3|16|NULL|NULL|NULL|1|4-POINT|NULL|4|NULL|NULL|3|NULL|MIRIFU_CHANNEL1A|2026_1b|FULL|NULL|NULL|SHORT|NULL|NULL|[('o001', 'OBSERVATION')]|NULL|NULL|NULL|F|F|NULL|NULL|NULL|OFF|NULL|NULL|NULL|NULL|1|18|NONE
jw01257001001_0210v_00004_mirifulong_uncal.fits|V01257001001P000000000210V|1257|1|1|01257001001|2|PRIME_TARGETED_FIXED|1|0V|4|MIR_MRS|288|61|MIRI|MIRIFULONG|34|1|HH211|HH211|FIXED|MIRI Medium Resolution Spectroscopy|SCIENCE|64|1|1|4|16|NULL|NULL|NULL|1|4-POINT|NULL|4|NULL|NULL|4|NULL|MIRIFU_CHANNEL1A|2026_1b|FULL|NULL|NULL|SHORT|NULL|NULL|[('o001', 'OBSERVATION')]|NULL|NULL|NULL|F|F|NULL|NULL|NULL|OFF|NULL|NULL|NULL|NULL|1|18|NONE
jw01257001001_0210v_00004_mirifushort_uncal.fits|V01257001001P000000000210V|1257|1|1|01257001001|2|PRIME_TARGETED_FIXED|1|0V|4|MIR_MRS|288|61|MIRI|MIRIFUSHORT|12|1|HH211|HH211|FIXED|MIRI Medium Resolution Spectroscopy|SCIENCE|64|1|1|4|16|NULL|NULL|NULL|1|4-POINT|NULL|4|NULL|NULL|4|NULL|MIRIFU_CHANNEL1A|2026_1b|FULL|NULL|NULL|SHORT|NULL|NULL|[('o001', 'OBSERVATION')]|NULL|NULL|NULL|F|F|NULL|NULL|NULL|OFF|NULL|NULL|NULL|NULL|1|18|NONE
jw01257001001_0210x_00001_mirifulong_uncal.fits|V01257001001P000000000210X|1257|1|1|01257001001|2|PRIME_TARGETED_FIXED|1|0X|1|MIR_MRS|288|65|MIRI|MIRIFULONG|34|1|HH211|HH211|FIXED|MIRI Medium Resolution Spectroscopy|SCIENCE|65|1|1|1|17|NULL|NULL|NULL|1|4-POINT|NULL|4|NULL|NULL|1|NULL|MIRIFU_CHANNEL1A|2026_1b|FULL|NULL|NULL|SHORT|NULL|NULL|[('o001', 'OBSERVATION')]|NULL|NULL|NULL|F|F|NULL|NULL|NULL|OFF|NULL|NULL|NULL|NULL|1|18|NONE
jw01257001001_0210x_00001_mirifushort_uncal.fits|V01257001001P000000000210X|1257|1|1|01257001001|2|PRIME_TARGETED_FIXED|1|0X|1|MIR_MRS|288|65|MIRI|MIRIFUSHORT|12|1|HH211|HH211|FIXED|MIRI Medium Resolution Spectroscopy|SCIENCE|65|1|1|1|17|NULL|NULL|NULL|1|4-POINT|NULL|4|NULL|NULL|1|NULL|MIRIFU_CHANNEL1A|2026_1b|FULL|NULL|NULL|SHORT|NULL|NULL|[('o001', 'OBSERVATION')]|NULL|NULL|NULL|F|F|NULL|NULL|NULL|OFF|NULL|NULL|NULL|NULL|1|18|NONE
jw01257001001_0210x_00002_mirifulong_uncal.fits|V01257001001P000000000210X|1257|1|1|01257001001|2|PRIME_TARGETED_FIXED|1|0X|2|MIR_MRS|288|65|MIRI|MIRIFULONG|34|1|HH211|HH211|FIXED|MIRI Medium Resolution Spectroscopy|SCIENCE|66|1|1|2|17|NULL|NULL|NULL|1|4-POINT|NULL|4|NULL|NULL|2|NULL|MIRIFU_CHANNEL1A|2026_1b|FULL|NULL|NULL|SHORT|NULL|NULL|[('o001', 'OBSERVATION')]|NULL|NULL|NULL|F|F|NULL|NULL|NULL|OFF|NULL|NULL|NULL|NULL|1|18|NONE
jw01257001001_0210x_00002_mirifushort_uncal.fits|V01257001001P000000000210X|1257|1|1|01257001001|2|PRIME_TARGETED_FIXED|1|0X|2|MIR_MRS|288|65|MIRI|MIRIFUSHORT|12|1|HH211|HH211|FIXED|MIRI Medium Resolution Spectroscopy|SCIENCE|66|1|1|2|17|NULL|NULL|NULL|1|4-POINT|NULL|4|NULL|NULL|2|NULL|MIRIFU_CHANNEL1A|2026_1b|FULL|NULL|NULL|SHORT|NULL|NULL|[('o001', 'OBSERVATION')]|NULL|NULL|NULL|F|F|NULL|NULL|NULL|OFF|NULL|NULL|NULL|NULL|1|18|NONE
jw01257001001_0210x_00003_mirifulong_uncal.fits|V01257001001P000000000210X|1257|1|1|01257001001|2|PRIME_TARGETED_FIXED|1|0X|3|MIR_MRS|288|65|MIRI|MIRIFULONG|34|1|HH211|HH211|FIXED|MIRI Medium Resolution Spectroscopy|SCIENCE|67|1|1|3|17|NULL|NULL|NULL|1|4-POINT|NULL|4|NULL|NULL|3|NULL|MIRIFU_CHANNEL1A|2026_1b|FULL|NULL|NULL|SHORT|NULL|NULL|[('o001', 'OBSERVATION')]|NULL|NULL|NULL|F|F|NULL|NULL|NULL|OFF|NULL|NULL|NULL|NULL|1|18|NONE
jw01257001001_0210x_00003_mirifushort_uncal.fits|V01257001001P000000000210X|1257|1|1|01257001001|2|PRIME_TARGETED_FIXED|1|0X|3|MIR_MRS|288|65|MIRI|MIRIFUSHORT|12|1|HH211|HH211|FIXED|MIRI Medium Resolution Spectroscopy|SCIENCE|67|1|1|3|17|NULL|NULL|NULL|1|4-POINT|NULL|4|NULL|NULL|3|NULL|MIRIFU_CHANNEL1A|2026_1b|FULL|NULL|NULL|SHORT|NULL|NULL|[('o001', 'OBSERVATION')]|NULL|NULL|NULL|F|F|NULL|NULL|NULL|OFF|NULL|NULL|NULL|NULL|1|18|NONE
jw01257001001_0210x_00004_mirifulong_uncal.fits|V01257001001P000000000210X|1257|1|1|01257001001|2|PRIME_TARGETED_FIXED|1|0X|4|MIR_MRS|288|65|MIRI|MIRIFULONG|34|1|HH211|HH211|FIXED|MIRI Medium Resolution Spectroscopy|SCIENCE|68|1|1|4|17|NULL|NULL|NULL|1|4-POINT|NULL|4|NULL|NULL|4|NULL|MIRIFU_CHANNEL1A|2026_1b|FULL|NULL|NULL|SHORT|NULL|NULL|[('o001', 'OBSERVATION')]|NULL|NULL|NULL|F|F|NULL|NULL|NULL|OFF|NULL|NULL|NULL|NULL|1|18|NONE
jw01257001001_0210x_00004_mirifushort_uncal.fits|V01257001001P000000000210X|1257|1|1|01257001001|2|PRIME_TARGETED_FIXED|1|0X|4|MIR_MRS|288|65|MIRI|MIRIFUSHORT|12|1|HH211|HH211|FIXED|MIRI Medium Resolution Spectroscopy|SCIENCE|68|1|1|4|17|NULL|NULL|NULL|1|4-POINT|NULL|4|NULL|NULL|4|NULL|MIRIFU_CHANNEL1A|2026_1b|FULL|NULL|NULL|SHORT|NULL|NULL|[('o001', 'OBSERVATION')]|NULL|NULL|NULL|F|F|NULL|NULL|NULL|OFF|NULL|NULL|NULL|NULL|1|18|NONE
jw01257001001_0210z_00001_mirifulong_uncal.fits|V01257001001P000000000210Z|1257|1|1|01257001001|2|PRIME_TARGETED_FIXED|1|0Z|1|MIR_MRS|288|69|MIRI|MIRIFULONG|34|1|HH211|HH211|FIXED|MIRI Medium Resolution Spectroscopy|SCIENCE|69|1|1|1|18|NULL|NULL|NULL|1|4-POINT|NULL|4|NULL|NULL|1|NULL|MIRIFU_CHANNEL1A|2026_1b|FULL|NULL|NULL|SHORT|NULL|NULL|[('o001', 'OBSERVATION')]|NULL|NULL|NULL|F|F|NULL|NULL|NULL|OFF|NULL|NULL|NULL|NULL|1|18|NONE
jw01257001001_0210z_00001_mirifushort_uncal.fits|V01257001001P000000000210Z|1257|1|1|01257001001|2|PRIME_TARGETED_FIXED|1|0Z|1|MIR_MRS|288|69|MIRI|MIRIFUSHORT|12|1|HH211|HH211|FIXED|MIRI Medium Resolution Spectroscopy|SCIENCE|69|1|1|1|18|NULL|NULL|NULL|1|4-POINT|NULL|4|NULL|NULL|1|NULL|MIRIFU_CHANNEL1A|2026_1b|FULL|NULL|NULL|SHORT|NULL|NULL|[('o001', 'OBSERVATION')]|NULL|NULL|NULL|F|F|NULL|NULL|NULL|OFF|NULL|NULL|NULL|NULL|1|18|NONE
jw01257001001_0210z_00002_mirifulong_uncal.fits|V01257001001P000000000210Z|1257|1|1|01257001001|2|PRIME_TARGETED_FIXED|1|0Z|2|MIR_MRS|288|69|MIRI|MIRIFULONG|34|1|HH211|HH211|FIXED|MIRI Medium Resolution Spectroscopy|SCIENCE|70|1|1|2|18|NULL|NULL|NULL|1|4-POINT|NULL|4|NULL|NULL|2|NULL|MIRIFU_CHANNEL1A|2026_1b|FULL|NULL|NULL|SHORT|NULL|NULL|[('o001', 'OBSERVATION')]|NULL|NULL|NULL|F|F|NULL|NULL|NULL|OFF|NULL|NULL|NULL|NULL|1|18|NONE
jw01257001001_0210z_00002_mirifushort_uncal.fits|V01257001001P000000000210Z|1257|1|1|01257001001|2|PRIME_TARGETED_FIXED|1|0Z|2|MIR_MRS|288|69|MIRI|MIRIFUSHORT|12|1|HH211|HH211|FIXED|MIRI Medium Resolution Spectroscopy|SCIENCE|70|1|1|2|18|NULL|NULL|NULL|1|4-POINT|NULL|4|NULL|NULL|2|NULL|MIRIFU_CHANNEL1A|2026_1b|FULL|NULL|NULL|SHORT|NULL|NULL|[('o001', 'OBSERVATION')]|NULL|NULL|NULL|F|F|NULL|NULL|NULL|OFF|NULL|NULL|NULL|NULL|1|18|NONE
jw01257001001_0210z_00003_mirifulong_uncal.fits|V01257001001P000000000210Z|1257|1|1|01257001001|2|PRIME_TARGETED_FIXED|1|0Z|3|MIR_MRS|288|69|MIRI|MIRIFULONG|34|1|HH211|HH211|FIXED|MIRI Medium Resolution Spectroscopy|SCIENCE|71|1|1|3|18|NULL|NULL|NULL|1|4-POINT|NULL|4|NULL|NULL|3|NULL|MIRIFU_CHANNEL1A|2026_1b|FULL|NULL|NULL|SHORT|NULL|NULL|[('o001', 'OBSERVATION')]|NULL|NULL|NULL|F|F|NULL|NULL|NULL|OFF|NULL|NULL|NULL|NULL|1|18|NONE
jw01257001001_0210z_00003_mirifushort_uncal.fits|V01257001001P000000000210Z|1257|1|1|01257001001|2|PRIME_TARGETED_FIXED|1|0Z|3|MIR_MRS|288|69|MIRI|MIRIFUSHORT|12|1|HH211|HH211|FIXED|MIRI Medium Resolution Spectroscopy|SCIENCE|71|1|1|3|18|NULL|NULL|NULL|1|4-POINT|NULL|4|NULL|NULL|3|NULL|MIRIFU_CHANNEL1A|2026_1b|FULL|NULL|NULL|SHORT|NULL|NULL|[('o001', 'OBSERVATION')]|NULL|NULL|NULL|F|F|NULL|NULL|NULL|OFF|NULL|NULL|NULL|NULL|1|18|NONE
jw01257001001_0210z_00004_mirifulong_uncal.fits|V01257001001P000000000210Z|1257|1|1|01257001001|2|PRIME_TARGETED_FIXED|1|0Z|4|MIR_MRS|288|69|MIRI|MIRIFULONG|34|1|HH211|HH211|FIXED|MIRI Medium Resolution Spectroscopy|SCIENCE|72|1|1|4|18|NULL|NULL|NULL|1|4-POINT|NULL|4|NULL|NULL|4|NULL|MIRIFU_CHANNEL1A|2026_1b|FULL|NULL|NULL|SHORT|NULL|NULL|[('o001', 'OBSERVATION')]|NULL|NULL|NULL|F|F|NULL|NULL|NULL|OFF|NULL|NULL|NULL|NULL|1|18|NONE
jw01257001001_0210z_00004_mirifushort_uncal.fits|V01257001001P000000000210Z|1257|1|1|01257001001|2|PRIME_TARGETED_FIXED|1|0Z|4|MIR_MRS|288|69|MIRI|MIRIFUSHORT|12|1|HH211|HH211|FIXED|MIRI Medium Resolution Spectroscopy|SCIENCE|72|1|1|4|18|NULL|NULL|NULL|1|4-POINT|NULL|4|NULL|NULL|4|NULL|MIRIFU_CHANNEL1A|2026_1b|FULL|NULL|NULL|SHORT|NULL|NULL|[('o001', 'OBSERVATION')]|NULL|NULL|NULL|F|F|NULL|NULL|NULL|OFF|NULL|NULL|NULL|NULL|1|18|NONE
jw01257001001_02111_00001_mirifulong_uncal.fits|V01257001001P0000000002111|1257|1|1|01257001001|2|PRIME_TARGETED_FIXED|1|11|1|MIR_MRS|288|73|MIRI|MIRIFULONG|34|1|HH211|HH211|FIXED|MIRI Medium Resolution Spectroscopy|SCIENCE|73|1|1|1|19|NULL|NULL|NULL|1|4-POINT|NULL|4|NULL|NULL|1|NULL|MIRIFU_CHANNEL1A|2026_1b|FULL|NULL|NULL|SHORT|NULL|NULL|[('o001', 'OBSERVATION')]|NULL|NULL|NULL|F|F|NULL|NULL|NULL|OFF|NULL|NULL|NULL|NULL|1|18|NONE
jw01257001001_02111_00001_mirifushort_uncal.fits|V01257001001P0000000002111|1257|1|1|01257001001|2|PRIME_TARGETED_FIXED|1|11|1|MIR_MRS|288|73|MIRI|MIRIFUSHORT|12|1|HH211|HH211|FIXED|MIRI Medium Resolution Spectroscopy|SCIENCE|73|1|1|1|19|NULL|NULL|NULL|1|4-POINT|NULL|4|NULL|NULL|1|NULL|MIRIFU_CHANNEL1A|2026_1b|FULL|NULL|NULL|SHORT|NULL|NULL|[('o001', 'OBSERVATION')]|NULL|NULL|NULL|F|F|NULL|NULL|NULL|OFF|NULL|NULL|NULL|NULL|1|18|NONE
jw01257001001_02111_00002_mirifulong_uncal.fits|V01257001001P0000000002111|1257|1|1|01257001001|2|PRIME_TARGETED_FIXED|1|11|2|MIR_MRS|288|73|MIRI|MIRIFULONG|34|1|HH211|HH211|FIXED|MIRI Medium Resolution Spectroscopy|SCIENCE|74|1|1|2|19|NULL|NULL|NULL|1|4-POINT|NULL|4|NULL|NULL|2|NULL|MIRIFU_CHANNEL1A|2026_1b|FULL|NULL|NULL|SHORT|NULL|NULL|[('o001', 'OBSERVATION')]|NULL|NULL|NULL|F|F|NULL|NULL|NULL|OFF|NULL|NULL|NULL|NULL|1|18|NONE
jw01257001001_02111_00002_mirifushort_uncal.fits|V01257001001P0000000002111|1257|1|1|01257001001|2|PRIME_TARGETED_FIXED|1|11|2|MIR_MRS|288|73|MIRI|MIRIFUSHORT|12|1|HH211|HH211|FIXED|MIRI Medium Resolution Spectroscopy|SCIENCE|74|1|1|2|19|NULL|NULL|NULL|1|4-POINT|NULL|4|NULL|NULL|2|NULL|MIRIFU_CHANNEL1A|2026_1b|FULL|NULL|NULL|SHORT|NULL|NULL|[('o001', 'OBSERVATION')]|NULL|NULL|NULL|F|F|NULL|NULL|NULL|OFF|NULL|NULL|NULL|NULL|1|18|NONE
jw01257001001_02111_00003_mirifulong_uncal.fits|V01257001001P0000000002111|1257|1|1|01257001001|2|PRIME_TARGETED_FIXED|1|11|3|MIR_MRS|288|73|MIRI|MIRIFULONG|34|1|HH211|HH211|FIXED|MIRI Medium Resolution Spectroscopy|SCIENCE|75|1|1|3|19|NULL|NULL|NULL|1|4-POINT|NULL|4|NULL|NULL|3|NULL|MIRIFU_CHANNEL1A|2026_1b|FULL|NULL|NULL|SHORT|NULL|NULL|[('o001', 'OBSERVATION')]|NULL|NULL|NULL|F|F|NULL|NULL|NULL|OFF|NULL|NULL|NULL|NULL|1|18|NONE
jw01257001001_02111_00003_mirifushort_uncal.fits|V01257001001P0000000002111|1257|1|1|01257001001|2|PRIME_TARGETED_FIXED|1|11|3|MIR_MRS|288|73|MIRI|MIRIFUSHORT|12|1|HH211|HH211|FIXED|MIRI Medium Resolution Spectroscopy|SCIENCE|75|1|1|3|19|NULL|NULL|NULL|1|4-POINT|NULL|4|NULL|NULL|3|NULL|MIRIFU_CHANNEL1A|2026_1b|FULL|NULL|NULL|SHORT|NULL|NULL|[('o001', 'OBSERVATION')]|NULL|NULL|NULL|F|F|NULL|NULL|NULL|OFF|NULL|NULL|NULL|NULL|1|18|NONE
jw01257001001_02111_00004_mirifulong_uncal.fits|V01257001001P0000000002111|1257|1|1|01257001001|2|PRIME_TARGETED_FIXED|1|11|4|MIR_MRS|288|73|MIRI|MIRIFULONG|34|1|HH211|HH211|FIXED|MIRI Medium Resolution Spectroscopy|SCIENCE|76|1|1|4|19|NULL|NULL|NULL|1|4-POINT|NULL|4|NULL|NULL|4|NULL|MIRIFU_CHANNEL1A|2026_1b|FULL|NULL|NULL|SHORT|NULL|NULL|[('o001', 'OBSERVATION')]|NULL|NULL|NULL|F|F|NULL|NULL|NULL|OFF|NULL|NULL|NULL|NULL|1|18|NONE
jw01257001001_02111_00004_mirifushort_uncal.fits|V01257001001P0000000002111|1257|1|1|01257001001|2|PRIME_TARGETED_FIXED|1|11|4|MIR_MRS|288|73|MIRI|MIRIFUSHORT|12|1|HH211|HH211|FIXED|MIRI Medium Resolution Spectroscopy|SCIENCE|76|1|1|4|19|NULL|NULL|NULL|1|4-POINT|NULL|4|NULL|NULL|4|NULL|MIRIFU_CHANNEL1A|2026_1b|FULL|NULL|NULL|SHORT|NULL|NULL|[('o001', 'OBSERVATION')]|NULL|NULL|NULL|F|F|NULL|NULL|NULL|OFF|NULL|NULL|NULL|NULL|1|18|NONE
jw01257001001_02113_00001_mirifulong_uncal.fits|V01257001001P0000000002113|1257|1|1|01257001001|2|PRIME_TARGETED_FIXED|1|13|1|MIR_MRS|288|77|MIRI|MIRIFULONG|34|1|HH211|HH211|FIXED|MIRI Medium Resolution Spectroscopy|SCIENCE|77|1|1|1|20|NULL|NULL|NULL|1|4-POINT|NULL|4|NULL|NULL|1|NULL|MIRIFU_CHANNEL1A|2026_1b|FULL|NULL|NULL|SHORT|NULL|NULL|[('o001', 'OBSERVATION')]|NULL|NULL|NULL|F|F|NULL|NULL|NULL|OFF|NULL|NULL|NULL|NULL|1|18|NONE
jw01257001001_02113_00001_mirifushort_uncal.fits|V01257001001P0000000002113|1257|1|1|01257001001|2|PRIME_TARGETED_FIXED|1|13|1|MIR_MRS|288|77|MIRI|MIRIFUSHORT|12|1|HH211|HH211|FIXED|MIRI Medium Resolution Spectroscopy|SCIENCE|77|1|1|1|20|NULL|NULL|NULL|1|4-POINT|NULL|4|NULL|NULL|1|NULL|MIRIFU_CHANNEL1A|2026_1b|FULL|NULL|NULL|SHORT|NULL|NULL|[('o001', 'OBSERVATION')]|NULL|NULL|NULL|F|F|NULL|NULL|NULL|OFF|NULL|NULL|NULL|NULL|1|18|NONE
jw01257001001_02113_00002_mirifulong_uncal.fits|V01257001001P0000000002113|1257|1|1|01257001001|2|PRIME_TARGETED_FIXED|1|13|2|MIR_MRS|288|77|MIRI|MIRIFULONG|34|1|HH211|HH211|FIXED|MIRI Medium Resolution Spectroscopy|SCIENCE|78|1|1|2|20|NULL|NULL|NULL|1|4-POINT|NULL|4|NULL|NULL|2|NULL|MIRIFU_CHANNEL1A|2026_1b|FULL|NULL|NULL|SHORT|NULL|NULL|[('o001', 'OBSERVATION')]|NULL|NULL|NULL|F|F|NULL|NULL|NULL|OFF|NULL|NULL|NULL|NULL|1|18|NONE
jw01257001001_02113_00002_mirifushort_uncal.fits|V01257001001P0000000002113|1257|1|1|01257001001|2|PRIME_TARGETED_FIXED|1|13|2|MIR_MRS|288|77|MIRI|MIRIFUSHORT|12|1|HH211|HH211|FIXED|MIRI Medium Resolution Spectroscopy|SCIENCE|78|1|1|2|20|NULL|NULL|NULL|1|4-POINT|NULL|4|NULL|NULL|2|NULL|MIRIFU_CHANNEL1A|2026_1b|FULL|NULL|NULL|SHORT|NULL|NULL|[('o001', 'OBSERVATION')]|NULL|NULL|NULL|F|F|NULL|NULL|NULL|OFF|NULL|NULL|NULL|NULL|1|18|NONE
jw01257001001_02113_00003_mirifulong_uncal.fits|V01257001001P0000000002113|1257|1|1|01257001001|2|PRIME_TARGETED_FIXED|1|13|3|MIR_MRS|288|77|MIRI|MIRIFULONG|34|1|HH211|HH211|FIXED|MIRI Medium Resolution Spectroscopy|SCIENCE|79|1|1|3|20|NULL|NULL|NULL|1|4-POINT|NULL|4|NULL|NULL|3|NULL|MIRIFU_CHANNEL1A|2026_1b|FULL|NULL|NULL|SHORT|NULL|NULL|[('o001', 'OBSERVATION')]|NULL|NULL|NULL|F|F|NULL|NULL|NULL|OFF|NULL|NULL|NULL|NULL|1|18|NONE
jw01257001001_02113_00003_mirifushort_uncal.fits|V01257001001P0000000002113|1257|1|1|01257001001|2|PRIME_TARGETED_FIXED|1|13|3|MIR_MRS|288|77|MIRI|MIRIFUSHORT|12|1|HH211|HH211|FIXED|MIRI Medium Resolution Spectroscopy|SCIENCE|79|1|1|3|20|NULL|NULL|NULL|1|4-POINT|NULL|4|NULL|NULL|3|NULL|MIRIFU_CHANNEL1A|2026_1b|FULL|NULL|NULL|SHORT|NULL|NULL|[('o001', 'OBSERVATION')]|NULL|NULL|NULL|F|F|NULL|NULL|NULL|OFF|NULL|NULL|NULL|NULL|1|18|NONE
jw01257001001_02113_00004_mirifulong_uncal.fits|V01257001001P0000000002113|1257|1|1|01257001001|2|PRIME_TARGETED_FIXED|1|13|4|MIR_MRS|288|77|MIRI|MIRIFULONG|34|1|HH211|HH211|FIXED|MIRI Medium Resolution Spectroscopy|SCIENCE|80|1|1|4|20|NULL|NULL|NULL|1|4-POINT|NULL|4|NULL|NULL|4|NULL|MIRIFU_CHANNEL1A|2026_1b|FULL|NULL|NULL|SHORT|NULL|NULL|[('o001', 'OBSERVATION')]|NULL|NULL|NULL|F|F|NULL|NULL|NULL|OFF|NULL|NULL|NULL|NULL|1|18|NONE
jw01257001001_02113_00004_mirifushort_uncal.fits|V01257001001P0000000002113|1257|1|1|01257001001|2|PRIME_TARGETED_FIXED|1|13|4|MIR_MRS|288|77|MIRI|MIRIFUSHORT|12|1|HH211|HH211|FIXED|MIRI Medium Resolution Spectroscopy|SCIENCE|80|1|1|4|20|NULL|NULL|NULL|1|4-POINT|NULL|4|NULL|NULL|4|NULL|MIRIFU_CHANNEL1A|2026_1b|FULL|NULL|NULL|SHORT|NULL|NULL|[('o001', 'OBSERVATION')]|NULL|NULL|NULL|F|F|NULL|NULL|NULL|OFF|NULL|NULL|NULL|NULL|1|18|NONE
jw01257001001_02115_00001_mirifulong_uncal.fits|V01257001001P0000000002115|1257|1|1|01257001001|2|PRIME_TARGETED_FIXED|1|15|1|MIR_MRS|288|81|MIRI|MIRIFULONG|34|1|HH211|HH211|FIXED|MIRI Medium Resolution Spectroscopy|SCIENCE|81|1|1|1|21|NULL|NULL|NULL|1|4-POINT|NULL|4|NULL|NULL|1|NULL|MIRIFU_CHANNEL1A|2026_1b|FULL|NULL|NULL|SHORT|NULL|NULL|[('o001', 'OBSERVATION')]|NULL|NULL|NULL|F|F|NULL|NULL|NULL|OFF|NULL|NULL|NULL|NULL|1|18|NONE
jw01257001001_02115_00001_mirifushort_uncal.fits|V01257001001P0000000002115|1257|1|1|01257001001|2|PRIME_TARGETED_FIXED|1|15|1|MIR_MRS|288|81|MIRI|MIRIFUSHORT|12|1|HH211|HH211|FIXED|MIRI Medium Resolution Spectroscopy|SCIENCE|81|1|1|1|21|NULL|NULL|NULL|1|4-POINT|NULL|4|NULL|NULL|1|NULL|MIRIFU_CHANNEL1A|2026_1b|FULL|NULL|NULL|SHORT|NULL|NULL|[('o001', 'OBSERVATION')]|NULL|NULL|NULL|F|F|NULL|NULL|NULL|OFF|NULL|NULL|NULL|NULL|1|18|NONE
jw01257001001_02115_00002_mirifulong_uncal.fits|V01257001001P0000000002115|1257|1|1|01257001001|2|PRIME_TARGETED_FIXED|1|15|2|MIR_MRS|288|81|MIRI|MIRIFULONG|34|1|HH211|HH211|FIXED|MIRI Medium Resolution Spectroscopy|SCIENCE|82|1|1|2|21|NULL|NULL|NULL|1|4-POINT|NULL|4|NULL|NULL|2|NULL|MIRIFU_CHANNEL1A|2026_1b|FULL|NULL|NULL|SHORT|NULL|NULL|[('o001', 'OBSERVATION')]|NULL|NULL|NULL|F|F|NULL|NULL|NULL|OFF|NULL|NULL|NULL|NULL|1|18|NONE
jw01257001001_02115_00002_mirifushort_uncal.fits|V01257001001P0000000002115|1257|1|1|01257001001|2|PRIME_TARGETED_FIXED|1|15|2|MIR_MRS|288|81|MIRI|MIRIFUSHORT|12|1|HH211|HH211|FIXED|MIRI Medium Resolution Spectroscopy|SCIENCE|82|1|1|2|21|NULL|NULL|NULL|1|4-POINT|NULL|4|NULL|NULL|2|NULL|MIRIFU_CHANNEL1A|2026_1b|FULL|NULL|NULL|SHORT|NULL|NULL|[('o001', 'OBSERVATION')]|NULL|NULL|NULL|F|F|NULL|NULL|NULL|OFF|NULL|NULL|NULL|NULL|1|18|NONE
jw01257001001_02115_00003_mirifulong_uncal.fits|V01257001001P0000000002115|1257|1|1|01257001001|2|PRIME_TARGETED_FIXED|1|15|3|MIR_MRS|288|81|MIRI|MIRIFULONG|34|1|HH211|HH211|FIXED|MIRI Medium Resolution Spectroscopy|SCIENCE|83|1|1|3|21|NULL|NULL|NULL|1|4-POINT|NULL|4|NULL|NULL|3|NULL|MIRIFU_CHANNEL1A|2026_1b|FULL|NULL|NULL|SHORT|NULL|NULL|[('o001', 'OBSERVATION')]|NULL|NULL|NULL|F|F|NULL|NULL|NULL|OFF|NULL|NULL|NULL|NULL|1|18|NONE
jw01257001001_02115_00003_mirifushort_uncal.fits|V01257001001P0000000002115|1257|1|1|01257001001|2|PRIME_TARGETED_FIXED|1|15|3|MIR_MRS|288|81|MIRI|MIRIFUSHORT|12|1|HH211|HH211|FIXED|MIRI Medium Resolution Spectroscopy|SCIENCE|83|1|1|3|21|NULL|NULL|NULL|1|4-POINT|NULL|4|NULL|NULL|3|NULL|MIRIFU_CHANNEL1A|2026_1b|FULL|NULL|NULL|SHORT|NULL|NULL|[('o001', 'OBSERVATION')]|NULL|NULL|NULL|F|F|NULL|NULL|NULL|OFF|NULL|NULL|NULL|NULL|1|18|NONE
jw01257001001_02115_00004_mirifulong_uncal.fits|V01257001001P0000000002115|1257|1|1|01257001001|2|PRIME_TARGETED_FIXED|1|15|4|MIR_MRS|288|81|MIRI|MIRIFULONG|34|1|HH211|HH211|FIXED|MIRI Medium Resolution Spectroscopy|SCIENCE|84|1|1|4|21|NULL|NULL|NULL|1|4-POINT|NULL|4|NULL|NULL|4|NULL|MIRIFU_CHANNEL1A|2026_1b|FULL|NULL|NULL|SHORT|NULL|NULL|[('o001', 'OBSERVATION')]|NULL|NULL|NULL|F|F|NULL|NULL|NULL|OFF|NULL|NULL|NULL|NULL|1|18|NONE
jw01257001001_02115_00004_mirifushort_uncal.fits|V01257001001P0000000002115|1257|1|1|01257001001|2|PRIME_TARGETED_FIXED|1|15|4|MIR_MRS|288|81|MIRI|MIRIFUSHORT|12|1|HH211|HH211|FIXED|MIRI Medium Resolution Spectroscopy|SCIENCE|84|1|1|4|21|NULL|NULL|NULL|1|4-POINT|NULL|4|NULL|NULL|4|NULL|MIRIFU_CHANNEL1A|2026_1b|FULL|NULL|NULL|SHORT|NULL|NULL|[('o001', 'OBSERVATION')]|NULL|NULL|NULL|F|F|NULL|NULL|NULL|OFF|NULL|NULL|NULL|NULL|1|18|NONE
jw01257001001_02117_00001_mirifulong_uncal.fits|V01257001001P0000000002117|1257|1|1|01257001001|2|PRIME_TARGETED_FIXED|1|17|1|MIR_MRS|288|85|MIRI|MIRIFULONG|34|1|HH211|HH211|FIXED|MIRI Medium Resolution Spectroscopy|SCIENCE|85|1|1|1|22|NULL|NULL|NULL|1|4-POINT|NULL|4|NULL|NULL|1|NULL|MIRIFU_CHANNEL1A|2026_1b|FULL|NULL|NULL|SHORT|NULL|NULL|[('o001', 'OBSERVATION')]|NULL|NULL|NULL|F|F|NULL|NULL|NULL|OFF|NULL|NULL|NULL|NULL|1|18|NONE
jw01257001001_02117_00001_mirifushort_uncal.fits|V01257001001P0000000002117|1257|1|1|01257001001|2|PRIME_TARGETED_FIXED|1|17|1|MIR_MRS|288|85|MIRI|MIRIFUSHORT|12|1|HH211|HH211|FIXED|MIRI Medium Resolution Spectroscopy|SCIENCE|85|1|1|1|22|NULL|NULL|NULL|1|4-POINT|NULL|4|NULL|NULL|1|NULL|MIRIFU_CHANNEL1A|2026_1b|FULL|NULL|NULL|SHORT|NULL|NULL|[('o001', 'OBSERVATION')]|NULL|NULL|NULL|F|F|NULL|NULL|NULL|OFF|NULL|NULL|NULL|NULL|1|18|NONE
jw01257001001_02117_00002_mirifulong_uncal.fits|V01257001001P0000000002117|1257|1|1|01257001001|2|PRIME_TARGETED_FIXED|1|17|2|MIR_MRS|288|85|MIRI|MIRIFULONG|34|1|HH211|HH211|FIXED|MIRI Medium Resolution Spectroscopy|SCIENCE|86|1|1|2|22|NULL|NULL|NULL|1|4-POINT|NULL|4|NULL|NULL|2|NULL|MIRIFU_CHANNEL1A|2026_1b|FULL|NULL|NULL|SHORT|NULL|NULL|[('o001', 'OBSERVATION')]|NULL|NULL|NULL|F|F|NULL|NULL|NULL|OFF|NULL|NULL|NULL|NULL|1|18|NONE
jw01257001001_02117_00002_mirifushort_uncal.fits|V01257001001P0000000002117|1257|1|1|01257001001|2|PRIME_TARGETED_FIXED|1|17|2|MIR_MRS|288|85|MIRI|MIRIFUSHORT|12|1|HH211|HH211|FIXED|MIRI Medium Resolution Spectroscopy|SCIENCE|86|1|1|2|22|NULL|NULL|NULL|1|4-POINT|NULL|4|NULL|NULL|2|NULL|MIRIFU_CHANNEL1A|2026_1b|FULL|NULL|NULL|SHORT|NULL|NULL|[('o001', 'OBSERVATION')]|NULL|NULL|NULL|F|F|NULL|NULL|NULL|OFF|NULL|NULL|NULL|NULL|1|18|NONE
jw01257001001_02117_00003_mirifulong_uncal.fits|V01257001001P0000000002117|1257|1|1|01257001001|2|PRIME_TARGETED_FIXED|1|17|3|MIR_MRS|288|85|MIRI|MIRIFULONG|34|1|HH211|HH211|FIXED|MIRI Medium Resolution Spectroscopy|SCIENCE|87|1|1|3|22|NULL|NULL|NULL|1|4-POINT|NULL|4|NULL|NULL|3|NULL|MIRIFU_CHANNEL1A|2026_1b|FULL|NULL|NULL|SHORT|NULL|NULL|[('o001', 'OBSERVATION')]|NULL|NULL|NULL|F|F|NULL|NULL|NULL|OFF|NULL|NULL|NULL|NULL|1|18|NONE
jw01257001001_02117_00003_mirifushort_uncal.fits|V01257001001P0000000002117|1257|1|1|01257001001|2|PRIME_TARGETED_FIXED|1|17|3|MIR_MRS|288|85|MIRI|MIRIFUSHORT|12|1|HH211|HH211|FIXED|MIRI Medium Resolution Spectroscopy|SCIENCE|87|1|1|3|22|NULL|NULL|NULL|1|4-POINT|NULL|4|NULL|NULL|3|NULL|MIRIFU_CHANNEL1A|2026_1b|FULL|NULL|NULL|SHORT|NULL|NULL|[('o001', 'OBSERVATION')]|NULL|NULL|NULL|F|F|NULL|NULL|NULL|OFF|NULL|NULL|NULL|NULL|1|18|NONE
jw01257001001_02117_00004_mirifulong_uncal.fits|V01257001001P0000000002117|1257|1|1|01257001001|2|PRIME_TARGETED_FIXED|1|17|4|MIR_MRS|288|85|MIRI|MIRIFULONG|34|1|HH211|HH211|FIXED|MIRI Medium Resolution Spectroscopy|SCIENCE|88|1|1|4|22|NULL|NULL|NULL|1|4-POINT|NULL|4|NULL|NULL|4|NULL|MIRIFU_CHANNEL1A|2026_1b|FULL|NULL|NULL|SHORT|NULL|NULL|[('o001', 'OBSERVATION')]|NULL|NULL|NULL|F|F|NULL|NULL|NULL|OFF|NULL|NULL|NULL|NULL|1|18|NONE
jw01257001001_02117_00004_mirifushort_uncal.fits|V01257001001P0000000002117|1257|1|1|01257001001|2|PRIME_TARGETED_FIXED|1|17|4|MIR_MRS|288|85|MIRI|MIRIFUSHORT|12|1|HH211|HH211|FIXED|MIRI Medium Resolution Spectroscopy|SCIENCE|88|1|1|4|22|NULL|NULL|NULL|1|4-POINT|NULL|4|NULL|NULL|4|NULL|MIRIFU_CHANNEL1A|2026_1b|FULL|NULL|NULL|SHORT|NULL|NULL|[('o001', 'OBSERVATION')]|NULL|NULL|NULL|F|F|NULL|NULL|NULL|OFF|NULL|NULL|NULL|NULL|1|18|NONE
jw01257001001_02119_00001_mirifulong_uncal.fits|V01257001001P0000000002119|1257|1|1|01257001001|2|PRIME_TARGETED_FIXED|1|19|1|MIR_MRS|288|89|MIRI|MIRIFULONG|34|1|HH211|HH211|FIXED|MIRI Medium Resolution Spectroscopy|SCIENCE|89|1|1|1|23|NULL|NULL|NULL|1|4-POINT|NULL|4|NULL|NULL|1|NULL|MIRIFU_CHANNEL1A|2026_1b|FULL|NULL|NULL|SHORT|NULL|NULL|[('o001', 'OBSERVATION')]|NULL|NULL|NULL|F|F|NULL|NULL|NULL|OFF|NULL|NULL|NULL|NULL|1|18|NONE
jw01257001001_02119_00001_mirifushort_uncal.fits|V01257001001P0000000002119|1257|1|1|01257001001|2|PRIME_TARGETED_FIXED|1|19|1|MIR_MRS|288|89|MIRI|MIRIFUSHORT|12|1|HH211|HH211|FIXED|MIRI Medium Resolution Spectroscopy|SCIENCE|89|1|1|1|23|NULL|NULL|NULL|1|4-POINT|NULL|4|NULL|NULL|1|NULL|MIRIFU_CHANNEL1A|2026_1b|FULL|NULL|NULL|SHORT|NULL|NULL|[('o001', 'OBSERVATION')]|NULL|NULL|NULL|F|F|NULL|NULL|NULL|OFF|NULL|NULL|NULL|NULL|1|18|NONE
jw01257001001_02119_00002_mirifulong_uncal.fits|V01257001001P0000000002119|1257|1|1|01257001001|2|PRIME_TARGETED_FIXED|1|19|2|MIR_MRS|288|89|MIRI|MIRIFULONG|34|1|HH211|HH211|FIXED|MIRI Medium Resolution Spectroscopy|SCIENCE|90|1|1|2|23|NULL|NULL|NULL|1|4-POINT|NULL|4|NULL|NULL|2|NULL|MIRIFU_CHANNEL1A|2026_1b|FULL|NULL|NULL|SHORT|NULL|NULL|[('o001', 'OBSERVATION')]|NULL|NULL|NULL|F|F|NULL|NULL|NULL|OFF|NULL|NULL|NULL|NULL|1|18|NONE
jw01257001001_02119_00002_mirifushort_uncal.fits|V01257001001P0000000002119|1257|1|1|01257001001|2|PRIME_TARGETED_FIXED|1|19|2|MIR_MRS|288|89|MIRI|MIRIFUSHORT|12|1|HH211|HH211|FIXED|MIRI Medium Resolution Spectroscopy|SCIENCE|90|1|1|2|23|NULL|NULL|NULL|1|4-POINT|NULL|4|NULL|NULL|2|NULL|MIRIFU_CHANNEL1A|2026_1b|FULL|NULL|NULL|SHORT|NULL|NULL|[('o001', 'OBSERVATION')]|NULL|NULL|NULL|F|F|NULL|NULL|NULL|OFF|NULL|NULL|NULL|NULL|1|18|NONE
jw01257001001_02119_00003_mirifulong_uncal.fits|V01257001001P0000000002119|1257|1|1|01257001001|2|PRIME_TARGETED_FIXED|1|19|3|MIR_MRS|288|89|MIRI|MIRIFULONG|34|1|HH211|HH211|FIXED|MIRI Medium Resolution Spectroscopy|SCIENCE|91|1|1|3|23|NULL|NULL|NULL|1|4-POINT|NULL|4|NULL|NULL|3|NULL|MIRIFU_CHANNEL1A|2026_1b|FULL|NULL|NULL|SHORT|NULL|NULL|[('o001', 'OBSERVATION')]|NULL|NULL|NULL|F|F|NULL|NULL|NULL|OFF|NULL|NULL|NULL|NULL|1|18|NONE
jw01257001001_02119_00003_mirifushort_uncal.fits|V01257001001P0000000002119|1257|1|1|01257001001|2|PRIME_TARGETED_FIXED|1|19|3|MIR_MRS|288|89|MIRI|MIRIFUSHORT|12|1|HH211|HH211|FIXED|MIRI Medium Resolution Spectroscopy|SCIENCE|91|1|1|3|23|NULL|NULL|NULL|1|4-POINT|NULL|4|NULL|NULL|3|NULL|MIRIFU_CHANNEL1A|2026_1b|FULL|NULL|NULL|SHORT|NULL|NULL|[('o001', 'OBSERVATION')]|NULL|NULL|NULL|F|F|NULL|NULL|NULL|OFF|NULL|NULL|NULL|NULL|1|18|NONE
jw01257001001_02119_00004_mirifulong_uncal.fits|V01257001001P0000000002119|1257|1|1|01257001001|2|PRIME_TARGETED_FIXED|1|19|4|MIR_MRS|288|89|MIRI|MIRIFULONG|34|1|HH211|HH211|FIXED|MIRI Medium Resolution Spectroscopy|SCIENCE|92|1|1|4|23|NULL|NULL|NULL|1|4-POINT|NULL|4|NULL|NULL|4|NULL|MIRIFU_CHANNEL1A|2026_1b|FULL|NULL|NULL|SHORT|NULL|NULL|[('o001', 'OBSERVATION')]|NULL|NULL|NULL|F|F|NULL|NULL|NULL|OFF|NULL|NULL|NULL|NULL|1|18|NONE
jw01257001001_02119_00004_mirifushort_uncal.fits|V01257001001P0000000002119|1257|1|1|01257001001|2|PRIME_TARGETED_FIXED|1|19|4|MIR_MRS|288|89|MIRI|MIRIFUSHORT|12|1|HH211|HH211|FIXED|MIRI Medium Resolution Spectroscopy|SCIENCE|92|1|1|4|23|NULL|NULL|NULL|1|4-POINT|NULL|4|NULL|NULL|4|NULL|MIRIFU_CHANNEL1A|2026_1b|FULL|NULL|NULL|SHORT|NULL|NULL|[('o001', 'OBSERVATION')]|NULL|NULL|NULL|F|F|NULL|NULL|NULL|OFF|NULL|NULL|NULL|NULL|1|18|NONE
jw01257001001_0211b_00001_mirifulong_uncal.fits|V01257001001P000000000211B|1257|1|1|01257001001|2|PRIME_TARGETED_FIXED|1|1B|1|MIR_MRS|288|93|MIRI|MIRIFULONG|34|1|HH211|HH211|FIXED|MIRI Medium Resolution Spectroscopy|SCIENCE|93|1|1|1|24|NULL|NULL|NULL|1|4-POINT|NULL|4|NULL|NULL|1|NULL|MIRIFU_CHANNEL1A|2026_1b|FULL|NULL|NULL|SHORT|NULL|NULL|[('o001', 'OBSERVATION')]|NULL|NULL|NULL|F|F|NULL|NULL|NULL|OFF|NULL|NULL|NULL|NULL|1|18|NONE
jw01257001001_0211b_00001_mirifushort_uncal.fits|V01257001001P000000000211B|1257|1|1|01257001001|2|PRIME_TARGETED_FIXED|1|1B|1|MIR_MRS|288|93|MIRI|MIRIFUSHORT|12|1|HH211|HH211|FIXED|MIRI Medium Resolution Spectroscopy|SCIENCE|93|1|1|1|24|NULL|NULL|NULL|1|4-POINT|NULL|4|NULL|NULL|1|NULL|MIRIFU_CHANNEL1A|2026_1b|FULL|NULL|NULL|SHORT|NULL|NULL|[('o001', 'OBSERVATION')]|NULL|NULL|NULL|F|F|NULL|NULL|NULL|OFF|NULL|NULL|NULL|NULL|1|18|NONE
jw01257001001_0211b_00002_mirifulong_uncal.fits|V01257001001P000000000211B|1257|1|1|01257001001|2|PRIME_TARGETED_FIXED|1|1B|2|MIR_MRS|288|93|MIRI|MIRIFULONG|34|1|HH211|HH211|FIXED|MIRI Medium Resolution Spectroscopy|SCIENCE|94|1|1|2|24|NULL|NULL|NULL|1|4-POINT|NULL|4|NULL|NULL|2|NULL|MIRIFU_CHANNEL1A|2026_1b|FULL|NULL|NULL|SHORT|NULL|NULL|[('o001', 'OBSERVATION')]|NULL|NULL|NULL|F|F|NULL|NULL|NULL|OFF|NULL|NULL|NULL|NULL|1|18|NONE
jw01257001001_0211b_00002_mirifushort_uncal.fits|V01257001001P000000000211B|1257|1|1|01257001001|2|PRIME_TARGETED_FIXED|1|1B|2|MIR_MRS|288|93|MIRI|MIRIFUSHORT|12|1|HH211|HH211|FIXED|MIRI Medium Resolution Spectroscopy|SCIENCE|94|1|1|2|24|NULL|NULL|NULL|1|4-POINT|NULL|4|NULL|NULL|2|NULL|MIRIFU_CHANNEL1A|2026_1b|FULL|NULL|NULL|SHORT|NULL|NULL|[('o001', 'OBSERVATION')]|NULL|NULL|NULL|F|F|NULL|NULL|NULL|OFF|NULL|NULL|NULL|NULL|1|18|NONE
jw01257001001_0211b_00003_mirifulong_uncal.fits|V01257001001P000000000211B|1257|1|1|01257001001|2|PRIME_TARGETED_FIXED|1|1B|3|MIR_MRS|288|93|MIRI|MIRIFULONG|34|1|HH211|HH211|FIXED|MIRI Medium Resolution Spectroscopy|SCIENCE|95|1|1|3|24|NULL|NULL|NULL|1|4-POINT|NULL|4|NULL|NULL|3|NULL|MIRIFU_CHANNEL1A|2026_1b|FULL|NULL|NULL|SHORT|NULL|NULL|[('o001', 'OBSERVATION')]|NULL|NULL|NULL|F|F|NULL|NULL|NULL|OFF|NULL|NULL|NULL|NULL|1|18|NONE
jw01257001001_0211b_00003_mirifushort_uncal.fits|V01257001001P000000000211B|1257|1|1|01257001001|2|PRIME_TARGETED_FIXED|1|1B|3|MIR_MRS|288|93|MIRI|MIRIFUSHORT|12|1|HH211|HH211|FIXED|MIRI Medium Resolution Spectroscopy|SCIENCE|95|1|1|3|24|NULL|NULL|NULL|1|4-POINT|NULL|4|NULL|NULL|3|NULL|MIRIFU_CHANNEL1A|2026_1b|FULL|NULL|NULL|SHORT|NULL|NULL|[('o001', 'OBSERVATION')]|NULL|NULL|NULL|F|F|NULL|NULL|NULL|OFF|NULL|NULL|NULL|NULL|1|18|NONE
jw01257001001_0211b_00004_mirifulong_uncal.fits|V01257001001P000000000211B|1257|1|1|01257001001|2|PRIME_TARGETED_FIXED|1|1B|4|MIR_MRS|288|93|MIRI|MIRIFULONG|34|1|HH211|HH211|FIXED|MIRI Medium Resolution Spectroscopy|SCIENCE|96|1|1|4|24|NULL|NULL|NULL|1|4-POINT|NULL|4|NULL|NULL|4|NULL|MIRIFU_CHANNEL1A|2026_1b|FULL|NULL|NULL|SHORT|NULL|NULL|[('o001', 'OBSERVATION')]|NULL|NULL|NULL|F|F|NULL|NULL|NULL|OFF|NULL|NULL|NULL|NULL|1|18|NONE
jw01257001001_0211b_00004_mirifushort_uncal.fits|V01257001001P000000000211B|1257|1|1|01257001001|2|PRIME_TARGETED_FIXED|1|1B|4|MIR_MRS|288|93|MIRI|MIRIFUSHORT|12|1|HH211|HH211|FIXED|MIRI Medium Resolution Spectroscopy|SCIENCE|96|1|1|4|24|NULL|NULL|NULL|1|4-POINT|NULL|4|NULL|NULL|4|NULL|MIRIFU_CHANNEL1A|2026_1b|FULL|NULL|NULL|SHORT|NULL|NULL|[('o001', 'OBSERVATION')]|NULL|NULL|NULL|F|F|NULL|NULL|NULL|OFF|NULL|NULL|NULL|NULL|1|18|NONE
jw01257001001_0211d_00001_mirifulong_uncal.fits|V01257001001P000000000211D|1257|1|1|01257001001|2|PRIME_TARGETED_FIXED|1|1D|1|MIR_MRS|288|97|MIRI|MIRIFULONG|34|1|HH211|HH211|FIXED|MIRI Medium Resolution Spectroscopy|SCIENCE|97|1|2|1|1|NULL|NULL|NULL|1|4-POINT|NULL|4|NULL|NULL|1|NULL|MIRIFU_CHANNEL1A|2026_1b|FULL|NULL|NULL|MEDIUM|NULL|NULL|[('o001', 'OBSERVATION')]|NULL|NULL|NULL|F|F|NULL|NULL|NULL|OFF|NULL|NULL|NULL|NULL|1|18|NONE
jw01257001001_0211d_00001_mirifushort_uncal.fits|V01257001001P000000000211D|1257|1|1|01257001001|2|PRIME_TARGETED_FIXED|1|1D|1|MIR_MRS|288|97|MIRI|MIRIFUSHORT|12|1|HH211|HH211|FIXED|MIRI Medium Resolution Spectroscopy|SCIENCE|97|1|2|1|1|NULL|NULL|NULL|1|4-POINT|NULL|4|NULL|NULL|1|NULL|MIRIFU_CHANNEL1A|2026_1b|FULL|NULL|NULL|MEDIUM|NULL|NULL|[('o001', 'OBSERVATION')]|NULL|NULL|NULL|F|F|NULL|NULL|NULL|OFF|NULL|NULL|NULL|NULL|1|18|NONE
jw01257001001_0211d_00002_mirifulong_uncal.fits|V01257001001P000000000211D|1257|1|1|01257001001|2|PRIME_TARGETED_FIXED|1|1D|2|MIR_MRS|288|97|MIRI|MIRIFULONG|34|1|HH211|HH211|FIXED|MIRI Medium Resolution Spectroscopy|SCIENCE|98|1|2|2|1|NULL|NULL|NULL|1|4-POINT|NULL|4|NULL|NULL|2|NULL|MIRIFU_CHANNEL1A|2026_1b|FULL|NULL|NULL|MEDIUM|NULL|NULL|[('o001', 'OBSERVATION')]|NULL|NULL|NULL|F|F|NULL|NULL|NULL|OFF|NULL|NULL|NULL|NULL|1|18|NONE
jw01257001001_0211d_00002_mirifushort_uncal.fits|V01257001001P000000000211D|1257|1|1|01257001001|2|PRIME_TARGETED_FIXED|1|1D|2|MIR_MRS|288|97|MIRI|MIRIFUSHORT|12|1|HH211|HH211|FIXED|MIRI Medium Resolution Spectroscopy|SCIENCE|98|1|2|2|1|NULL|NULL|NULL|1|4-POINT|NULL|4|NULL|NULL|2|NULL|MIRIFU_CHANNEL1A|2026_1b|FULL|NULL|NULL|MEDIUM|NULL|NULL|[('o001', 'OBSERVATION')]|NULL|NULL|NULL|F|F|NULL|NULL|NULL|OFF|NULL|NULL|NULL|NULL|1|18|NONE
jw01257001001_0211d_00003_mirifulong_uncal.fits|V01257001001P000000000211D|1257|1|1|01257001001|2|PRIME_TARGETED_FIXED|1|1D|3|MIR_MRS|288|97|MIRI|MIRIFULONG|34|1|HH211|HH211|FIXED|MIRI Medium Resolution Spectroscopy|SCIENCE|99|1|2|3|1|NULL|NULL|NULL|1|4-POINT|NULL|4|NULL|NULL|3|NULL|MIRIFU_CHANNEL1A|2026_1b|FULL|NULL|NULL|MEDIUM|NULL|NULL|[('o001', 'OBSERVATION')]|NULL|NULL|NULL|F|F|NULL|NULL|NULL|OFF|NULL|NULL|NULL|NULL|1|18|NONE
jw01257001001_0211d_00003_mirifushort_uncal.fits|V01257001001P000000000211D|1257|1|1|01257001001|2|PRIME_TARGETED_FIXED|1|1D|3|MIR_MRS|288|97|MIRI|MIRIFUSHORT|12|1|HH211|HH211|FIXED|MIRI Medium Resolution Spectroscopy|SCIENCE|99|1|2|3|1|NULL|NULL|NULL|1|4-POINT|NULL|4|NULL|NULL|3|NULL|MIRIFU_CHANNEL1A|2026_1b|FULL|NULL|NULL|MEDIUM|NULL|NULL|[('o001', 'OBSERVATION')]|NULL|NULL|NULL|F|F|NULL|NULL|NULL|OFF|NULL|NULL|NULL|NULL|1|18|NONE
jw01257001001_0211d_00004_mirifulong_uncal.fits|V01257001001P000000000211D|1257|1|1|01257001001|2|PRIME_TARGETED_FIXED|1|1D|4|MIR_MRS|288|97|MIRI|MIRIFULONG|34|1|HH211|HH211|FIXED|MIRI Medium Resolution Spectroscopy|SCIENCE|100|1|2|4|1|NULL|NULL|NULL|1|4-POINT|NULL|4|NULL|NULL|4|NULL|MIRIFU_CHANNEL1A|2026_1b|FULL|NULL|NULL|MEDIUM|NULL|NULL|[('o001', 'OBSERVATION')]|NULL|NULL|NULL|F|F|NULL|NULL|NULL|OFF|NULL|NULL|NULL|NULL|1|18|NONE
jw01257001001_0211d_00004_mirifushort_uncal.fits|V01257001001P000000000211D|1257|1|1|01257001001|2|PRIME_TARGETED_FIXED|1|1D|4|MIR_MRS|288|97|MIRI|MIRIFUSHORT|12|1|HH211|HH211|FIXED|MIRI Medium Resolution Spectroscopy|SCIENCE|100|1|2|4|1|NULL|NULL|NULL|1|4-POINT|NULL|4|NULL|NULL|4|NULL|MIRIFU_CHANNEL1A|2026_1b|FULL|NULL|NULL|MEDIUM|NULL|NULL|[('o001', 'OBSERVATION')]|NULL|NULL|NULL|F|F|NULL|NULL|NULL|OFF|NULL|NULL|NULL|NULL|1|18|NONE
jw01257001001_0211f_00001_mirifulong_uncal.fits|V01257001001P000000000211F|1257|1|1|01257001001|2|PRIME_TARGETED_FIXED|1|1F|1|MIR_MRS|288|101|MIRI|MIRIFULONG|34|1|HH211|HH211|FIXED|MIRI Medium Resolution Spectroscopy|SCIENCE|101|1|2|1|2|NULL|NULL|NULL|1|4-POINT|NULL|4|NULL|NULL|1|NULL|MIRIFU_CHANNEL1A|2026_1b|FULL|NULL|NULL|MEDIUM|NULL|NULL|[('o001', 'OBSERVATION')]|NULL|NULL|NULL|F|F|NULL|NULL|NULL|OFF|NULL|NULL|NULL|NULL|1|18|NONE
jw01257001001_0211f_00001_mirifushort_uncal.fits|V01257001001P000000000211F|1257|1|1|01257001001|2|PRIME_TARGETED_FIXED|1|1F|1|MIR_MRS|288|101|MIRI|MIRIFUSHORT|12|1|HH211|HH211|FIXED|MIRI Medium Resolution Spectroscopy|SCIENCE|101|1|2|1|2|NULL|NULL|NULL|1|4-POINT|NULL|4|NULL|NULL|1|NULL|MIRIFU_CHANNEL1A|2026_1b|FULL|NULL|NULL|MEDIUM|NULL|NULL|[('o001', 'OBSERVATION')]|NULL|NULL|NULL|F|F|NULL|NULL|NULL|OFF|NULL|NULL|NULL|NULL|1|18|NONE
jw01257001001_0211f_00002_mirifulong_uncal.fits|V01257001001P000000000211F|1257|1|1|01257001001|2|PRIME_TARGETED_FIXED|1|1F|2|MIR_MRS|288|101|MIRI|MIRIFULONG|34|1|HH211|HH211|FIXED|MIRI Medium Resolution Spectroscopy|SCIENCE|102|1|2|2|2|NULL|NULL|NULL|1|4-POINT|NULL|4|NULL|NULL|2|NULL|MIRIFU_CHANNEL1A|2026_1b|FULL|NULL|NULL|MEDIUM|NULL|NULL|[('o001', 'OBSERVATION')]|NULL|NULL|NULL|F|F|NULL|NULL|NULL|OFF|NULL|NULL|NULL|NULL|1|18|NONE
jw01257001001_0211f_00002_mirifushort_uncal.fits|V01257001001P000000000211F|1257|1|1|01257001001|2|PRIME_TARGETED_FIXED|1|1F|2|MIR_MRS|288|101|MIRI|MIRIFUSHORT|12|1|HH211|HH211|FIXED|MIRI Medium Resolution Spectroscopy|SCIENCE|102|1|2|2|2|NULL|NULL|NULL|1|4-POINT|NULL|4|NULL|NULL|2|NULL|MIRIFU_CHANNEL1A|2026_1b|FULL|NULL|NULL|MEDIUM|NULL|NULL|[('o001', 'OBSERVATION')]|NULL|NULL|NULL|F|F|NULL|NULL|NULL|OFF|NULL|NULL|NULL|NULL|1|18|NONE
jw01257001001_0211f_00003_mirifulong_uncal.fits|V01257001001P000000000211F|1257|1|1|01257001001|2|PRIME_TARGETED_FIXED|1|1F|3|MIR_MRS|288|101|MIRI|MIRIFULONG|34|1|HH211|HH211|FIXED|MIRI Medium Resolution Spectroscopy|SCIENCE|103|1|2|3|2|NULL|NULL|NULL|1|4-POINT|NULL|4|NULL|NULL|3|NULL|MIRIFU_CHANNEL1A|2026_1b|FULL|NULL|NULL|MEDIUM|NULL|NULL|[('o001', 'OBSERVATION')]|NULL|NULL|NULL|F|F|NULL|NULL|NULL|OFF|NULL|NULL|NULL|NULL|1|18|NONE
jw01257001001_0211f_00003_mirifushort_uncal.fits|V01257001001P000000000211F|1257|1|1|01257001001|2|PRIME_TARGETED_FIXED|1|1F|3|MIR_MRS|288|101|MIRI|MIRIFUSHORT|12|1|HH211|HH211|FIXED|MIRI Medium Resolution Spectroscopy|SCIENCE|103|1|2|3|2|NULL|NULL|NULL|1|4-POINT|NULL|4|NULL|NULL|3|NULL|MIRIFU_CHANNEL1A|2026_1b|FULL|NULL|NULL|MEDIUM|NULL|NULL|[('o001', 'OBSERVATION')]|NULL|NULL|NULL|F|F|NULL|NULL|NULL|OFF|NULL|NULL|NULL|NULL|1|18|NONE
jw01257001001_0211f_00004_mirifulong_uncal.fits|V01257001001P000000000211F|1257|1|1|01257001001|2|PRIME_TARGETED_FIXED|1|1F|4|MIR_MRS|288|101|MIRI|MIRIFULONG|34|1|HH211|HH211|FIXED|MIRI Medium Resolution Spectroscopy|SCIENCE|104|1|2|4|2|NULL|NULL|NULL|1|4-POINT|NULL|4|NULL|NULL|4|NULL|MIRIFU_CHANNEL1A|2026_1b|FULL|NULL|NULL|MEDIUM|NULL|NULL|[('o001', 'OBSERVATION')]|NULL|NULL|NULL|F|F|NULL|NULL|NULL|OFF|NULL|NULL|NULL|NULL|1|18|NONE
jw01257001001_0211f_00004_mirifushort_uncal.fits|V01257001001P000000000211F|1257|1|1|01257001001|2|PRIME_TARGETED_FIXED|1|1F|4|MIR_MRS|288|101|MIRI|MIRIFUSHORT|12|1|HH211|HH211|FIXED|MIRI Medium Resolution Spectroscopy|SCIENCE|104|1|2|4|2|NULL|NULL|NULL|1|4-POINT|NULL|4|NULL|NULL|4|NULL|MIRIFU_CHANNEL1A|2026_1b|FULL|NULL|NULL|MEDIUM|NULL|NULL|[('o001', 'OBSERVATION')]|NULL|NULL|NULL|F|F|NULL|NULL|NULL|OFF|NULL|NULL|NULL|NULL|1|18|NONE
jw01257001001_0211h_00001_mirifulong_uncal.fits|V01257001001P000000000211H|1257|1|1|01257001001|2|PRIME_TARGETED_FIXED|1|1H|1|MIR_MRS|288|105|MIRI|MIRIFULONG|34|1|HH211|HH211|FIXED|MIRI Medium Resolution Spectroscopy|SCIENCE|105|1|2|1|3|NULL|NULL|NULL|1|4-POINT|NULL|4|NULL|NULL|1|NULL|MIRIFU_CHANNEL1A|2026_1b|FULL|NULL|NULL|MEDIUM|NULL|NULL|[('o001', 'OBSERVATION')]|NULL|NULL|NULL|F|F|NULL|NULL|NULL|OFF|NULL|NULL|NULL|NULL|1|18|NONE
jw01257001001_0211h_00001_mirifushort_uncal.fits|V01257001001P000000000211H|1257|1|1|01257001001|2|PRIME_TARGETED_FIXED|1|1H|1|MIR_MRS|288|105|MIRI|MIRIFUSHORT|12|1|HH211|HH211|FIXED|MIRI Medium Resolution Spectroscopy|SCIENCE|105|1|2|1|3|NULL|NULL|NULL|1|4-POINT|NULL|4|NULL|NULL|1|NULL|MIRIFU_CHANNEL1A|2026_1b|FULL|NULL|NULL|MEDIUM|NULL|NULL|[('o001', 'OBSERVATION')]|NULL|NULL|NULL|F|F|NULL|NULL|NULL|OFF|NULL|NULL|NULL|NULL|1|18|NONE
jw01257001001_0211h_00002_mirifulong_uncal.fits|V01257001001P000000000211H|1257|1|1|01257001001|2|PRIME_TARGETED_FIXED|1|1H|2|MIR_MRS|288|105|MIRI|MIRIFULONG|34|1|HH211|HH211|FIXED|MIRI Medium Resolution Spectroscopy|SCIENCE|106|1|2|2|3|NULL|NULL|NULL|1|4-POINT|NULL|4|NULL|NULL|2|NULL|MIRIFU_CHANNEL1A|2026_1b|FULL|NULL|NULL|MEDIUM|NULL|NULL|[('o001', 'OBSERVATION')]|NULL|NULL|NULL|F|F|NULL|NULL|NULL|OFF|NULL|NULL|NULL|NULL|1|18|NONE
jw01257001001_0211h_00002_mirifushort_uncal.fits|V01257001001P000000000211H|1257|1|1|01257001001|2|PRIME_TARGETED_FIXED|1|1H|2|MIR_MRS|288|105|MIRI|MIRIFUSHORT|12|1|HH211|HH211|FIXED|MIRI Medium Resolution Spectroscopy|SCIENCE|106|1|2|2|3|NULL|NULL|NULL|1|4-POINT|NULL|4|NULL|NULL|2|NULL|MIRIFU_CHANNEL1A|2026_1b|FULL|NULL|NULL|MEDIUM|NULL|NULL|[('o001', 'OBSERVATION')]|NULL|NULL|NULL|F|F|NULL|NULL|NULL|OFF|NULL|NULL|NULL|NULL|1|18|NONE
jw01257001001_0211h_00003_mirifulong_uncal.fits|V01257001001P000000000211H|1257|1|1|01257001001|2|PRIME_TARGETED_FIXED|1|1H|3|MIR_MRS|288|105|MIRI|MIRIFULONG|34|1|HH211|HH211|FIXED|MIRI Medium Resolution Spectroscopy|SCIENCE|107|1|2|3|3|NULL|NULL|NULL|1|4-POINT|NULL|4|NULL|NULL|3|NULL|MIRIFU_CHANNEL1A|2026_1b|FULL|NULL|NULL|MEDIUM|NULL|NULL|[('o001', 'OBSERVATION')]|NULL|NULL|NULL|F|F|NULL|NULL|NULL|OFF|NULL|NULL|NULL|NULL|1|18|NONE
jw01257001001_0211h_00003_mirifushort_uncal.fits|V01257001001P000000000211H|1257|1|1|01257001001|2|PRIME_TARGETED_FIXED|1|1H|3|MIR_MRS|288|105|MIRI|MIRIFUSHORT|12|1|HH211|HH211|FIXED|MIRI Medium Resolution Spectroscopy|SCIENCE|107|1|2|3|3|NULL|NULL|NULL|1|4-POINT|NULL|4|NULL|NULL|3|NULL|MIRIFU_CHANNEL1A|2026_1b|FULL|NULL|NULL|MEDIUM|NULL|NULL|[('o001', 'OBSERVATION')]|NULL|NULL|NULL|F|F|NULL|NULL|NULL|OFF|NULL|NULL|NULL|NULL|1|18|NONE
jw01257001001_0211h_00004_mirifulong_uncal.fits|V01257001001P000000000211H|1257|1|1|01257001001|2|PRIME_TARGETED_FIXED|1|1H|4|MIR_MRS|288|105|MIRI|MIRIFULONG|34|1|HH211|HH211|FIXED|MIRI Medium Resolution Spectroscopy|SCIENCE|108|1|2|4|3|NULL|NULL|NULL|1|4-POINT|NULL|4|NULL|NULL|4|NULL|MIRIFU_CHANNEL1A|2026_1b|FULL|NULL|NULL|MEDIUM|NULL|NULL|[('o001', 'OBSERVATION')]|NULL|NULL|NULL|F|F|NULL|NULL|NULL|OFF|NULL|NULL|NULL|NULL|1|18|NONE
jw01257001001_0211h_00004_mirifushort_uncal.fits|V01257001001P000000000211H|1257|1|1|01257001001|2|PRIME_TARGETED_FIXED|1|1H|4|MIR_MRS|288|105|MIRI|MIRIFUSHORT|12|1|HH211|HH211|FIXED|MIRI Medium Resolution Spectroscopy|SCIENCE|108|1|2|4|3|NULL|NULL|NULL|1|4-POINT|NULL|4|NULL|NULL|4|NULL|MIRIFU_CHANNEL1A|2026_1b|FULL|NULL|NULL|MEDIUM|NULL|NULL|[('o001', 'OBSERVATION')]|NULL|NULL|NULL|F|F|NULL|NULL|NULL|OFF|NULL|NULL|NULL|NULL|1|18|NONE
jw01257001001_0211j_00001_mirifulong_uncal.fits|V01257001001P000000000211J|1257|1|1|01257001001|2|PRIME_TARGETED_FIXED|1|1J|1|MIR_MRS|288|109|MIRI|MIRIFULONG|34|1|HH211|HH211|FIXED|MIRI Medium Resolution Spectroscopy|SCIENCE|109|1|2|1|4|NULL|NULL|NULL|1|4-POINT|NULL|4|NULL|NULL|1|NULL|MIRIFU_CHANNEL1A|2026_1b|FULL|NULL|NULL|MEDIUM|NULL|NULL|[('o001', 'OBSERVATION')]|NULL|NULL|NULL|F|F|NULL|NULL|NULL|OFF|NULL|NULL|NULL|NULL|1|18|NONE
jw01257001001_0211j_00001_mirifushort_uncal.fits|V01257001001P000000000211J|1257|1|1|01257001001|2|PRIME_TARGETED_FIXED|1|1J|1|MIR_MRS|288|109|MIRI|MIRIFUSHORT|12|1|HH211|HH211|FIXED|MIRI Medium Resolution Spectroscopy|SCIENCE|109|1|2|1|4|NULL|NULL|NULL|1|4-POINT|NULL|4|NULL|NULL|1|NULL|MIRIFU_CHANNEL1A|2026_1b|FULL|NULL|NULL|MEDIUM|NULL|NULL|[('o001', 'OBSERVATION')]|NULL|NULL|NULL|F|F|NULL|NULL|NULL|OFF|NULL|NULL|NULL|NULL|1|18|NONE
jw01257001001_0211j_00002_mirifulong_uncal.fits|V01257001001P000000000211J|1257|1|1|01257001001|2|PRIME_TARGETED_FIXED|1|1J|2|MIR_MRS|288|109|MIRI|MIRIFULONG|34|1|HH211|HH211|FIXED|MIRI Medium Resolution Spectroscopy|SCIENCE|110|1|2|2|4|NULL|NULL|NULL|1|4-POINT|NULL|4|NULL|NULL|2|NULL|MIRIFU_CHANNEL1A|2026_1b|FULL|NULL|NULL|MEDIUM|NULL|NULL|[('o001', 'OBSERVATION')]|NULL|NULL|NULL|F|F|NULL|NULL|NULL|OFF|NULL|NULL|NULL|NULL|1|18|NONE
jw01257001001_0211j_00002_mirifushort_uncal.fits|V01257001001P000000000211J|1257|1|1|01257001001|2|PRIME_TARGETED_FIXED|1|1J|2|MIR_MRS|288|109|MIRI|MIRIFUSHORT|12|1|HH211|HH211|FIXED|MIRI Medium Resolution Spectroscopy|SCIENCE|110|1|2|2|4|NULL|NULL|NULL|1|4-POINT|NULL|4|NULL|NULL|2|NULL|MIRIFU_CHANNEL1A|2026_1b|FULL|NULL|NULL|MEDIUM|NULL|NULL|[('o001', 'OBSERVATION')]|NULL|NULL|NULL|F|F|NULL|NULL|NULL|OFF|NULL|NULL|NULL|NULL|1|18|NONE
jw01257001001_0211j_00003_mirifulong_uncal.fits|V01257001001P000000000211J|1257|1|1|01257001001|2|PRIME_TARGETED_FIXED|1|1J|3|MIR_MRS|288|109|MIRI|MIRIFULONG|34|1|HH211|HH211|FIXED|MIRI Medium Resolution Spectroscopy|SCIENCE|111|1|2|3|4|NULL|NULL|NULL|1|4-POINT|NULL|4|NULL|NULL|3|NULL|MIRIFU_CHANNEL1A|2026_1b|FULL|NULL|NULL|MEDIUM|NULL|NULL|[('o001', 'OBSERVATION')]|NULL|NULL|NULL|F|F|NULL|NULL|NULL|OFF|NULL|NULL|NULL|NULL|1|18|NONE
jw01257001001_0211j_00003_mirifushort_uncal.fits|V01257001001P000000000211J|1257|1|1|01257001001|2|PRIME_TARGETED_FIXED|1|1J|3|MIR_MRS|288|109|MIRI|MIRIFUSHORT|12|1|HH211|HH211|FIXED|MIRI Medium Resolution Spectroscopy|SCIENCE|111|1|2|3|4|NULL|NULL|NULL|1|4-POINT|NULL|4|NULL|NULL|3|NULL|MIRIFU_CHANNEL1A|2026_1b|FULL|NULL|NULL|MEDIUM|NULL|NULL|[('o001', 'OBSERVATION')]|NULL|NULL|NULL|F|F|NULL|NULL|NULL|OFF|NULL|NULL|NULL|NULL|1|18|NONE
jw01257001001_0211j_00004_mirifulong_uncal.fits|V01257001001P000000000211J|1257|1|1|01257001001|2|PRIME_TARGETED_FIXED|1|1J|4|MIR_MRS|288|109|MIRI|MIRIFULONG|34|1|HH211|HH211|FIXED|MIRI Medium Resolution Spectroscopy|SCIENCE|112|1|2|4|4|NULL|NULL|NULL|1|4-POINT|NULL|4|NULL|NULL|4|NULL|MIRIFU_CHANNEL1A|2026_1b|FULL|NULL|NULL|MEDIUM|NULL|NULL|[('o001', 'OBSERVATION')]|NULL|NULL|NULL|F|F|NULL|NULL|NULL|OFF|NULL|NULL|NULL|NULL|1|18|NONE
jw01257001001_0211j_00004_mirifushort_uncal.fits|V01257001001P000000000211J|1257|1|1|01257001001|2|PRIME_TARGETED_FIXED|1|1J|4|MIR_MRS|288|109|MIRI|MIRIFUSHORT|12|1|HH211|HH211|FIXED|MIRI Medium Resolution Spectroscopy|SCIENCE|112|1|2|4|4|NULL|NULL|NULL|1|4-POINT|NULL|4|NULL|NULL|4|NULL|MIRIFU_CHANNEL1A|2026_1b|FULL|NULL|NULL|MEDIUM|NULL|NULL|[('o001', 'OBSERVATION')]|NULL|NULL|NULL|F|F|NULL|NULL|NULL|OFF|NULL|NULL|NULL|NULL|1|18|NONE
jw01257001001_0211l_00001_mirifulong_uncal.fits|V01257001001P000000000211L|1257|1|1|01257001001|2|PRIME_TARGETED_FIXED|1|1L|1|MIR_MRS|288|113|MIRI|MIRIFULONG|34|1|HH211|HH211|FIXED|MIRI Medium Resolution Spectroscopy|SCIENCE|113|1|2|1|5|NULL|NULL|NULL|1|4-POINT|NULL|4|NULL|NULL|1|NULL|MIRIFU_CHANNEL1A|2026_1b|FULL|NULL|NULL|MEDIUM|NULL|NULL|[('o001', 'OBSERVATION')]|NULL|NULL|NULL|F|F|NULL|NULL|NULL|OFF|NULL|NULL|NULL|NULL|1|18|NONE
jw01257001001_0211l_00001_mirifushort_uncal.fits|V01257001001P000000000211L|1257|1|1|01257001001|2|PRIME_TARGETED_FIXED|1|1L|1|MIR_MRS|288|113|MIRI|MIRIFUSHORT|12|1|HH211|HH211|FIXED|MIRI Medium Resolution Spectroscopy|SCIENCE|113|1|2|1|5|NULL|NULL|NULL|1|4-POINT|NULL|4|NULL|NULL|1|NULL|MIRIFU_CHANNEL1A|2026_1b|FULL|NULL|NULL|MEDIUM|NULL|NULL|[('o001', 'OBSERVATION')]|NULL|NULL|NULL|F|F|NULL|NULL|NULL|OFF|NULL|NULL|NULL|NULL|1|18|NONE
jw01257001001_0211l_00002_mirifulong_uncal.fits|V01257001001P000000000211L|1257|1|1|01257001001|2|PRIME_TARGETED_FIXED|1|1L|2|MIR_MRS|288|113|MIRI|MIRIFULONG|34|1|HH211|HH211|FIXED|MIRI Medium Resolution Spectroscopy|SCIENCE|114|1|2|2|5|NULL|NULL|NULL|1|4-POINT|NULL|4|NULL|NULL|2|NULL|MIRIFU_CHANNEL1A|2026_1b|FULL|NULL|NULL|MEDIUM|NULL|NULL|[('o001', 'OBSERVATION')]|NULL|NULL|NULL|F|F|NULL|NULL|NULL|OFF|NULL|NULL|NULL|NULL|1|18|NONE
jw01257001001_0211l_00002_mirifushort_uncal.fits|V01257001001P000000000211L|1257|1|1|01257001001|2|PRIME_TARGETED_FIXED|1|1L|2|MIR_MRS|288|113|MIRI|MIRIFUSHORT|12|1|HH211|HH211|FIXED|MIRI Medium Resolution Spectroscopy|SCIENCE|114|1|2|2|5|NULL|NULL|NULL|1|4-POINT|NULL|4|NULL|NULL|2|NULL|MIRIFU_CHANNEL1A|2026_1b|FULL|NULL|NULL|MEDIUM|NULL|NULL|[('o001', 'OBSERVATION')]|NULL|NULL|NULL|F|F|NULL|NULL|NULL|OFF|NULL|NULL|NULL|NULL|1|18|NONE
jw01257001001_0211l_00003_mirifulong_uncal.fits|V01257001001P000000000211L|1257|1|1|01257001001|2|PRIME_TARGETED_FIXED|1|1L|3|MIR_MRS|288|113|MIRI|MIRIFULONG|34|1|HH211|HH211|FIXED|MIRI Medium Resolution Spectroscopy|SCIENCE|115|1|2|3|5|NULL|NULL|NULL|1|4-POINT|NULL|4|NULL|NULL|3|NULL|MIRIFU_CHANNEL1A|2026_1b|FULL|NULL|NULL|MEDIUM|NULL|NULL|[('o001', 'OBSERVATION')]|NULL|NULL|NULL|F|F|NULL|NULL|NULL|OFF|NULL|NULL|NULL|NULL|1|18|NONE
jw01257001001_0211l_00003_mirifushort_uncal.fits|V01257001001P000000000211L|1257|1|1|01257001001|2|PRIME_TARGETED_FIXED|1|1L|3|MIR_MRS|288|113|MIRI|MIRIFUSHORT|12|1|HH211|HH211|FIXED|MIRI Medium Resolution Spectroscopy|SCIENCE|115|1|2|3|5|NULL|NULL|NULL|1|4-POINT|NULL|4|NULL|NULL|3|NULL|MIRIFU_CHANNEL1A|2026_1b|FULL|NULL|NULL|MEDIUM|NULL|NULL|[('o001', 'OBSERVATION')]|NULL|NULL|NULL|F|F|NULL|NULL|NULL|OFF|NULL|NULL|NULL|NULL|1|18|NONE
jw01257001001_0211l_00004_mirifulong_uncal.fits|V01257001001P000000000211L|1257|1|1|01257001001|2|PRIME_TARGETED_FIXED|1|1L|4|MIR_MRS|288|113|MIRI|MIRIFULONG|34|1|HH211|HH211|FIXED|MIRI Medium Resolution Spectroscopy|SCIENCE|116|1|2|4|5|NULL|NULL|NULL|1|4-POINT|NULL|4|NULL|NULL|4|NULL|MIRIFU_CHANNEL1A|2026_1b|FULL|NULL|NULL|MEDIUM|NULL|NULL|[('o001', 'OBSERVATION')]|NULL|NULL|NULL|F|F|NULL|NULL|NULL|OFF|NULL|NULL|NULL|NULL|1|18|NONE
jw01257001001_0211l_00004_mirifushort_uncal.fits|V01257001001P000000000211L|1257|1|1|01257001001|2|PRIME_TARGETED_FIXED|1|1L|4|MIR_MRS|288|113|MIRI|MIRIFUSHORT|12|1|HH211|HH211|FIXED|MIRI Medium Resolution Spectroscopy|SCIENCE|116|1|2|4|5|NULL|NULL|NULL|1|4-POINT|NULL|4|NULL|NULL|4|NULL|MIRIFU_CHANNEL1A|2026_1b|FULL|NULL|NULL|MEDIUM|NULL|NULL|[('o001', 'OBSERVATION')]|NULL|NULL|NULL|F|F|NULL|NULL|NULL|OFF|NULL|NULL|NULL|NULL|1|18|NONE
jw01257001001_0211n_00001_mirifulong_uncal.fits|V01257001001P000000000211N|1257|1|1|01257001001|2|PRIME_TARGETED_FIXED|1|1N|1|MIR_MRS|288|117|MIRI|MIRIFULONG|34|1|HH211|HH211|FIXED|MIRI Medium Resolution Spectroscopy|SCIENCE|117|1|2|1|6|NULL|NULL|NULL|1|4-POINT|NULL|4|NULL|NULL|1|NULL|MIRIFU_CHANNEL1A|2026_1b|FULL|NULL|NULL|MEDIUM|NULL|NULL|[('o001', 'OBSERVATION')]|NULL|NULL|NULL|F|F|NULL|NULL|NULL|OFF|NULL|NULL|NULL|NULL|1|18|NONE
jw01257001001_0211n_00001_mirifushort_uncal.fits|V01257001001P000000000211N|1257|1|1|01257001001|2|PRIME_TARGETED_FIXED|1|1N|1|MIR_MRS|288|117|MIRI|MIRIFUSHORT|12|1|HH211|HH211|FIXED|MIRI Medium Resolution Spectroscopy|SCIENCE|117|1|2|1|6|NULL|NULL|NULL|1|4-POINT|NULL|4|NULL|NULL|1|NULL|MIRIFU_CHANNEL1A|2026_1b|FULL|NULL|NULL|MEDIUM|NULL|NULL|[('o001', 'OBSERVATION')]|NULL|NULL|NULL|F|F|NULL|NULL|NULL|OFF|NULL|NULL|NULL|NULL|1|18|NONE
jw01257001001_0211n_00002_mirifulong_uncal.fits|V01257001001P000000000211N|1257|1|1|01257001001|2|PRIME_TARGETED_FIXED|1|1N|2|MIR_MRS|288|117|MIRI|MIRIFULONG|34|1|HH211|HH211|FIXED|MIRI Medium Resolution Spectroscopy|SCIENCE|118|1|2|2|6|NULL|NULL|NULL|1|4-POINT|NULL|4|NULL|NULL|2|NULL|MIRIFU_CHANNEL1A|2026_1b|FULL|NULL|NULL|MEDIUM|NULL|NULL|[('o001', 'OBSERVATION')]|NULL|NULL|NULL|F|F|NULL|NULL|NULL|OFF|NULL|NULL|NULL|NULL|1|18|NONE
jw01257001001_0211n_00002_mirifushort_uncal.fits|V01257001001P000000000211N|1257|1|1|01257001001|2|PRIME_TARGETED_FIXED|1|1N|2|MIR_MRS|288|117|MIRI|MIRIFUSHORT|12|1|HH211|HH211|FIXED|MIRI Medium Resolution Spectroscopy|SCIENCE|118|1|2|2|6|NULL|NULL|NULL|1|4-POINT|NULL|4|NULL|NULL|2|NULL|MIRIFU_CHANNEL1A|2026_1b|FULL|NULL|NULL|MEDIUM|NULL|NULL|[('o001', 'OBSERVATION')]|NULL|NULL|NULL|F|F|NULL|NULL|NULL|OFF|NULL|NULL|NULL|NULL|1|18|NONE
jw01257001001_0211n_00003_mirifulong_uncal.fits|V01257001001P000000000211N|1257|1|1|01257001001|2|PRIME_TARGETED_FIXED|1|1N|3|MIR_MRS|288|117|MIRI|MIRIFULONG|34|1|HH211|HH211|FIXED|MIRI Medium Resolution Spectroscopy|SCIENCE|119|1|2|3|6|NULL|NULL|NULL|1|4-POINT|NULL|4|NULL|NULL|3|NULL|MIRIFU_CHANNEL1A|2026_1b|FULL|NULL|NULL|MEDIUM|NULL|NULL|[('o001', 'OBSERVATION')]|NULL|NULL|NULL|F|F|NULL|NULL|NULL|OFF|NULL|NULL|NULL|NULL|1|18|NONE
jw01257001001_0211n_00003_mirifushort_uncal.fits|V01257001001P000000000211N|1257|1|1|01257001001|2|PRIME_TARGETED_FIXED|1|1N|3|MIR_MRS|288|117|MIRI|MIRIFUSHORT|12|1|HH211|HH211|FIXED|MIRI Medium Resolution Spectroscopy|SCIENCE|119|1|2|3|6|NULL|NULL|NULL|1|4-POINT|NULL|4|NULL|NULL|3|NULL|MIRIFU_CHANNEL1A|2026_1b|FULL|NULL|NULL|MEDIUM|NULL|NULL|[('o001', 'OBSERVATION')]|NULL|NULL|NULL|F|F|NULL|NULL|NULL|OFF|NULL|NULL|NULL|NULL|1|18|NONE
jw01257001001_0211n_00004_mirifulong_uncal.fits|V01257001001P000000000211N|1257|1|1|01257001001|2|PRIME_TARGETED_FIXED|1|1N|4|MIR_MRS|288|117|MIRI|MIRIFULONG|34|1|HH211|HH211|FIXED|MIRI Medium Resolution Spectroscopy|SCIENCE|120|1|2|4|6|NULL|NULL|NULL|1|4-POINT|NULL|4|NULL|NULL|4|NULL|MIRIFU_CHANNEL1A|2026_1b|FULL|NULL|NULL|MEDIUM|NULL|NULL|[('o001', 'OBSERVATION')]|NULL|NULL|NULL|F|F|NULL|NULL|NULL|OFF|NULL|NULL|NULL|NULL|1|18|NONE
jw01257001001_0211n_00004_mirifushort_uncal.fits|V01257001001P000000000211N|1257|1|1|01257001001|2|PRIME_TARGETED_FIXED|1|1N|4|MIR_MRS|288|117|MIRI|MIRIFUSHORT|12|1|HH211|HH211|FIXED|MIRI Medium Resolution Spectroscopy|SCIENCE|120|1|2|4|6|NULL|NULL|NULL|1|4-POINT|NULL|4|NULL|NULL|4|NULL|MIRIFU_CHANNEL1A|2026_1b|FULL|NULL|NULL|MEDIUM|NULL|NULL|[('o001', 'OBSERVATION')]|NULL|NULL|NULL|F|F|NULL|NULL|NULL|OFF|NULL|NULL|NULL|NULL|1|18|NONE
jw01257001001_0211p_00001_mirifulong_uncal.fits|V01257001001P000000000211P|1257|1|1|01257001001|2|PRIME_TARGETED_FIXED|1|1P|1|MIR_MRS|288|121|MIRI|MIRIFULONG|34|1|HH211|HH211|FIXED|MIRI Medium Resolution Spectroscopy|SCIENCE|121|1|2|1|7|NULL|NULL|NULL|1|4-POINT|NULL|4|NULL|NULL|1|NULL|MIRIFU_CHANNEL1A|2026_1b|FULL|NULL|NULL|MEDIUM|NULL|NULL|[('o001', 'OBSERVATION')]|NULL|NULL|NULL|F|F|NULL|NULL|NULL|OFF|NULL|NULL|NULL|NULL|1|18|NONE
jw01257001001_0211p_00001_mirifushort_uncal.fits|V01257001001P000000000211P|1257|1|1|01257001001|2|PRIME_TARGETED_FIXED|1|1P|1|MIR_MRS|288|121|MIRI|MIRIFUSHORT|12|1|HH211|HH211|FIXED|MIRI Medium Resolution Spectroscopy|SCIENCE|121|1|2|1|7|NULL|NULL|NULL|1|4-POINT|NULL|4|NULL|NULL|1|NULL|MIRIFU_CHANNEL1A|2026_1b|FULL|NULL|NULL|MEDIUM|NULL|NULL|[('o001', 'OBSERVATION')]|NULL|NULL|NULL|F|F|NULL|NULL|NULL|OFF|NULL|NULL|NULL|NULL|1|18|NONE
jw01257001001_0211p_00002_mirifulong_uncal.fits|V01257001001P000000000211P|1257|1|1|01257001001|2|PRIME_TARGETED_FIXED|1|1P|2|MIR_MRS|288|121|MIRI|MIRIFULONG|34|1|HH211|HH211|FIXED|MIRI Medium Resolution Spectroscopy|SCIENCE|122|1|2|2|7|NULL|NULL|NULL|1|4-POINT|NULL|4|NULL|NULL|2|NULL|MIRIFU_CHANNEL1A|2026_1b|FULL|NULL|NULL|MEDIUM|NULL|NULL|[('o001', 'OBSERVATION')]|NULL|NULL|NULL|F|F|NULL|NULL|NULL|OFF|NULL|NULL|NULL|NULL|1|18|NONE
jw01257001001_0211p_00002_mirifushort_uncal.fits|V01257001001P000000000211P|1257|1|1|01257001001|2|PRIME_TARGETED_FIXED|1|1P|2|MIR_MRS|288|121|MIRI|MIRIFUSHORT|12|1|HH211|HH211|FIXED|MIRI Medium Resolution Spectroscopy|SCIENCE|122|1|2|2|7|NULL|NULL|NULL|1|4-POINT|NULL|4|NULL|NULL|2|NULL|MIRIFU_CHANNEL1A|2026_1b|FULL|NULL|NULL|MEDIUM|NULL|NULL|[('o001', 'OBSERVATION')]|NULL|NULL|NULL|F|F|NULL|NULL|NULL|OFF|NULL|NULL|NULL|NULL|1|18|NONE
jw01257001001_0211p_00003_mirifulong_uncal.fits|V01257001001P000000000211P|1257|1|1|01257001001|2|PRIME_TARGETED_FIXED|1|1P|3|MIR_MRS|288|121|MIRI|MIRIFULONG|34|1|HH211|HH211|FIXED|MIRI Medium Resolution Spectroscopy|SCIENCE|123|1|2|3|7|NULL|NULL|NULL|1|4-POINT|NULL|4|NULL|NULL|3|NULL|MIRIFU_CHANNEL1A|2026_1b|FULL|NULL|NULL|MEDIUM|NULL|NULL|[('o001', 'OBSERVATION')]|NULL|NULL|NULL|F|F|NULL|NULL|NULL|OFF|NULL|NULL|NULL|NULL|1|18|NONE
jw01257001001_0211p_00003_mirifushort_uncal.fits|V01257001001P000000000211P|1257|1|1|01257001001|2|PRIME_TARGETED_FIXED|1|1P|3|MIR_MRS|288|121|MIRI|MIRIFUSHORT|12|1|HH211|HH211|FIXED|MIRI Medium Resolution Spectroscopy|SCIENCE|123|1|2|3|7|NULL|NULL|NULL|1|4-POINT|NULL|4|NULL|NULL|3|NULL|MIRIFU_CHANNEL1A|2026_1b|FULL|NULL|NULL|MEDIUM|NULL|NULL|[('o001', 'OBSERVATION')]|NULL|NULL|NULL|F|F|NULL|NULL|NULL|OFF|NULL|NULL|NULL|NULL|1|18|NONE
jw01257001001_0211p_00004_mirifulong_uncal.fits|V01257001001P000000000211P|1257|1|1|01257001001|2|PRIME_TARGETED_FIXED|1|1P|4|MIR_MRS|288|121|MIRI|MIRIFULONG|34|1|HH211|HH211|FIXED|MIRI Medium Resolution Spectroscopy|SCIENCE|124|1|2|4|7|NULL|NULL|NULL|1|4-POINT|NULL|4|NULL|NULL|4|NULL|MIRIFU_CHANNEL1A|2026_1b|FULL|NULL|NULL|MEDIUM|NULL|NULL|[('o001', 'OBSERVATION')]|NULL|NULL|NULL|F|F|NULL|NULL|NULL|OFF|NULL|NULL|NULL|NULL|1|18|NONE
jw01257001001_0211p_00004_mirifushort_uncal.fits|V01257001001P000000000211P|1257|1|1|01257001001|2|PRIME_TARGETED_FIXED|1|1P|4|MIR_MRS|288|121|MIRI|MIRIFUSHORT|12|1|HH211|HH211|FIXED|MIRI Medium Resolution Spectroscopy|SCIENCE|124|1|2|4|7|NULL|NULL|NULL|1|4-POINT|NULL|4|NULL|NULL|4|NULL|MIRIFU_CHANNEL1A|2026_1b|FULL|NULL|NULL|MEDIUM|NULL|NULL|[('o001', 'OBSERVATION')]|NULL|NULL|NULL|F|F|NULL|NULL|NULL|OFF|NULL|NULL|NULL|NULL|1|18|NONE
jw01257001001_0211r_00001_mirifulong_uncal.fits|V01257001001P000000000211R|1257|1|1|01257001001|2|PRIME_TARGETED_FIXED|1|1R|1|MIR_MRS|288|125|MIRI|MIRIFULONG|34|1|HH211|HH211|FIXED|MIRI Medium Resolution Spectroscopy|SCIENCE|125|1|2|1|8|NULL|NULL|NULL|1|4-POINT|NULL|4|NULL|NULL|1|NULL|MIRIFU_CHANNEL1A|2026_1b|FULL|NULL|NULL|MEDIUM|NULL|NULL|[('o001', 'OBSERVATION')]|NULL|NULL|NULL|F|F|NULL|NULL|NULL|OFF|NULL|NULL|NULL|NULL|1|18|NONE
jw01257001001_0211r_00001_mirifushort_uncal.fits|V01257001001P000000000211R|1257|1|1|01257001001|2|PRIME_TARGETED_FIXED|1|1R|1|MIR_MRS|288|125|MIRI|MIRIFUSHORT|12|1|HH211|HH211|FIXED|MIRI Medium Resolution Spectroscopy|SCIENCE|125|1|2|1|8|NULL|NULL|NULL|1|4-POINT|NULL|4|NULL|NULL|1|NULL|MIRIFU_CHANNEL1A|2026_1b|FULL|NULL|NULL|MEDIUM|NULL|NULL|[('o001', 'OBSERVATION')]|NULL|NULL|NULL|F|F|NULL|NULL|NULL|OFF|NULL|NULL|NULL|NULL|1|18|NONE
jw01257001001_0211r_00002_mirifulong_uncal.fits|V01257001001P000000000211R|1257|1|1|01257001001|2|PRIME_TARGETED_FIXED|1|1R|2|MIR_MRS|288|125|MIRI|MIRIFULONG|34|1|HH211|HH211|FIXED|MIRI Medium Resolution Spectroscopy|SCIENCE|126|1|2|2|8|NULL|NULL|NULL|1|4-POINT|NULL|4|NULL|NULL|2|NULL|MIRIFU_CHANNEL1A|2026_1b|FULL|NULL|NULL|MEDIUM|NULL|NULL|[('o001', 'OBSERVATION')]|NULL|NULL|NULL|F|F|NULL|NULL|NULL|OFF|NULL|NULL|NULL|NULL|1|18|NONE
jw01257001001_0211r_00002_mirifushort_uncal.fits|V01257001001P000000000211R|1257|1|1|01257001001|2|PRIME_TARGETED_FIXED|1|1R|2|MIR_MRS|288|125|MIRI|MIRIFUSHORT|12|1|HH211|HH211|FIXED|MIRI Medium Resolution Spectroscopy|SCIENCE|126|1|2|2|8|NULL|NULL|NULL|1|4-POINT|NULL|4|NULL|NULL|2|NULL|MIRIFU_CHANNEL1A|2026_1b|FULL|NULL|NULL|MEDIUM|NULL|NULL|[('o001', 'OBSERVATION')]|NULL|NULL|NULL|F|F|NULL|NULL|NULL|OFF|NULL|NULL|NULL|NULL|1|18|NONE
jw01257001001_0211r_00003_mirifulong_uncal.fits|V01257001001P000000000211R|1257|1|1|01257001001|2|PRIME_TARGETED_FIXED|1|1R|3|MIR_MRS|288|125|MIRI|MIRIFULONG|34|1|HH211|HH211|FIXED|MIRI Medium Resolution Spectroscopy|SCIENCE|127|1|2|3|8|NULL|NULL|NULL|1|4-POINT|NULL|4|NULL|NULL|3|NULL|MIRIFU_CHANNEL1A|2026_1b|FULL|NULL|NULL|MEDIUM|NULL|NULL|[('o001', 'OBSERVATION')]|NULL|NULL|NULL|F|F|NULL|NULL|NULL|OFF|NULL|NULL|NULL|NULL|1|18|NONE
jw01257001001_0211r_00003_mirifushort_uncal.fits|V01257001001P000000000211R|1257|1|1|01257001001|2|PRIME_TARGETED_FIXED|1|1R|3|MIR_MRS|288|125|MIRI|MIRIFUSHORT|12|1|HH211|HH211|FIXED|MIRI Medium Resolution Spectroscopy|SCIENCE|127|1|2|3|8|NULL|NULL|NULL|1|4-POINT|NULL|4|NULL|NULL|3|NULL|MIRIFU_CHANNEL1A|2026_1b|FULL|NULL|NULL|MEDIUM|NULL|NULL|[('o001', 'OBSERVATION')]|NULL|NULL|NULL|F|F|NULL|NULL|NULL|OFF|NULL|NULL|NULL|NULL|1|18|NONE
jw01257001001_0211r_00004_mirifulong_uncal.fits|V01257001001P000000000211R|1257|1|1|01257001001|2|PRIME_TARGETED_FIXED|1|1R|4|MIR_MRS|288|125|MIRI|MIRIFULONG|34|1|HH211|HH211|FIXED|MIRI Medium Resolution Spectroscopy|SCIENCE|128|1|2|4|8|NULL|NULL|NULL|1|4-POINT|NULL|4|NULL|NULL|4|NULL|MIRIFU_CHANNEL1A|2026_1b|FULL|NULL|NULL|MEDIUM|NULL|NULL|[('o001', 'OBSERVATION')]|NULL|NULL|NULL|F|F|NULL|NULL|NULL|OFF|NULL|NULL|NULL|NULL|1|18|NONE
jw01257001001_0211r_00004_mirifushort_uncal.fits|V01257001001P000000000211R|1257|1|1|01257001001|2|PRIME_TARGETED_FIXED|1|1R|4|MIR_MRS|288|125|MIRI|MIRIFUSHORT|12|1|HH211|HH211|FIXED|MIRI Medium Resolution Spectroscopy|SCIENCE|128|1|2|4|8|NULL|NULL|NULL|1|4-POINT|NULL|4|NULL|NULL|4|NULL|MIRIFU_CHANNEL1A|2026_1b|FULL|NULL|NULL|MEDIUM|NULL|NULL|[('o001', 'OBSERVATION')]|NULL|NULL|NULL|F|F|NULL|NULL|NULL|OFF|NULL|NULL|NULL|NULL|1|18|NONE
jw01257001001_0211t_00001_mirifulong_uncal.fits|V01257001001P000000000211T|1257|1|1|01257001001|2|PRIME_TARGETED_FIXED|1|1T|1|MIR_MRS|288|129|MIRI|MIRIFULONG|34|1|HH211|HH211|FIXED|MIRI Medium Resolution Spectroscopy|SCIENCE|129|1|2|1|9|NULL|NULL|NULL|1|4-POINT|NULL|4|NULL|NULL|1|NULL|MIRIFU_CHANNEL1A|2026_1b|FULL|NULL|NULL|MEDIUM|NULL|NULL|[('o001', 'OBSERVATION')]|NULL|NULL|NULL|F|F|NULL|NULL|NULL|OFF|NULL|NULL|NULL|NULL|1|18|NONE
jw01257001001_0211t_00001_mirifushort_uncal.fits|V01257001001P000000000211T|1257|1|1|01257001001|2|PRIME_TARGETED_FIXED|1|1T|1|MIR_MRS|288|129|MIRI|MIRIFUSHORT|12|1|HH211|HH211|FIXED|MIRI Medium Resolution Spectroscopy|SCIENCE|129|1|2|1|9|NULL|NULL|NULL|1|4-POINT|NULL|4|NULL|NULL|1|NULL|MIRIFU_CHANNEL1A|2026_1b|FULL|NULL|NULL|MEDIUM|NULL|NULL|[('o001', 'OBSERVATION')]|NULL|NULL|NULL|F|F|NULL|NULL|NULL|OFF|NULL|NULL|NULL|NULL|1|18|NONE
jw01257001001_0211t_00002_mirifulong_uncal.fits|V01257001001P000000000211T|1257|1|1|01257001001|2|PRIME_TARGETED_FIXED|1|1T|2|MIR_MRS|288|129|MIRI|MIRIFULONG|34|1|HH211|HH211|FIXED|MIRI Medium Resolution Spectroscopy|SCIENCE|130|1|2|2|9|NULL|NULL|NULL|1|4-POINT|NULL|4|NULL|NULL|2|NULL|MIRIFU_CHANNEL1A|2026_1b|FULL|NULL|NULL|MEDIUM|NULL|NULL|[('o001', 'OBSERVATION')]|NULL|NULL|NULL|F|F|NULL|NULL|NULL|OFF|NULL|NULL|NULL|NULL|1|18|NONE
jw01257001001_0211t_00002_mirifushort_uncal.fits|V01257001001P000000000211T|1257|1|1|01257001001|2|PRIME_TARGETED_FIXED|1|1T|2|MIR_MRS|288|129|MIRI|MIRIFUSHORT|12|1|HH211|HH211|FIXED|MIRI Medium Resolution Spectroscopy|SCIENCE|130|1|2|2|9|NULL|NULL|NULL|1|4-POINT|NULL|4|NULL|NULL|2|NULL|MIRIFU_CHANNEL1A|2026_1b|FULL|NULL|NULL|MEDIUM|NULL|NULL|[('o001', 'OBSERVATION')]|NULL|NULL|NULL|F|F|NULL|NULL|NULL|OFF|NULL|NULL|NULL|NULL|1|18|NONE
jw01257001001_0211t_00003_mirifulong_uncal.fits|V01257001001P000000000211T|1257|1|1|01257001001|2|PRIME_TARGETED_FIXED|1|1T|3|MIR_MRS|288|129|MIRI|MIRIFULONG|34|1|HH211|HH211|FIXED|MIRI Medium Resolution Spectroscopy|SCIENCE|131|1|2|3|9|NULL|NULL|NULL|1|4-POINT|NULL|4|NULL|NULL|3|NULL|MIRIFU_CHANNEL1A|2026_1b|FULL|NULL|NULL|MEDIUM|NULL|NULL|[('o001', 'OBSERVATION')]|NULL|NULL|NULL|F|F|NULL|NULL|NULL|OFF|NULL|NULL|NULL|NULL|1|18|NONE
jw01257001001_0211t_00003_mirifushort_uncal.fits|V01257001001P000000000211T|1257|1|1|01257001001|2|PRIME_TARGETED_FIXED|1|1T|3|MIR_MRS|288|129|MIRI|MIRIFUSHORT|12|1|HH211|HH211|FIXED|MIRI Medium Resolution Spectroscopy|SCIENCE|131|1|2|3|9|NULL|NULL|NULL|1|4-POINT|NULL|4|NULL|NULL|3|NULL|MIRIFU_CHANNEL1A|2026_1b|FULL|NULL|NULL|MEDIUM|NULL|NULL|[('o001', 'OBSERVATION')]|NULL|NULL|NULL|F|F|NULL|NULL|NULL|OFF|NULL|NULL|NULL|NULL|1|18|NONE
jw01257001001_0211t_00004_mirifulong_uncal.fits|V01257001001P000000000211T|1257|1|1|01257001001|2|PRIME_TARGETED_FIXED|1|1T|4|MIR_MRS|288|129|MIRI|MIRIFULONG|34|1|HH211|HH211|FIXED|MIRI Medium Resolution Spectroscopy|SCIENCE|132|1|2|4|9|NULL|NULL|NULL|1|4-POINT|NULL|4|NULL|NULL|4|NULL|MIRIFU_CHANNEL1A|2026_1b|FULL|NULL|NULL|MEDIUM|NULL|NULL|[('o001', 'OBSERVATION')]|NULL|NULL|NULL|F|F|NULL|NULL|NULL|OFF|NULL|NULL|NULL|NULL|1|18|NONE
jw01257001001_0211t_00004_mirifushort_uncal.fits|V01257001001P000000000211T|1257|1|1|01257001001|2|PRIME_TARGETED_FIXED|1|1T|4|MIR_MRS|288|129|MIRI|MIRIFUSHORT|12|1|HH211|HH211|FIXED|MIRI Medium Resolution Spectroscopy|SCIENCE|132|1|2|4|9|NULL|NULL|NULL|1|4-POINT|NULL|4|NULL|NULL|4|NULL|MIRIFU_CHANNEL1A|2026_1b|FULL|NULL|NULL|MEDIUM|NULL|NULL|[('o001', 'OBSERVATION')]|NULL|NULL|NULL|F|F|NULL|NULL|NULL|OFF|NULL|NULL|NULL|NULL|1|18|NONE
jw01257001001_0211v_00001_mirifulong_uncal.fits|V01257001001P000000000211V|1257|1|1|01257001001|2|PRIME_TARGETED_FIXED|1|1V|1|MIR_MRS|288|133|MIRI|MIRIFULONG|34|1|HH211|HH211|FIXED|MIRI Medium Resolution Spectroscopy|SCIENCE|133|1|2|1|10|NULL|NULL|NULL|1|4-POINT|NULL|4|NULL|NULL|1|NULL|MIRIFU_CHANNEL1A|2026_1b|FULL|NULL|NULL|MEDIUM|NULL|NULL|[('o001', 'OBSERVATION')]|NULL|NULL|NULL|F|F|NULL|NULL|NULL|OFF|NULL|NULL|NULL|NULL|1|18|NONE
jw01257001001_0211v_00001_mirifushort_uncal.fits|V01257001001P000000000211V|1257|1|1|01257001001|2|PRIME_TARGETED_FIXED|1|1V|1|MIR_MRS|288|133|MIRI|MIRIFUSHORT|12|1|HH211|HH211|FIXED|MIRI Medium Resolution Spectroscopy|SCIENCE|133|1|2|1|10|NULL|NULL|NULL|1|4-POINT|NULL|4|NULL|NULL|1|NULL|MIRIFU_CHANNEL1A|2026_1b|FULL|NULL|NULL|MEDIUM|NULL|NULL|[('o001', 'OBSERVATION')]|NULL|NULL|NULL|F|F|NULL|NULL|NULL|OFF|NULL|NULL|NULL|NULL|1|18|NONE
jw01257001001_0211v_00002_mirifulong_uncal.fits|V01257001001P000000000211V|1257|1|1|01257001001|2|PRIME_TARGETED_FIXED|1|1V|2|MIR_MRS|288|133|MIRI|MIRIFULONG|34|1|HH211|HH211|FIXED|MIRI Medium Resolution Spectroscopy|SCIENCE|134|1|2|2|10|NULL|NULL|NULL|1|4-POINT|NULL|4|NULL|NULL|2|NULL|MIRIFU_CHANNEL1A|2026_1b|FULL|NULL|NULL|MEDIUM|NULL|NULL|[('o001', 'OBSERVATION')]|NULL|NULL|NULL|F|F|NULL|NULL|NULL|OFF|NULL|NULL|NULL|NULL|1|18|NONE
jw01257001001_0211v_00002_mirifushort_uncal.fits|V01257001001P000000000211V|1257|1|1|01257001001|2|PRIME_TARGETED_FIXED|1|1V|2|MIR_MRS|288|133|MIRI|MIRIFUSHORT|12|1|HH211|HH211|FIXED|MIRI Medium Resolution Spectroscopy|SCIENCE|134|1|2|2|10|NULL|NULL|NULL|1|4-POINT|NULL|4|NULL|NULL|2|NULL|MIRIFU_CHANNEL1A|2026_1b|FULL|NULL|NULL|MEDIUM|NULL|NULL|[('o001', 'OBSERVATION')]|NULL|NULL|NULL|F|F|NULL|NULL|NULL|OFF|NULL|NULL|NULL|NULL|1|18|NONE
jw01257001001_0211v_00003_mirifulong_uncal.fits|V01257001001P000000000211V|1257|1|1|01257001001|2|PRIME_TARGETED_FIXED|1|1V|3|MIR_MRS|288|133|MIRI|MIRIFULONG|34|1|HH211|HH211|FIXED|MIRI Medium Resolution Spectroscopy|SCIENCE|135|1|2|3|10|NULL|NULL|NULL|1|4-POINT|NULL|4|NULL|NULL|3|NULL|MIRIFU_CHANNEL1A|2026_1b|FULL|NULL|NULL|MEDIUM|NULL|NULL|[('o001', 'OBSERVATION')]|NULL|NULL|NULL|F|F|NULL|NULL|NULL|OFF|NULL|NULL|NULL|NULL|1|18|NONE
jw01257001001_0211v_00003_mirifushort_uncal.fits|V01257001001P000000000211V|1257|1|1|01257001001|2|PRIME_TARGETED_FIXED|1|1V|3|MIR_MRS|288|133|MIRI|MIRIFUSHORT|12|1|HH211|HH211|FIXED|MIRI Medium Resolution Spectroscopy|SCIENCE|135|1|2|3|10|NULL|NULL|NULL|1|4-POINT|NULL|4|NULL|NULL|3|NULL|MIRIFU_CHANNEL1A|2026_1b|FULL|NULL|NULL|MEDIUM|NULL|NULL|[('o001', 'OBSERVATION')]|NULL|NULL|NULL|F|F|NULL|NULL|NULL|OFF|NULL|NULL|NULL|NULL|1|18|NONE
jw01257001001_0211v_00004_mirifulong_uncal.fits|V01257001001P000000000211V|1257|1|1|01257001001|2|PRIME_TARGETED_FIXED|1|1V|4|MIR_MRS|288|133|MIRI|MIRIFULONG|34|1|HH211|HH211|FIXED|MIRI Medium Resolution Spectroscopy|SCIENCE|136|1|2|4|10|NULL|NULL|NULL|1|4-POINT|NULL|4|NULL|NULL|4|NULL|MIRIFU_CHANNEL1A|2026_1b|FULL|NULL|NULL|MEDIUM|NULL|NULL|[('o001', 'OBSERVATION')]|NULL|NULL|NULL|F|F|NULL|NULL|NULL|OFF|NULL|NULL|NULL|NULL|1|18|NONE
jw01257001001_0211v_00004_mirifushort_uncal.fits|V01257001001P000000000211V|1257|1|1|01257001001|2|PRIME_TARGETED_FIXED|1|1V|4|MIR_MRS|288|133|MIRI|MIRIFUSHORT|12|1|HH211|HH211|FIXED|MIRI Medium Resolution Spectroscopy|SCIENCE|136|1|2|4|10|NULL|NULL|NULL|1|4-POINT|NULL|4|NULL|NULL|4|NULL|MIRIFU_CHANNEL1A|2026_1b|FULL|NULL|NULL|MEDIUM|NULL|NULL|[('o001', 'OBSERVATION')]|NULL|NULL|NULL|F|F|NULL|NULL|NULL|OFF|NULL|NULL|NULL|NULL|1|18|NONE
jw01257001001_0211x_00001_mirifulong_uncal.fits|V01257001001P000000000211X|1257|1|1|01257001001|2|PRIME_TARGETED_FIXED|1|1X|1|MIR_MRS|288|137|MIRI|MIRIFULONG|34|1|HH211|HH211|FIXED|MIRI Medium Resolution Spectroscopy|SCIENCE|137|1|2|1|11|NULL|NULL|NULL|1|4-POINT|NULL|4|NULL|NULL|1|NULL|MIRIFU_CHANNEL1A|2026_1b|FULL|NULL|NULL|MEDIUM|NULL|NULL|[('o001', 'OBSERVATION')]|NULL|NULL|NULL|F|F|NULL|NULL|NULL|OFF|NULL|NULL|NULL|NULL|1|18|NONE
jw01257001001_0211x_00001_mirifushort_uncal.fits|V01257001001P000000000211X|1257|1|1|01257001001|2|PRIME_TARGETED_FIXED|1|1X|1|MIR_MRS|288|137|MIRI|MIRIFUSHORT|12|1|HH211|HH211|FIXED|MIRI Medium Resolution Spectroscopy|SCIENCE|137|1|2|1|11|NULL|NULL|NULL|1|4-POINT|NULL|4|NULL|NULL|1|NULL|MIRIFU_CHANNEL1A|2026_1b|FULL|NULL|NULL|MEDIUM|NULL|NULL|[('o001', 'OBSERVATION')]|NULL|NULL|NULL|F|F|NULL|NULL|NULL|OFF|NULL|NULL|NULL|NULL|1|18|NONE
jw01257001001_0211x_00002_mirifulong_uncal.fits|V01257001001P000000000211X|1257|1|1|01257001001|2|PRIME_TARGETED_FIXED|1|1X|2|MIR_MRS|288|137|MIRI|MIRIFULONG|34|1|HH211|HH211|FIXED|MIRI Medium Resolution Spectroscopy|SCIENCE|138|1|2|2|11|NULL|NULL|NULL|1|4-POINT|NULL|4|NULL|NULL|2|NULL|MIRIFU_CHANNEL1A|2026_1b|FULL|NULL|NULL|MEDIUM|NULL|NULL|[('o001', 'OBSERVATION')]|NULL|NULL|NULL|F|F|NULL|NULL|NULL|OFF|NULL|NULL|NULL|NULL|1|18|NONE
jw01257001001_0211x_00002_mirifushort_uncal.fits|V01257001001P000000000211X|1257|1|1|01257001001|2|PRIME_TARGETED_FIXED|1|1X|2|MIR_MRS|288|137|MIRI|MIRIFUSHORT|12|1|HH211|HH211|FIXED|MIRI Medium Resolution Spectroscopy|SCIENCE|138|1|2|2|11|NULL|NULL|NULL|1|4-POINT|NULL|4|NULL|NULL|2|NULL|MIRIFU_CHANNEL1A|2026_1b|FULL|NULL|NULL|MEDIUM|NULL|NULL|[('o001', 'OBSERVATION')]|NULL|NULL|NULL|F|F|NULL|NULL|NULL|OFF|NULL|NULL|NULL|NULL|1|18|NONE
jw01257001001_0211x_00003_mirifulong_uncal.fits|V01257001001P000000000211X|1257|1|1|01257001001|2|PRIME_TARGETED_FIXED|1|1X|3|MIR_MRS|288|137|MIRI|MIRIFULONG|34|1|HH211|HH211|FIXED|MIRI Medium Resolution Spectroscopy|SCIENCE|139|1|2|3|11|NULL|NULL|NULL|1|4-POINT|NULL|4|NULL|NULL|3|NULL|MIRIFU_CHANNEL1A|2026_1b|FULL|NULL|NULL|MEDIUM|NULL|NULL|[('o001', 'OBSERVATION')]|NULL|NULL|NULL|F|F|NULL|NULL|NULL|OFF|NULL|NULL|NULL|NULL|1|18|NONE
jw01257001001_0211x_00003_mirifushort_uncal.fits|V01257001001P000000000211X|1257|1|1|01257001001|2|PRIME_TARGETED_FIXED|1|1X|3|MIR_MRS|288|137|MIRI|MIRIFUSHORT|12|1|HH211|HH211|FIXED|MIRI Medium Resolution Spectroscopy|SCIENCE|139|1|2|3|11|NULL|NULL|NULL|1|4-POINT|NULL|4|NULL|NULL|3|NULL|MIRIFU_CHANNEL1A|2026_1b|FULL|NULL|NULL|MEDIUM|NULL|NULL|[('o001', 'OBSERVATION')]|NULL|NULL|NULL|F|F|NULL|NULL|NULL|OFF|NULL|NULL|NULL|NULL|1|18|NONE
jw01257001001_0211x_00004_mirifulong_uncal.fits|V01257001001P000000000211X|1257|1|1|01257001001|2|PRIME_TARGETED_FIXED|1|1X|4|MIR_MRS|288|137|MIRI|MIRIFULONG|34|1|HH211|HH211|FIXED|MIRI Medium Resolution Spectroscopy|SCIENCE|140|1|2|4|11|NULL|NULL|NULL|1|4-POINT|NULL|4|NULL|NULL|4|NULL|MIRIFU_CHANNEL1A|2026_1b|FULL|NULL|NULL|MEDIUM|NULL|NULL|[('o001', 'OBSERVATION')]|NULL|NULL|NULL|F|F|NULL|NULL|NULL|OFF|NULL|NULL|NULL|NULL|1|18|NONE
jw01257001001_0211x_00004_mirifushort_uncal.fits|V01257001001P000000000211X|1257|1|1|01257001001|2|PRIME_TARGETED_FIXED|1|1X|4|MIR_MRS|288|137|MIRI|MIRIFUSHORT|12|1|HH211|HH211|FIXED|MIRI Medium Resolution Spectroscopy|SCIENCE|140|1|2|4|11|NULL|NULL|NULL|1|4-POINT|NULL|4|NULL|NULL|4|NULL|MIRIFU_CHANNEL1A|2026_1b|FULL|NULL|NULL|MEDIUM|NULL|NULL|[('o001', 'OBSERVATION')]|NULL|NULL|NULL|F|F|NULL|NULL|NULL|OFF|NULL|NULL|NULL|NULL|1|18|NONE
jw01257001001_0211z_00001_mirifulong_uncal.fits|V01257001001P000000000211Z|1257|1|1|01257001001|2|PRIME_TARGETED_FIXED|1|1Z|1|MIR_MRS|288|141|MIRI|MIRIFULONG|34|1|HH211|HH211|FIXED|MIRI Medium Resolution Spectroscopy|SCIENCE|141|1|2|1|12|NULL|NULL|NULL|1|4-POINT|NULL|4|NULL|NULL|1|NULL|MIRIFU_CHANNEL1A|2026_1b|FULL|NULL|NULL|MEDIUM|NULL|NULL|[('o001', 'OBSERVATION')]|NULL|NULL|NULL|F|F|NULL|NULL|NULL|OFF|NULL|NULL|NULL|NULL|1|18|NONE
jw01257001001_0211z_00001_mirifushort_uncal.fits|V01257001001P000000000211Z|1257|1|1|01257001001|2|PRIME_TARGETED_FIXED|1|1Z|1|MIR_MRS|288|141|MIRI|MIRIFUSHORT|12|1|HH211|HH211|FIXED|MIRI Medium Resolution Spectroscopy|SCIENCE|141|1|2|1|12|NULL|NULL|NULL|1|4-POINT|NULL|4|NULL|NULL|1|NULL|MIRIFU_CHANNEL1A|2026_1b|FULL|NULL|NULL|MEDIUM|NULL|NULL|[('o001', 'OBSERVATION')]|NULL|NULL|NULL|F|F|NULL|NULL|NULL|OFF|NULL|NULL|NULL|NULL|1|18|NONE
jw01257001001_0211z_00002_mirifulong_uncal.fits|V01257001001P000000000211Z|1257|1|1|01257001001|2|PRIME_TARGETED_FIXED|1|1Z|2|MIR_MRS|288|141|MIRI|MIRIFULONG|34|1|HH211|HH211|FIXED|MIRI Medium Resolution Spectroscopy|SCIENCE|142|1|2|2|12|NULL|NULL|NULL|1|4-POINT|NULL|4|NULL|NULL|2|NULL|MIRIFU_CHANNEL1A|2026_1b|FULL|NULL|NULL|MEDIUM|NULL|NULL|[('o001', 'OBSERVATION')]|NULL|NULL|NULL|F|F|NULL|NULL|NULL|OFF|NULL|NULL|NULL|NULL|1|18|NONE
jw01257001001_0211z_00002_mirifushort_uncal.fits|V01257001001P000000000211Z|1257|1|1|01257001001|2|PRIME_TARGETED_FIXED|1|1Z|2|MIR_MRS|288|141|MIRI|MIRIFUSHORT|12|1|HH211|HH211|FIXED|MIRI Medium Resolution Spectroscopy|SCIENCE|142|1|2|2|12|NULL|NULL|NULL|1|4-POINT|NULL|4|NULL|NULL|2|NULL|MIRIFU_CHANNEL1A|2026_1b|FULL|NULL|NULL|MEDIUM|NULL|NULL|[('o001', 'OBSERVATION')]|NULL|NULL|NULL|F|F|NULL|NULL|NULL|OFF|NULL|NULL|NULL|NULL|1|18|NONE
jw01257001001_0211z_00003_mirifulong_uncal.fits|V01257001001P000000000211Z|1257|1|1|01257001001|2|PRIME_TARGETED_FIXED|1|1Z|3|MIR_MRS|288|141|MIRI|MIRIFULONG|34|1|HH211|HH211|FIXED|MIRI Medium Resolution Spectroscopy|SCIENCE|143|1|2|3|12|NULL|NULL|NULL|1|4-POINT|NULL|4|NULL|NULL|3|NULL|MIRIFU_CHANNEL1A|2026_1b|FULL|NULL|NULL|MEDIUM|NULL|NULL|[('o001', 'OBSERVATION')]|NULL|NULL|NULL|F|F|NULL|NULL|NULL|OFF|NULL|NULL|NULL|NULL|1|18|NONE
jw01257001001_0211z_00003_mirifushort_uncal.fits|V01257001001P000000000211Z|1257|1|1|01257001001|2|PRIME_TARGETED_FIXED|1|1Z|3|MIR_MRS|288|141|MIRI|MIRIFUSHORT|12|1|HH211|HH211|FIXED|MIRI Medium Resolution Spectroscopy|SCIENCE|143|1|2|3|12|NULL|NULL|NULL|1|4-POINT|NULL|4|NULL|NULL|3|NULL|MIRIFU_CHANNEL1A|2026_1b|FULL|NULL|NULL|MEDIUM|NULL|NULL|[('o001', 'OBSERVATION')]|NULL|NULL|NULL|F|F|NULL|NULL|NULL|OFF|NULL|NULL|NULL|NULL|1|18|NONE
jw01257001001_0211z_00004_mirifulong_uncal.fits|V01257001001P000000000211Z|1257|1|1|01257001001|2|PRIME_TARGETED_FIXED|1|1Z|4|MIR_MRS|288|141|MIRI|MIRIFULONG|34|1|HH211|HH211|FIXED|MIRI Medium Resolution Spectroscopy|SCIENCE|144|1|2|4|12|NULL|NULL|NULL|1|4-POINT|NULL|4|NULL|NULL|4|NULL|MIRIFU_CHANNEL1A|2026_1b|FULL|NULL|NULL|MEDIUM|NULL|NULL|[('o001', 'OBSERVATION')]|NULL|NULL|NULL|F|F|NULL|NULL|NULL|OFF|NULL|NULL|NULL|NULL|1|18|NONE
jw01257001001_0211z_00004_mirifushort_uncal.fits|V01257001001P000000000211Z|1257|1|1|01257001001|2|PRIME_TARGETED_FIXED|1|1Z|4|MIR_MRS|288|141|MIRI|MIRIFUSHORT|12|1|HH211|HH211|FIXED|MIRI Medium Resolution Spectroscopy|SCIENCE|144|1|2|4|12|NULL|NULL|NULL|1|4-POINT|NULL|4|NULL|NULL|4|NULL|MIRIFU_CHANNEL1A|2026_1b|FULL|NULL|NULL|MEDIUM|NULL|NULL|[('o001', 'OBSERVATION')]|NULL|NULL|NULL|F|F|NULL|NULL|NULL|OFF|NULL|NULL|NULL|NULL|1|18|NONE
jw01257001001_02121_00001_mirifulong_uncal.fits|V01257001001P0000000002121|1257|1|1|01257001001|2|PRIME_TARGETED_FIXED|1|21|1|MIR_MRS|288|145|MIRI|MIRIFULONG|34|1|HH211|HH211|FIXED|MIRI Medium Resolution Spectroscopy|SCIENCE|145|1|2|1|13|NULL|NULL|NULL|1|4-POINT|NULL|4|NULL|NULL|1|NULL|MIRIFU_CHANNEL1A|2026_1b|FULL|NULL|NULL|MEDIUM|NULL|NULL|[('o001', 'OBSERVATION')]|NULL|NULL|NULL|F|F|NULL|NULL|NULL|OFF|NULL|NULL|NULL|NULL|1|18|NONE
jw01257001001_02121_00001_mirifushort_uncal.fits|V01257001001P0000000002121|1257|1|1|01257001001|2|PRIME_TARGETED_FIXED|1|21|1|MIR_MRS|288|145|MIRI|MIRIFUSHORT|12|1|HH211|HH211|FIXED|MIRI Medium Resolution Spectroscopy|SCIENCE|145|1|2|1|13|NULL|NULL|NULL|1|4-POINT|NULL|4|NULL|NULL|1|NULL|MIRIFU_CHANNEL1A|2026_1b|FULL|NULL|NULL|MEDIUM|NULL|NULL|[('o001', 'OBSERVATION')]|NULL|NULL|NULL|F|F|NULL|NULL|NULL|OFF|NULL|NULL|NULL|NULL|1|18|NONE
jw01257001001_02121_00002_mirifulong_uncal.fits|V01257001001P0000000002121|1257|1|1|01257001001|2|PRIME_TARGETED_FIXED|1|21|2|MIR_MRS|288|145|MIRI|MIRIFULONG|34|1|HH211|HH211|FIXED|MIRI Medium Resolution Spectroscopy|SCIENCE|146|1|2|2|13|NULL|NULL|NULL|1|4-POINT|NULL|4|NULL|NULL|2|NULL|MIRIFU_CHANNEL1A|2026_1b|FULL|NULL|NULL|MEDIUM|NULL|NULL|[('o001', 'OBSERVATION')]|NULL|NULL|NULL|F|F|NULL|NULL|NULL|OFF|NULL|NULL|NULL|NULL|1|18|NONE
jw01257001001_02121_00002_mirifushort_uncal.fits|V01257001001P0000000002121|1257|1|1|01257001001|2|PRIME_TARGETED_FIXED|1|21|2|MIR_MRS|288|145|MIRI|MIRIFUSHORT|12|1|HH211|HH211|FIXED|MIRI Medium Resolution Spectroscopy|SCIENCE|146|1|2|2|13|NULL|NULL|NULL|1|4-POINT|NULL|4|NULL|NULL|2|NULL|MIRIFU_CHANNEL1A|2026_1b|FULL|NULL|NULL|MEDIUM|NULL|NULL|[('o001', 'OBSERVATION')]|NULL|NULL|NULL|F|F|NULL|NULL|NULL|OFF|NULL|NULL|NULL|NULL|1|18|NONE
jw01257001001_02121_00003_mirifulong_uncal.fits|V01257001001P0000000002121|1257|1|1|01257001001|2|PRIME_TARGETED_FIXED|1|21|3|MIR_MRS|288|145|MIRI|MIRIFULONG|34|1|HH211|HH211|FIXED|MIRI Medium Resolution Spectroscopy|SCIENCE|147|1|2|3|13|NULL|NULL|NULL|1|4-POINT|NULL|4|NULL|NULL|3|NULL|MIRIFU_CHANNEL1A|2026_1b|FULL|NULL|NULL|MEDIUM|NULL|NULL|[('o001', 'OBSERVATION')]|NULL|NULL|NULL|F|F|NULL|NULL|NULL|OFF|NULL|NULL|NULL|NULL|1|18|NONE
jw01257001001_02121_00003_mirifushort_uncal.fits|V01257001001P0000000002121|1257|1|1|01257001001|2|PRIME_TARGETED_FIXED|1|21|3|MIR_MRS|288|145|MIRI|MIRIFUSHORT|12|1|HH211|HH211|FIXED|MIRI Medium Resolution Spectroscopy|SCIENCE|147|1|2|3|13|NULL|NULL|NULL|1|4-POINT|NULL|4|NULL|NULL|3|NULL|MIRIFU_CHANNEL1A|2026_1b|FULL|NULL|NULL|MEDIUM|NULL|NULL|[('o001', 'OBSERVATION')]|NULL|NULL|NULL|F|F|NULL|NULL|NULL|OFF|NULL|NULL|NULL|NULL|1|18|NONE
jw01257001001_02121_00004_mirifulong_uncal.fits|V01257001001P0000000002121|1257|1|1|01257001001|2|PRIME_TARGETED_FIXED|1|21|4|MIR_MRS|288|145|MIRI|MIRIFULONG|34|1|HH211|HH211|FIXED|MIRI Medium Resolution Spectroscopy|SCIENCE|148|1|2|4|13|NULL|NULL|NULL|1|4-POINT|NULL|4|NULL|NULL|4|NULL|MIRIFU_CHANNEL1A|2026_1b|FULL|NULL|NULL|MEDIUM|NULL|NULL|[('o001', 'OBSERVATION')]|NULL|NULL|NULL|F|F|NULL|NULL|NULL|OFF|NULL|NULL|NULL|NULL|1|18|NONE
jw01257001001_02121_00004_mirifushort_uncal.fits|V01257001001P0000000002121|1257|1|1|01257001001|2|PRIME_TARGETED_FIXED|1|21|4|MIR_MRS|288|145|MIRI|MIRIFUSHORT|12|1|HH211|HH211|FIXED|MIRI Medium Resolution Spectroscopy|SCIENCE|148|1|2|4|13|NULL|NULL|NULL|1|4-POINT|NULL|4|NULL|NULL|4|NULL|MIRIFU_CHANNEL1A|2026_1b|FULL|NULL|NULL|MEDIUM|NULL|NULL|[('o001', 'OBSERVATION')]|NULL|NULL|NULL|F|F|NULL|NULL|NULL|OFF|NULL|NULL|NULL|NULL|1|18|NONE
jw01257001001_02123_00001_mirifulong_uncal.fits|V01257001001P0000000002123|1257|1|1|01257001001|2|PRIME_TARGETED_FIXED|1|23|1|MIR_MRS|288|149|MIRI|MIRIFULONG|34|1|HH211|HH211|FIXED|MIRI Medium Resolution Spectroscopy|SCIENCE|149|1|2|1|14|NULL|NULL|NULL|1|4-POINT|NULL|4|NULL|NULL|1|NULL|MIRIFU_CHANNEL1A|2026_1b|FULL|NULL|NULL|MEDIUM|NULL|NULL|[('o001', 'OBSERVATION')]|NULL|NULL|NULL|F|F|NULL|NULL|NULL|OFF|NULL|NULL|NULL|NULL|1|18|NONE
jw01257001001_02123_00001_mirifushort_uncal.fits|V01257001001P0000000002123|1257|1|1|01257001001|2|PRIME_TARGETED_FIXED|1|23|1|MIR_MRS|288|149|MIRI|MIRIFUSHORT|12|1|HH211|HH211|FIXED|MIRI Medium Resolution Spectroscopy|SCIENCE|149|1|2|1|14|NULL|NULL|NULL|1|4-POINT|NULL|4|NULL|NULL|1|NULL|MIRIFU_CHANNEL1A|2026_1b|FULL|NULL|NULL|MEDIUM|NULL|NULL|[('o001', 'OBSERVATION')]|NULL|NULL|NULL|F|F|NULL|NULL|NULL|OFF|NULL|NULL|NULL|NULL|1|18|NONE
jw01257001001_02123_00002_mirifulong_uncal.fits|V01257001001P0000000002123|1257|1|1|01257001001|2|PRIME_TARGETED_FIXED|1|23|2|MIR_MRS|288|149|MIRI|MIRIFULONG|34|1|HH211|HH211|FIXED|MIRI Medium Resolution Spectroscopy|SCIENCE|150|1|2|2|14|NULL|NULL|NULL|1|4-POINT|NULL|4|NULL|NULL|2|NULL|MIRIFU_CHANNEL1A|2026_1b|FULL|NULL|NULL|MEDIUM|NULL|NULL|[('o001', 'OBSERVATION')]|NULL|NULL|NULL|F|F|NULL|NULL|NULL|OFF|NULL|NULL|NULL|NULL|1|18|NONE
jw01257001001_02123_00002_mirifushort_uncal.fits|V01257001001P0000000002123|1257|1|1|01257001001|2|PRIME_TARGETED_FIXED|1|23|2|MIR_MRS|288|149|MIRI|MIRIFUSHORT|12|1|HH211|HH211|FIXED|MIRI Medium Resolution Spectroscopy|SCIENCE|150|1|2|2|14|NULL|NULL|NULL|1|4-POINT|NULL|4|NULL|NULL|2|NULL|MIRIFU_CHANNEL1A|2026_1b|FULL|NULL|NULL|MEDIUM|NULL|NULL|[('o001', 'OBSERVATION')]|NULL|NULL|NULL|F|F|NULL|NULL|NULL|OFF|NULL|NULL|NULL|NULL|1|18|NONE
jw01257001001_02123_00003_mirifulong_uncal.fits|V01257001001P0000000002123|1257|1|1|01257001001|2|PRIME_TARGETED_FIXED|1|23|3|MIR_MRS|288|149|MIRI|MIRIFULONG|34|1|HH211|HH211|FIXED|MIRI Medium Resolution Spectroscopy|SCIENCE|151|1|2|3|14|NULL|NULL|NULL|1|4-POINT|NULL|4|NULL|NULL|3|NULL|MIRIFU_CHANNEL1A|2026_1b|FULL|NULL|NULL|MEDIUM|NULL|NULL|[('o001', 'OBSERVATION')]|NULL|NULL|NULL|F|F|NULL|NULL|NULL|OFF|NULL|NULL|NULL|NULL|1|18|NONE
jw01257001001_02123_00003_mirifushort_uncal.fits|V01257001001P0000000002123|1257|1|1|01257001001|2|PRIME_TARGETED_FIXED|1|23|3|MIR_MRS|288|149|MIRI|MIRIFUSHORT|12|1|HH211|HH211|FIXED|MIRI Medium Resolution Spectroscopy|SCIENCE|151|1|2|3|14|NULL|NULL|NULL|1|4-POINT|NULL|4|NULL|NULL|3|NULL|MIRIFU_CHANNEL1A|2026_1b|FULL|NULL|NULL|MEDIUM|NULL|NULL|[('o001', 'OBSERVATION')]|NULL|NULL|NULL|F|F|NULL|NULL|NULL|OFF|NULL|NULL|NULL|NULL|1|18|NONE
jw01257001001_02123_00004_mirifulong_uncal.fits|V01257001001P0000000002123|1257|1|1|01257001001|2|PRIME_TARGETED_FIXED|1|23|4|MIR_MRS|288|149|MIRI|MIRIFULONG|34|1|HH211|HH211|FIXED|MIRI Medium Resolution Spectroscopy|SCIENCE|152|1|2|4|14|NULL|NULL|NULL|1|4-POINT|NULL|4|NULL|NULL|4|NULL|MIRIFU_CHANNEL1A|2026_1b|FULL|NULL|NULL|MEDIUM|NULL|NULL|[('o001', 'OBSERVATION')]|NULL|NULL|NULL|F|F|NULL|NULL|NULL|OFF|NULL|NULL|NULL|NULL|1|18|NONE
jw01257001001_02123_00004_mirifushort_uncal.fits|V01257001001P0000000002123|1257|1|1|01257001001|2|PRIME_TARGETED_FIXED|1|23|4|MIR_MRS|288|149|MIRI|MIRIFUSHORT|12|1|HH211|HH211|FIXED|MIRI Medium Resolution Spectroscopy|SCIENCE|152|1|2|4|14|NULL|NULL|NULL|1|4-POINT|NULL|4|NULL|NULL|4|NULL|MIRIFU_CHANNEL1A|2026_1b|FULL|NULL|NULL|MEDIUM|NULL|NULL|[('o001', 'OBSERVATION')]|NULL|NULL|NULL|F|F|NULL|NULL|NULL|OFF|NULL|NULL|NULL|NULL|1|18|NONE
jw01257001001_02125_00001_mirifulong_uncal.fits|V01257001001P0000000002125|1257|1|1|01257001001|2|PRIME_TARGETED_FIXED|1|25|1|MIR_MRS|288|153|MIRI|MIRIFULONG|34|1|HH211|HH211|FIXED|MIRI Medium Resolution Spectroscopy|SCIENCE|153|1|2|1|15|NULL|NULL|NULL|1|4-POINT|NULL|4|NULL|NULL|1|NULL|MIRIFU_CHANNEL1A|2026_1b|FULL|NULL|NULL|MEDIUM|NULL|NULL|[('o001', 'OBSERVATION')]|NULL|NULL|NULL|F|F|NULL|NULL|NULL|OFF|NULL|NULL|NULL|NULL|1|18|NONE
jw01257001001_02125_00001_mirifushort_uncal.fits|V01257001001P0000000002125|1257|1|1|01257001001|2|PRIME_TARGETED_FIXED|1|25|1|MIR_MRS|288|153|MIRI|MIRIFUSHORT|12|1|HH211|HH211|FIXED|MIRI Medium Resolution Spectroscopy|SCIENCE|153|1|2|1|15|NULL|NULL|NULL|1|4-POINT|NULL|4|NULL|NULL|1|NULL|MIRIFU_CHANNEL1A|2026_1b|FULL|NULL|NULL|MEDIUM|NULL|NULL|[('o001', 'OBSERVATION')]|NULL|NULL|NULL|F|F|NULL|NULL|NULL|OFF|NULL|NULL|NULL|NULL|1|18|NONE
jw01257001001_02125_00002_mirifulong_uncal.fits|V01257001001P0000000002125|1257|1|1|01257001001|2|PRIME_TARGETED_FIXED|1|25|2|MIR_MRS|288|153|MIRI|MIRIFULONG|34|1|HH211|HH211|FIXED|MIRI Medium Resolution Spectroscopy|SCIENCE|154|1|2|2|15|NULL|NULL|NULL|1|4-POINT|NULL|4|NULL|NULL|2|NULL|MIRIFU_CHANNEL1A|2026_1b|FULL|NULL|NULL|MEDIUM|NULL|NULL|[('o001', 'OBSERVATION')]|NULL|NULL|NULL|F|F|NULL|NULL|NULL|OFF|NULL|NULL|NULL|NULL|1|18|NONE
jw01257001001_02125_00002_mirifushort_uncal.fits|V01257001001P0000000002125|1257|1|1|01257001001|2|PRIME_TARGETED_FIXED|1|25|2|MIR_MRS|288|153|MIRI|MIRIFUSHORT|12|1|HH211|HH211|FIXED|MIRI Medium Resolution Spectroscopy|SCIENCE|154|1|2|2|15|NULL|NULL|NULL|1|4-POINT|NULL|4|NULL|NULL|2|NULL|MIRIFU_CHANNEL1A|2026_1b|FULL|NULL|NULL|MEDIUM|NULL|NULL|[('o001', 'OBSERVATION')]|NULL|NULL|NULL|F|F|NULL|NULL|NULL|OFF|NULL|NULL|NULL|NULL|1|18|NONE
jw01257001001_02125_00003_mirifulong_uncal.fits|V01257001001P0000000002125|1257|1|1|01257001001|2|PRIME_TARGETED_FIXED|1|25|3|MIR_MRS|288|153|MIRI|MIRIFULONG|34|1|HH211|HH211|FIXED|MIRI Medium Resolution Spectroscopy|SCIENCE|155|1|2|3|15|NULL|NULL|NULL|1|4-POINT|NULL|4|NULL|NULL|3|NULL|MIRIFU_CHANNEL1A|2026_1b|FULL|NULL|NULL|MEDIUM|NULL|NULL|[('o001', 'OBSERVATION')]|NULL|NULL|NULL|F|F|NULL|NULL|NULL|OFF|NULL|NULL|NULL|NULL|1|18|NONE
jw01257001001_02125_00003_mirifushort_uncal.fits|V01257001001P0000000002125|1257|1|1|01257001001|2|PRIME_TARGETED_FIXED|1|25|3|MIR_MRS|288|153|MIRI|MIRIFUSHORT|12|1|HH211|HH211|FIXED|MIRI Medium Resolution Spectroscopy|SCIENCE|155|1|2|3|15|NULL|NULL|NULL|1|4-POINT|NULL|4|NULL|NULL|3|NULL|MIRIFU_CHANNEL1A|2026_1b|FULL|NULL|NULL|MEDIUM|NULL|NULL|[('o001', 'OBSERVATION')]|NULL|NULL|NULL|F|F|NULL|NULL|NULL|OFF|NULL|NULL|NULL|NULL|1|18|NONE
jw01257001001_02125_00004_mirifulong_uncal.fits|V01257001001P0000000002125|1257|1|1|01257001001|2|PRIME_TARGETED_FIXED|1|25|4|MIR_MRS|288|153|MIRI|MIRIFULONG|34|1|HH211|HH211|FIXED|MIRI Medium Resolution Spectroscopy|SCIENCE|156|1|2|4|15|NULL|NULL|NULL|1|4-POINT|NULL|4|NULL|NULL|4|NULL|MIRIFU_CHANNEL1A|2026_1b|FULL|NULL|NULL|MEDIUM|NULL|NULL|[('o001', 'OBSERVATION')]|NULL|NULL|NULL|F|F|NULL|NULL|NULL|OFF|NULL|NULL|NULL|NULL|1|18|NONE
jw01257001001_02125_00004_mirifushort_uncal.fits|V01257001001P0000000002125|1257|1|1|01257001001|2|PRIME_TARGETED_FIXED|1|25|4|MIR_MRS|288|153|MIRI|MIRIFUSHORT|12|1|HH211|HH211|FIXED|MIRI Medium Resolution Spectroscopy|SCIENCE|156|1|2|4|15|NULL|NULL|NULL|1|4-POINT|NULL|4|NULL|NULL|4|NULL|MIRIFU_CHANNEL1A|2026_1b|FULL|NULL|NULL|MEDIUM|NULL|NULL|[('o001', 'OBSERVATION')]|NULL|NULL|NULL|F|F|NULL|NULL|NULL|OFF|NULL|NULL|NULL|NULL|1|18|NONE
jw01257001001_02127_00001_mirifulong_uncal.fits|V01257001001P0000000002127|1257|1|1|01257001001|2|PRIME_TARGETED_FIXED|1|27|1|MIR_MRS|288|157|MIRI|MIRIFULONG|34|1|HH211|HH211|FIXED|MIRI Medium Resolution Spectroscopy|SCIENCE|157|1|2|1|16|NULL|NULL|NULL|1|4-POINT|NULL|4|NULL|NULL|1|NULL|MIRIFU_CHANNEL1A|2026_1b|FULL|NULL|NULL|MEDIUM|NULL|NULL|[('o001', 'OBSERVATION')]|NULL|NULL|NULL|F|F|NULL|NULL|NULL|OFF|NULL|NULL|NULL|NULL|1|18|NONE
jw01257001001_02127_00001_mirifushort_uncal.fits|V01257001001P0000000002127|1257|1|1|01257001001|2|PRIME_TARGETED_FIXED|1|27|1|MIR_MRS|288|157|MIRI|MIRIFUSHORT|12|1|HH211|HH211|FIXED|MIRI Medium Resolution Spectroscopy|SCIENCE|157|1|2|1|16|NULL|NULL|NULL|1|4-POINT|NULL|4|NULL|NULL|1|NULL|MIRIFU_CHANNEL1A|2026_1b|FULL|NULL|NULL|MEDIUM|NULL|NULL|[('o001', 'OBSERVATION')]|NULL|NULL|NULL|F|F|NULL|NULL|NULL|OFF|NULL|NULL|NULL|NULL|1|18|NONE
jw01257001001_02127_00002_mirifulong_uncal.fits|V01257001001P0000000002127|1257|1|1|01257001001|2|PRIME_TARGETED_FIXED|1|27|2|MIR_MRS|288|157|MIRI|MIRIFULONG|34|1|HH211|HH211|FIXED|MIRI Medium Resolution Spectroscopy|SCIENCE|158|1|2|2|16|NULL|NULL|NULL|1|4-POINT|NULL|4|NULL|NULL|2|NULL|MIRIFU_CHANNEL1A|2026_1b|FULL|NULL|NULL|MEDIUM|NULL|NULL|[('o001', 'OBSERVATION')]|NULL|NULL|NULL|F|F|NULL|NULL|NULL|OFF|NULL|NULL|NULL|NULL|1|18|NONE
jw01257001001_02127_00002_mirifushort_uncal.fits|V01257001001P0000000002127|1257|1|1|01257001001|2|PRIME_TARGETED_FIXED|1|27|2|MIR_MRS|288|157|MIRI|MIRIFUSHORT|12|1|HH211|HH211|FIXED|MIRI Medium Resolution Spectroscopy|SCIENCE|158|1|2|2|16|NULL|NULL|NULL|1|4-POINT|NULL|4|NULL|NULL|2|NULL|MIRIFU_CHANNEL1A|2026_1b|FULL|NULL|NULL|MEDIUM|NULL|NULL|[('o001', 'OBSERVATION')]|NULL|NULL|NULL|F|F|NULL|NULL|NULL|OFF|NULL|NULL|NULL|NULL|1|18|NONE
jw01257001001_02127_00003_mirifulong_uncal.fits|V01257001001P0000000002127|1257|1|1|01257001001|2|PRIME_TARGETED_FIXED|1|27|3|MIR_MRS|288|157|MIRI|MIRIFULONG|34|1|HH211|HH211|FIXED|MIRI Medium Resolution Spectroscopy|SCIENCE|159|1|2|3|16|NULL|NULL|NULL|1|4-POINT|NULL|4|NULL|NULL|3|NULL|MIRIFU_CHANNEL1A|2026_1b|FULL|NULL|NULL|MEDIUM|NULL|NULL|[('o001', 'OBSERVATION')]|NULL|NULL|NULL|F|F|NULL|NULL|NULL|OFF|NULL|NULL|NULL|NULL|1|18|NONE
jw01257001001_02127_00003_mirifushort_uncal.fits|V01257001001P0000000002127|1257|1|1|01257001001|2|PRIME_TARGETED_FIXED|1|27|3|MIR_MRS|288|157|MIRI|MIRIFUSHORT|12|1|HH211|HH211|FIXED|MIRI Medium Resolution Spectroscopy|SCIENCE|159|1|2|3|16|NULL|NULL|NULL|1|4-POINT|NULL|4|NULL|NULL|3|NULL|MIRIFU_CHANNEL1A|2026_1b|FULL|NULL|NULL|MEDIUM|NULL|NULL|[('o001', 'OBSERVATION')]|NULL|NULL|NULL|F|F|NULL|NULL|NULL|OFF|NULL|NULL|NULL|NULL|1|18|NONE
jw01257001001_02127_00004_mirifulong_uncal.fits|V01257001001P0000000002127|1257|1|1|01257001001|2|PRIME_TARGETED_FIXED|1|27|4|MIR_MRS|288|157|MIRI|MIRIFULONG|34|1|HH211|HH211|FIXED|MIRI Medium Resolution Spectroscopy|SCIENCE|160|1|2|4|16|NULL|NULL|NULL|1|4-POINT|NULL|4|NULL|NULL|4|NULL|MIRIFU_CHANNEL1A|2026_1b|FULL|NULL|NULL|MEDIUM|NULL|NULL|[('o001', 'OBSERVATION')]|NULL|NULL|NULL|F|F|NULL|NULL|NULL|OFF|NULL|NULL|NULL|NULL|1|18|NONE
jw01257001001_02127_00004_mirifushort_uncal.fits|V01257001001P0000000002127|1257|1|1|01257001001|2|PRIME_TARGETED_FIXED|1|27|4|MIR_MRS|288|157|MIRI|MIRIFUSHORT|12|1|HH211|HH211|FIXED|MIRI Medium Resolution Spectroscopy|SCIENCE|160|1|2|4|16|NULL|NULL|NULL|1|4-POINT|NULL|4|NULL|NULL|4|NULL|MIRIFU_CHANNEL1A|2026_1b|FULL|NULL|NULL|MEDIUM|NULL|NULL|[('o001', 'OBSERVATION')]|NULL|NULL|NULL|F|F|NULL|NULL|NULL|OFF|NULL|NULL|NULL|NULL|1|18|NONE
jw01257001001_02129_00001_mirifulong_uncal.fits|V01257001001P0000000002129|1257|1|1|01257001001|2|PRIME_TARGETED_FIXED|1|29|1|MIR_MRS|288|161|MIRI|MIRIFULONG|34|1|HH211|HH211|FIXED|MIRI Medium Resolution Spectroscopy|SCIENCE|161|1|2|1|17|NULL|NULL|NULL|1|4-POINT|NULL|4|NULL|NULL|1|NULL|MIRIFU_CHANNEL1A|2026_1b|FULL|NULL|NULL|MEDIUM|NULL|NULL|[('o001', 'OBSERVATION')]|NULL|NULL|NULL|F|F|NULL|NULL|NULL|OFF|NULL|NULL|NULL|NULL|1|18|NONE
jw01257001001_02129_00001_mirifushort_uncal.fits|V01257001001P0000000002129|1257|1|1|01257001001|2|PRIME_TARGETED_FIXED|1|29|1|MIR_MRS|288|161|MIRI|MIRIFUSHORT|12|1|HH211|HH211|FIXED|MIRI Medium Resolution Spectroscopy|SCIENCE|161|1|2|1|17|NULL|NULL|NULL|1|4-POINT|NULL|4|NULL|NULL|1|NULL|MIRIFU_CHANNEL1A|2026_1b|FULL|NULL|NULL|MEDIUM|NULL|NULL|[('o001', 'OBSERVATION')]|NULL|NULL|NULL|F|F|NULL|NULL|NULL|OFF|NULL|NULL|NULL|NULL|1|18|NONE
jw01257001001_02129_00002_mirifulong_uncal.fits|V01257001001P0000000002129|1257|1|1|01257001001|2|PRIME_TARGETED_FIXED|1|29|2|MIR_MRS|288|161|MIRI|MIRIFULONG|34|1|HH211|HH211|FIXED|MIRI Medium Resolution Spectroscopy|SCIENCE|162|1|2|2|17|NULL|NULL|NULL|1|4-POINT|NULL|4|NULL|NULL|2|NULL|MIRIFU_CHANNEL1A|2026_1b|FULL|NULL|NULL|MEDIUM|NULL|NULL|[('o001', 'OBSERVATION')]|NULL|NULL|NULL|F|F|NULL|NULL|NULL|OFF|NULL|NULL|NULL|NULL|1|18|NONE
jw01257001001_02129_00002_mirifushort_uncal.fits|V01257001001P0000000002129|1257|1|1|01257001001|2|PRIME_TARGETED_FIXED|1|29|2|MIR_MRS|288|161|MIRI|MIRIFUSHORT|12|1|HH211|HH211|FIXED|MIRI Medium Resolution Spectroscopy|SCIENCE|162|1|2|2|17|NULL|NULL|NULL|1|4-POINT|NULL|4|NULL|NULL|2|NULL|MIRIFU_CHANNEL1A|2026_1b|FULL|NULL|NULL|MEDIUM|NULL|NULL|[('o001', 'OBSERVATION')]|NULL|NULL|NULL|F|F|NULL|NULL|NULL|OFF|NULL|NULL|NULL|NULL|1|18|NONE
jw01257001001_02129_00003_mirifulong_uncal.fits|V01257001001P0000000002129|1257|1|1|01257001001|2|PRIME_TARGETED_FIXED|1|29|3|MIR_MRS|288|161|MIRI|MIRIFULONG|34|1|HH211|HH211|FIXED|MIRI Medium Resolution Spectroscopy|SCIENCE|163|1|2|3|17|NULL|NULL|NULL|1|4-POINT|NULL|4|NULL|NULL|3|NULL|MIRIFU_CHANNEL1A|2026_1b|FULL|NULL|NULL|MEDIUM|NULL|NULL|[('o001', 'OBSERVATION')]|NULL|NULL|NULL|F|F|NULL|NULL|NULL|OFF|NULL|NULL|NULL|NULL|1|18|NONE
jw01257001001_02129_00003_mirifushort_uncal.fits|V01257001001P0000000002129|1257|1|1|01257001001|2|PRIME_TARGETED_FIXED|1|29|3|MIR_MRS|288|161|MIRI|MIRIFUSHORT|12|1|HH211|HH211|FIXED|MIRI Medium Resolution Spectroscopy|SCIENCE|163|1|2|3|17|NULL|NULL|NULL|1|4-POINT|NULL|4|NULL|NULL|3|NULL|MIRIFU_CHANNEL1A|2026_1b|FULL|NULL|NULL|MEDIUM|NULL|NULL|[('o001', 'OBSERVATION')]|NULL|NULL|NULL|F|F|NULL|NULL|NULL|OFF|NULL|NULL|NULL|NULL|1|18|NONE
jw01257001001_02129_00004_mirifulong_uncal.fits|V01257001001P0000000002129|1257|1|1|01257001001|2|PRIME_TARGETED_FIXED|1|29|4|MIR_MRS|288|161|MIRI|MIRIFULONG|34|1|HH211|HH211|FIXED|MIRI Medium Resolution Spectroscopy|SCIENCE|164|1|2|4|17|NULL|NULL|NULL|1|4-POINT|NULL|4|NULL|NULL|4|NULL|MIRIFU_CHANNEL1A|2026_1b|FULL|NULL|NULL|MEDIUM|NULL|NULL|[('o001', 'OBSERVATION')]|NULL|NULL|NULL|F|F|NULL|NULL|NULL|OFF|NULL|NULL|NULL|NULL|1|18|NONE
jw01257001001_02129_00004_mirifushort_uncal.fits|V01257001001P0000000002129|1257|1|1|01257001001|2|PRIME_TARGETED_FIXED|1|29|4|MIR_MRS|288|161|MIRI|MIRIFUSHORT|12|1|HH211|HH211|FIXED|MIRI Medium Resolution Spectroscopy|SCIENCE|164|1|2|4|17|NULL|NULL|NULL|1|4-POINT|NULL|4|NULL|NULL|4|NULL|MIRIFU_CHANNEL1A|2026_1b|FULL|NULL|NULL|MEDIUM|NULL|NULL|[('o001', 'OBSERVATION')]|NULL|NULL|NULL|F|F|NULL|NULL|NULL|OFF|NULL|NULL|NULL|NULL|1|18|NONE
jw01257001001_0212b_00001_mirifulong_uncal.fits|V01257001001P000000000212B|1257|1|1|01257001001|2|PRIME_TARGETED_FIXED|1|2B|1|MIR_MRS|288|165|MIRI|MIRIFULONG|34|1|HH211|HH211|FIXED|MIRI Medium Resolution Spectroscopy|SCIENCE|165|1|2|1|18|NULL|NULL|NULL|1|4-POINT|NULL|4|NULL|NULL|1|NULL|MIRIFU_CHANNEL1A|2026_1b|FULL|NULL|NULL|MEDIUM|NULL|NULL|[('o001', 'OBSERVATION')]|NULL|NULL|NULL|F|F|NULL|NULL|NULL|OFF|NULL|NULL|NULL|NULL|1|18|NONE
jw01257001001_0212b_00001_mirifushort_uncal.fits|V01257001001P000000000212B|1257|1|1|01257001001|2|PRIME_TARGETED_FIXED|1|2B|1|MIR_MRS|288|165|MIRI|MIRIFUSHORT|12|1|HH211|HH211|FIXED|MIRI Medium Resolution Spectroscopy|SCIENCE|165|1|2|1|18|NULL|NULL|NULL|1|4-POINT|NULL|4|NULL|NULL|1|NULL|MIRIFU_CHANNEL1A|2026_1b|FULL|NULL|NULL|MEDIUM|NULL|NULL|[('o001', 'OBSERVATION')]|NULL|NULL|NULL|F|F|NULL|NULL|NULL|OFF|NULL|NULL|NULL|NULL|1|18|NONE
jw01257001001_0212b_00002_mirifulong_uncal.fits|V01257001001P000000000212B|1257|1|1|01257001001|2|PRIME_TARGETED_FIXED|1|2B|2|MIR_MRS|288|165|MIRI|MIRIFULONG|34|1|HH211|HH211|FIXED|MIRI Medium Resolution Spectroscopy|SCIENCE|166|1|2|2|18|NULL|NULL|NULL|1|4-POINT|NULL|4|NULL|NULL|2|NULL|MIRIFU_CHANNEL1A|2026_1b|FULL|NULL|NULL|MEDIUM|NULL|NULL|[('o001', 'OBSERVATION')]|NULL|NULL|NULL|F|F|NULL|NULL|NULL|OFF|NULL|NULL|NULL|NULL|1|18|NONE
jw01257001001_0212b_00002_mirifushort_uncal.fits|V01257001001P000000000212B|1257|1|1|01257001001|2|PRIME_TARGETED_FIXED|1|2B|2|MIR_MRS|288|165|MIRI|MIRIFUSHORT|12|1|HH211|HH211|FIXED|MIRI Medium Resolution Spectroscopy|SCIENCE|166|1|2|2|18|NULL|NULL|NULL|1|4-POINT|NULL|4|NULL|NULL|2|NULL|MIRIFU_CHANNEL1A|2026_1b|FULL|NULL|NULL|MEDIUM|NULL|NULL|[('o001', 'OBSERVATION')]|NULL|NULL|NULL|F|F|NULL|NULL|NULL|OFF|NULL|NULL|NULL|NULL|1|18|NONE
jw01257001001_0212b_00003_mirifulong_uncal.fits|V01257001001P000000000212B|1257|1|1|01257001001|2|PRIME_TARGETED_FIXED|1|2B|3|MIR_MRS|288|165|MIRI|MIRIFULONG|34|1|HH211|HH211|FIXED|MIRI Medium Resolution Spectroscopy|SCIENCE|167|1|2|3|18|NULL|NULL|NULL|1|4-POINT|NULL|4|NULL|NULL|3|NULL|MIRIFU_CHANNEL1A|2026_1b|FULL|NULL|NULL|MEDIUM|NULL|NULL|[('o001', 'OBSERVATION')]|NULL|NULL|NULL|F|F|NULL|NULL|NULL|OFF|NULL|NULL|NULL|NULL|1|18|NONE
jw01257001001_0212b_00003_mirifushort_uncal.fits|V01257001001P000000000212B|1257|1|1|01257001001|2|PRIME_TARGETED_FIXED|1|2B|3|MIR_MRS|288|165|MIRI|MIRIFUSHORT|12|1|HH211|HH211|FIXED|MIRI Medium Resolution Spectroscopy|SCIENCE|167|1|2|3|18|NULL|NULL|NULL|1|4-POINT|NULL|4|NULL|NULL|3|NULL|MIRIFU_CHANNEL1A|2026_1b|FULL|NULL|NULL|MEDIUM|NULL|NULL|[('o001', 'OBSERVATION')]|NULL|NULL|NULL|F|F|NULL|NULL|NULL|OFF|NULL|NULL|NULL|NULL|1|18|NONE
jw01257001001_0212b_00004_mirifulong_uncal.fits|V01257001001P000000000212B|1257|1|1|01257001001|2|PRIME_TARGETED_FIXED|1|2B|4|MIR_MRS|288|165|MIRI|MIRIFULONG|34|1|HH211|HH211|FIXED|MIRI Medium Resolution Spectroscopy|SCIENCE|168|1|2|4|18|NULL|NULL|NULL|1|4-POINT|NULL|4|NULL|NULL|4|NULL|MIRIFU_CHANNEL1A|2026_1b|FULL|NULL|NULL|MEDIUM|NULL|NULL|[('o001', 'OBSERVATION')]|NULL|NULL|NULL|F|F|NULL|NULL|NULL|OFF|NULL|NULL|NULL|NULL|1|18|NONE
jw01257001001_0212b_00004_mirifushort_uncal.fits|V01257001001P000000000212B|1257|1|1|01257001001|2|PRIME_TARGETED_FIXED|1|2B|4|MIR_MRS|288|165|MIRI|MIRIFUSHORT|12|1|HH211|HH211|FIXED|MIRI Medium Resolution Spectroscopy|SCIENCE|168|1|2|4|18|NULL|NULL|NULL|1|4-POINT|NULL|4|NULL|NULL|4|NULL|MIRIFU_CHANNEL1A|2026_1b|FULL|NULL|NULL|MEDIUM|NULL|NULL|[('o001', 'OBSERVATION')]|NULL|NULL|NULL|F|F|NULL|NULL|NULL|OFF|NULL|NULL|NULL|NULL|1|18|NONE
jw01257001001_0212d_00001_mirifulong_uncal.fits|V01257001001P000000000212D|1257|1|1|01257001001|2|PRIME_TARGETED_FIXED|1|2D|1|MIR_MRS|288|169|MIRI|MIRIFULONG|34|1|HH211|HH211|FIXED|MIRI Medium Resolution Spectroscopy|SCIENCE|169|1|2|1|19|NULL|NULL|NULL|1|4-POINT|NULL|4|NULL|NULL|1|NULL|MIRIFU_CHANNEL1A|2026_1b|FULL|NULL|NULL|MEDIUM|NULL|NULL|[('o001', 'OBSERVATION')]|NULL|NULL|NULL|F|F|NULL|NULL|NULL|OFF|NULL|NULL|NULL|NULL|1|18|NONE
jw01257001001_0212d_00001_mirifushort_uncal.fits|V01257001001P000000000212D|1257|1|1|01257001001|2|PRIME_TARGETED_FIXED|1|2D|1|MIR_MRS|288|169|MIRI|MIRIFUSHORT|12|1|HH211|HH211|FIXED|MIRI Medium Resolution Spectroscopy|SCIENCE|169|1|2|1|19|NULL|NULL|NULL|1|4-POINT|NULL|4|NULL|NULL|1|NULL|MIRIFU_CHANNEL1A|2026_1b|FULL|NULL|NULL|MEDIUM|NULL|NULL|[('o001', 'OBSERVATION')]|NULL|NULL|NULL|F|F|NULL|NULL|NULL|OFF|NULL|NULL|NULL|NULL|1|18|NONE
jw01257001001_0212d_00002_mirifulong_uncal.fits|V01257001001P000000000212D|1257|1|1|01257001001|2|PRIME_TARGETED_FIXED|1|2D|2|MIR_MRS|288|169|MIRI|MIRIFULONG|34|1|HH211|HH211|FIXED|MIRI Medium Resolution Spectroscopy|SCIENCE|170|1|2|2|19|NULL|NULL|NULL|1|4-POINT|NULL|4|NULL|NULL|2|NULL|MIRIFU_CHANNEL1A|2026_1b|FULL|NULL|NULL|MEDIUM|NULL|NULL|[('o001', 'OBSERVATION')]|NULL|NULL|NULL|F|F|NULL|NULL|NULL|OFF|NULL|NULL|NULL|NULL|1|18|NONE
jw01257001001_0212d_00002_mirifushort_uncal.fits|V01257001001P000000000212D|1257|1|1|01257001001|2|PRIME_TARGETED_FIXED|1|2D|2|MIR_MRS|288|169|MIRI|MIRIFUSHORT|12|1|HH211|HH211|FIXED|MIRI Medium Resolution Spectroscopy|SCIENCE|170|1|2|2|19|NULL|NULL|NULL|1|4-POINT|NULL|4|NULL|NULL|2|NULL|MIRIFU_CHANNEL1A|2026_1b|FULL|NULL|NULL|MEDIUM|NULL|NULL|[('o001', 'OBSERVATION')]|NULL|NULL|NULL|F|F|NULL|NULL|NULL|OFF|NULL|NULL|NULL|NULL|1|18|NONE
jw01257001001_0212d_00003_mirifulong_uncal.fits|V01257001001P000000000212D|1257|1|1|01257001001|2|PRIME_TARGETED_FIXED|1|2D|3|MIR_MRS|288|169|MIRI|MIRIFULONG|34|1|HH211|HH211|FIXED|MIRI Medium Resolution Spectroscopy|SCIENCE|171|1|2|3|19|NULL|NULL|NULL|1|4-POINT|NULL|4|NULL|NULL|3|NULL|MIRIFU_CHANNEL1A|2026_1b|FULL|NULL|NULL|MEDIUM|NULL|NULL|[('o001', 'OBSERVATION')]|NULL|NULL|NULL|F|F|NULL|NULL|NULL|OFF|NULL|NULL|NULL|NULL|1|18|NONE
jw01257001001_0212d_00003_mirifushort_uncal.fits|V01257001001P000000000212D|1257|1|1|01257001001|2|PRIME_TARGETED_FIXED|1|2D|3|MIR_MRS|288|169|MIRI|MIRIFUSHORT|12|1|HH211|HH211|FIXED|MIRI Medium Resolution Spectroscopy|SCIENCE|171|1|2|3|19|NULL|NULL|NULL|1|4-POINT|NULL|4|NULL|NULL|3|NULL|MIRIFU_CHANNEL1A|2026_1b|FULL|NULL|NULL|MEDIUM|NULL|NULL|[('o001', 'OBSERVATION')]|NULL|NULL|NULL|F|F|NULL|NULL|NULL|OFF|NULL|NULL|NULL|NULL|1|18|NONE
jw01257001001_0212d_00004_mirifulong_uncal.fits|V01257001001P000000000212D|1257|1|1|01257001001|2|PRIME_TARGETED_FIXED|1|2D|4|MIR_MRS|288|169|MIRI|MIRIFULONG|34|1|HH211|HH211|FIXED|MIRI Medium Resolution Spectroscopy|SCIENCE|172|1|2|4|19|NULL|NULL|NULL|1|4-POINT|NULL|4|NULL|NULL|4|NULL|MIRIFU_CHANNEL1A|2026_1b|FULL|NULL|NULL|MEDIUM|NULL|NULL|[('o001', 'OBSERVATION')]|NULL|NULL|NULL|F|F|NULL|NULL|NULL|OFF|NULL|NULL|NULL|NULL|1|18|NONE
jw01257001001_0212d_00004_mirifushort_uncal.fits|V01257001001P000000000212D|1257|1|1|01257001001|2|PRIME_TARGETED_FIXED|1|2D|4|MIR_MRS|288|169|MIRI|MIRIFUSHORT|12|1|HH211|HH211|FIXED|MIRI Medium Resolution Spectroscopy|SCIENCE|172|1|2|4|19|NULL|NULL|NULL|1|4-POINT|NULL|4|NULL|NULL|4|NULL|MIRIFU_CHANNEL1A|2026_1b|FULL|NULL|NULL|MEDIUM|NULL|NULL|[('o001', 'OBSERVATION')]|NULL|NULL|NULL|F|F|NULL|NULL|NULL|OFF|NULL|NULL|NULL|NULL|1|18|NONE
jw01257001001_0212f_00001_mirifulong_uncal.fits|V01257001001P000000000212F|1257|1|1|01257001001|2|PRIME_TARGETED_FIXED|1|2F|1|MIR_MRS|288|173|MIRI|MIRIFULONG|34|1|HH211|HH211|FIXED|MIRI Medium Resolution Spectroscopy|SCIENCE|173|1|2|1|20|NULL|NULL|NULL|1|4-POINT|NULL|4|NULL|NULL|1|NULL|MIRIFU_CHANNEL1A|2026_1b|FULL|NULL|NULL|MEDIUM|NULL|NULL|[('o001', 'OBSERVATION')]|NULL|NULL|NULL|F|F|NULL|NULL|NULL|OFF|NULL|NULL|NULL|NULL|1|18|NONE
jw01257001001_0212f_00001_mirifushort_uncal.fits|V01257001001P000000000212F|1257|1|1|01257001001|2|PRIME_TARGETED_FIXED|1|2F|1|MIR_MRS|288|173|MIRI|MIRIFUSHORT|12|1|HH211|HH211|FIXED|MIRI Medium Resolution Spectroscopy|SCIENCE|173|1|2|1|20|NULL|NULL|NULL|1|4-POINT|NULL|4|NULL|NULL|1|NULL|MIRIFU_CHANNEL1A|2026_1b|FULL|NULL|NULL|MEDIUM|NULL|NULL|[('o001', 'OBSERVATION')]|NULL|NULL|NULL|F|F|NULL|NULL|NULL|OFF|NULL|NULL|NULL|NULL|1|18|NONE
jw01257001001_0212f_00002_mirifulong_uncal.fits|V01257001001P000000000212F|1257|1|1|01257001001|2|PRIME_TARGETED_FIXED|1|2F|2|MIR_MRS|288|173|MIRI|MIRIFULONG|34|1|HH211|HH211|FIXED|MIRI Medium Resolution Spectroscopy|SCIENCE|174|1|2|2|20|NULL|NULL|NULL|1|4-POINT|NULL|4|NULL|NULL|2|NULL|MIRIFU_CHANNEL1A|2026_1b|FULL|NULL|NULL|MEDIUM|NULL|NULL|[('o001', 'OBSERVATION')]|NULL|NULL|NULL|F|F|NULL|NULL|NULL|OFF|NULL|NULL|NULL|NULL|1|18|NONE
jw01257001001_0212f_00002_mirifushort_uncal.fits|V01257001001P000000000212F|1257|1|1|01257001001|2|PRIME_TARGETED_FIXED|1|2F|2|MIR_MRS|288|173|MIRI|MIRIFUSHORT|12|1|HH211|HH211|FIXED|MIRI Medium Resolution Spectroscopy|SCIENCE|174|1|2|2|20|NULL|NULL|NULL|1|4-POINT|NULL|4|NULL|NULL|2|NULL|MIRIFU_CHANNEL1A|2026_1b|FULL|NULL|NULL|MEDIUM|NULL|NULL|[('o001', 'OBSERVATION')]|NULL|NULL|NULL|F|F|NULL|NULL|NULL|OFF|NULL|NULL|NULL|NULL|1|18|NONE
jw01257001001_0212f_00003_mirifulong_uncal.fits|V01257001001P000000000212F|1257|1|1|01257001001|2|PRIME_TARGETED_FIXED|1|2F|3|MIR_MRS|288|173|MIRI|MIRIFULONG|34|1|HH211|HH211|FIXED|MIRI Medium Resolution Spectroscopy|SCIENCE|175|1|2|3|20|NULL|NULL|NULL|1|4-POINT|NULL|4|NULL|NULL|3|NULL|MIRIFU_CHANNEL1A|2026_1b|FULL|NULL|NULL|MEDIUM|NULL|NULL|[('o001', 'OBSERVATION')]|NULL|NULL|NULL|F|F|NULL|NULL|NULL|OFF|NULL|NULL|NULL|NULL|1|18|NONE
jw01257001001_0212f_00003_mirifushort_uncal.fits|V01257001001P000000000212F|1257|1|1|01257001001|2|PRIME_TARGETED_FIXED|1|2F|3|MIR_MRS|288|173|MIRI|MIRIFUSHORT|12|1|HH211|HH211|FIXED|MIRI Medium Resolution Spectroscopy|SCIENCE|175|1|2|3|20|NULL|NULL|NULL|1|4-POINT|NULL|4|NULL|NULL|3|NULL|MIRIFU_CHANNEL1A|2026_1b|FULL|NULL|NULL|MEDIUM|NULL|NULL|[('o001', 'OBSERVATION')]|NULL|NULL|NULL|F|F|NULL|NULL|NULL|OFF|NULL|NULL|NULL|NULL|1|18|NONE
jw01257001001_0212f_00004_mirifulong_uncal.fits|V01257001001P000000000212F|1257|1|1|01257001001|2|PRIME_TARGETED_FIXED|1|2F|4|MIR_MRS|288|173|MIRI|MIRIFULONG|34|1|HH211|HH211|FIXED|MIRI Medium Resolution Spectroscopy|SCIENCE|176|1|2|4|20|NULL|NULL|NULL|1|4-POINT|NULL|4|NULL|NULL|4|NULL|MIRIFU_CHANNEL1A|2026_1b|FULL|NULL|NULL|MEDIUM|NULL|NULL|[('o001', 'OBSERVATION')]|NULL|NULL|NULL|F|F|NULL|NULL|NULL|OFF|NULL|NULL|NULL|NULL|1|18|NONE
jw01257001001_0212f_00004_mirifushort_uncal.fits|V01257001001P000000000212F|1257|1|1|01257001001|2|PRIME_TARGETED_FIXED|1|2F|4|MIR_MRS|288|173|MIRI|MIRIFUSHORT|12|1|HH211|HH211|FIXED|MIRI Medium Resolution Spectroscopy|SCIENCE|176|1|2|4|20|NULL|NULL|NULL|1|4-POINT|NULL|4|NULL|NULL|4|NULL|MIRIFU_CHANNEL1A|2026_1b|FULL|NULL|NULL|MEDIUM|NULL|NULL|[('o001', 'OBSERVATION')]|NULL|NULL|NULL|F|F|NULL|NULL|NULL|OFF|NULL|NULL|NULL|NULL|1|18|NONE
jw01257001001_0212h_00001_mirifulong_uncal.fits|V01257001001P000000000212H|1257|1|1|01257001001|2|PRIME_TARGETED_FIXED|1|2H|1|MIR_MRS|288|177|MIRI|MIRIFULONG|34|1|HH211|HH211|FIXED|MIRI Medium Resolution Spectroscopy|SCIENCE|177|1|2|1|21|NULL|NULL|NULL|1|4-POINT|NULL|4|NULL|NULL|1|NULL|MIRIFU_CHANNEL1A|2026_1b|FULL|NULL|NULL|MEDIUM|NULL|NULL|[('o001', 'OBSERVATION')]|NULL|NULL|NULL|F|F|NULL|NULL|NULL|OFF|NULL|NULL|NULL|NULL|1|18|NONE
jw01257001001_0212h_00001_mirifushort_uncal.fits|V01257001001P000000000212H|1257|1|1|01257001001|2|PRIME_TARGETED_FIXED|1|2H|1|MIR_MRS|288|177|MIRI|MIRIFUSHORT|12|1|HH211|HH211|FIXED|MIRI Medium Resolution Spectroscopy|SCIENCE|177|1|2|1|21|NULL|NULL|NULL|1|4-POINT|NULL|4|NULL|NULL|1|NULL|MIRIFU_CHANNEL1A|2026_1b|FULL|NULL|NULL|MEDIUM|NULL|NULL|[('o001', 'OBSERVATION')]|NULL|NULL|NULL|F|F|NULL|NULL|NULL|OFF|NULL|NULL|NULL|NULL|1|18|NONE
jw01257001001_0212h_00002_mirifulong_uncal.fits|V01257001001P000000000212H|1257|1|1|01257001001|2|PRIME_TARGETED_FIXED|1|2H|2|MIR_MRS|288|177|MIRI|MIRIFULONG|34|1|HH211|HH211|FIXED|MIRI Medium Resolution Spectroscopy|SCIENCE|178|1|2|2|21|NULL|NULL|NULL|1|4-POINT|NULL|4|NULL|NULL|2|NULL|MIRIFU_CHANNEL1A|2026_1b|FULL|NULL|NULL|MEDIUM|NULL|NULL|[('o001', 'OBSERVATION')]|NULL|NULL|NULL|F|F|NULL|NULL|NULL|OFF|NULL|NULL|NULL|NULL|1|18|NONE
jw01257001001_0212h_00002_mirifushort_uncal.fits|V01257001001P000000000212H|1257|1|1|01257001001|2|PRIME_TARGETED_FIXED|1|2H|2|MIR_MRS|288|177|MIRI|MIRIFUSHORT|12|1|HH211|HH211|FIXED|MIRI Medium Resolution Spectroscopy|SCIENCE|178|1|2|2|21|NULL|NULL|NULL|1|4-POINT|NULL|4|NULL|NULL|2|NULL|MIRIFU_CHANNEL1A|2026_1b|FULL|NULL|NULL|MEDIUM|NULL|NULL|[('o001', 'OBSERVATION')]|NULL|NULL|NULL|F|F|NULL|NULL|NULL|OFF|NULL|NULL|NULL|NULL|1|18|NONE
jw01257001001_0212h_00003_mirifulong_uncal.fits|V01257001001P000000000212H|1257|1|1|01257001001|2|PRIME_TARGETED_FIXED|1|2H|3|MIR_MRS|288|177|MIRI|MIRIFULONG|34|1|HH211|HH211|FIXED|MIRI Medium Resolution Spectroscopy|SCIENCE|179|1|2|3|21|NULL|NULL|NULL|1|4-POINT|NULL|4|NULL|NULL|3|NULL|MIRIFU_CHANNEL1A|2026_1b|FULL|NULL|NULL|MEDIUM|NULL|NULL|[('o001', 'OBSERVATION')]|NULL|NULL|NULL|F|F|NULL|NULL|NULL|OFF|NULL|NULL|NULL|NULL|1|18|NONE
jw01257001001_0212h_00003_mirifushort_uncal.fits|V01257001001P000000000212H|1257|1|1|01257001001|2|PRIME_TARGETED_FIXED|1|2H|3|MIR_MRS|288|177|MIRI|MIRIFUSHORT|12|1|HH211|HH211|FIXED|MIRI Medium Resolution Spectroscopy|SCIENCE|179|1|2|3|21|NULL|NULL|NULL|1|4-POINT|NULL|4|NULL|NULL|3|NULL|MIRIFU_CHANNEL1A|2026_1b|FULL|NULL|NULL|MEDIUM|NULL|NULL|[('o001', 'OBSERVATION')]|NULL|NULL|NULL|F|F|NULL|NULL|NULL|OFF|NULL|NULL|NULL|NULL|1|18|NONE
jw01257001001_0212h_00004_mirifulong_uncal.fits|V01257001001P000000000212H|1257|1|1|01257001001|2|PRIME_TARGETED_FIXED|1|2H|4|MIR_MRS|288|177|MIRI|MIRIFULONG|34|1|HH211|HH211|FIXED|MIRI Medium Resolution Spectroscopy|SCIENCE|180|1|2|4|21|NULL|NULL|NULL|1|4-POINT|NULL|4|NULL|NULL|4|NULL|MIRIFU_CHANNEL1A|2026_1b|FULL|NULL|NULL|MEDIUM|NULL|NULL|[('o001', 'OBSERVATION')]|NULL|NULL|NULL|F|F|NULL|NULL|NULL|OFF|NULL|NULL|NULL|NULL|1|18|NONE
jw01257001001_0212h_00004_mirifushort_uncal.fits|V01257001001P000000000212H|1257|1|1|01257001001|2|PRIME_TARGETED_FIXED|1|2H|4|MIR_MRS|288|177|MIRI|MIRIFUSHORT|12|1|HH211|HH211|FIXED|MIRI Medium Resolution Spectroscopy|SCIENCE|180|1|2|4|21|NULL|NULL|NULL|1|4-POINT|NULL|4|NULL|NULL|4|NULL|MIRIFU_CHANNEL1A|2026_1b|FULL|NULL|NULL|MEDIUM|NULL|NULL|[('o001', 'OBSERVATION')]|NULL|NULL|NULL|F|F|NULL|NULL|NULL|OFF|NULL|NULL|NULL|NULL|1|18|NONE
jw01257001001_0212j_00001_mirifulong_uncal.fits|V01257001001P000000000212J|1257|1|1|01257001001|2|PRIME_TARGETED_FIXED|1|2J|1|MIR_MRS|288|181|MIRI|MIRIFULONG|34|1|HH211|HH211|FIXED|MIRI Medium Resolution Spectroscopy|SCIENCE|181|1|2|1|22|NULL|NULL|NULL|1|4-POINT|NULL|4|NULL|NULL|1|NULL|MIRIFU_CHANNEL1A|2026_1b|FULL|NULL|NULL|MEDIUM|NULL|NULL|[('o001', 'OBSERVATION')]|NULL|NULL|NULL|F|F|NULL|NULL|NULL|OFF|NULL|NULL|NULL|NULL|1|18|NONE
jw01257001001_0212j_00001_mirifushort_uncal.fits|V01257001001P000000000212J|1257|1|1|01257001001|2|PRIME_TARGETED_FIXED|1|2J|1|MIR_MRS|288|181|MIRI|MIRIFUSHORT|12|1|HH211|HH211|FIXED|MIRI Medium Resolution Spectroscopy|SCIENCE|181|1|2|1|22|NULL|NULL|NULL|1|4-POINT|NULL|4|NULL|NULL|1|NULL|MIRIFU_CHANNEL1A|2026_1b|FULL|NULL|NULL|MEDIUM|NULL|NULL|[('o001', 'OBSERVATION')]|NULL|NULL|NULL|F|F|NULL|NULL|NULL|OFF|NULL|NULL|NULL|NULL|1|18|NONE
jw01257001001_0212j_00002_mirifulong_uncal.fits|V01257001001P000000000212J|1257|1|1|01257001001|2|PRIME_TARGETED_FIXED|1|2J|2|MIR_MRS|288|181|MIRI|MIRIFULONG|34|1|HH211|HH211|FIXED|MIRI Medium Resolution Spectroscopy|SCIENCE|182|1|2|2|22|NULL|NULL|NULL|1|4-POINT|NULL|4|NULL|NULL|2|NULL|MIRIFU_CHANNEL1A|2026_1b|FULL|NULL|NULL|MEDIUM|NULL|NULL|[('o001', 'OBSERVATION')]|NULL|NULL|NULL|F|F|NULL|NULL|NULL|OFF|NULL|NULL|NULL|NULL|1|18|NONE
jw01257001001_0212j_00002_mirifushort_uncal.fits|V01257001001P000000000212J|1257|1|1|01257001001|2|PRIME_TARGETED_FIXED|1|2J|2|MIR_MRS|288|181|MIRI|MIRIFUSHORT|12|1|HH211|HH211|FIXED|MIRI Medium Resolution Spectroscopy|SCIENCE|182|1|2|2|22|NULL|NULL|NULL|1|4-POINT|NULL|4|NULL|NULL|2|NULL|MIRIFU_CHANNEL1A|2026_1b|FULL|NULL|NULL|MEDIUM|NULL|NULL|[('o001', 'OBSERVATION')]|NULL|NULL|NULL|F|F|NULL|NULL|NULL|OFF|NULL|NULL|NULL|NULL|1|18|NONE
jw01257001001_0212j_00003_mirifulong_uncal.fits|V01257001001P000000000212J|1257|1|1|01257001001|2|PRIME_TARGETED_FIXED|1|2J|3|MIR_MRS|288|181|MIRI|MIRIFULONG|34|1|HH211|HH211|FIXED|MIRI Medium Resolution Spectroscopy|SCIENCE|183|1|2|3|22|NULL|NULL|NULL|1|4-POINT|NULL|4|NULL|NULL|3|NULL|MIRIFU_CHANNEL1A|2026_1b|FULL|NULL|NULL|MEDIUM|NULL|NULL|[('o001', 'OBSERVATION')]|NULL|NULL|NULL|F|F|NULL|NULL|NULL|OFF|NULL|NULL|NULL|NULL|1|18|NONE
jw01257001001_0212j_00003_mirifushort_uncal.fits|V01257001001P000000000212J|1257|1|1|01257001001|2|PRIME_TARGETED_FIXED|1|2J|3|MIR_MRS|288|181|MIRI|MIRIFUSHORT|12|1|HH211|HH211|FIXED|MIRI Medium Resolution Spectroscopy|SCIENCE|183|1|2|3|22|NULL|NULL|NULL|1|4-POINT|NULL|4|NULL|NULL|3|NULL|MIRIFU_CHANNEL1A|2026_1b|FULL|NULL|NULL|MEDIUM|NULL|NULL|[('o001', 'OBSERVATION')]|NULL|NULL|NULL|F|F|NULL|NULL|NULL|OFF|NULL|NULL|NULL|NULL|1|18|NONE
jw01257001001_0212j_00004_mirifulong_uncal.fits|V01257001001P000000000212J|1257|1|1|01257001001|2|PRIME_TARGETED_FIXED|1|2J|4|MIR_MRS|288|181|MIRI|MIRIFULONG|34|1|HH211|HH211|FIXED|MIRI Medium Resolution Spectroscopy|SCIENCE|184|1|2|4|22|NULL|NULL|NULL|1|4-POINT|NULL|4|NULL|NULL|4|NULL|MIRIFU_CHANNEL1A|2026_1b|FULL|NULL|NULL|MEDIUM|NULL|NULL|[('o001', 'OBSERVATION')]|NULL|NULL|NULL|F|F|NULL|NULL|NULL|OFF|NULL|NULL|NULL|NULL|1|18|NONE
jw01257001001_0212j_00004_mirifushort_uncal.fits|V01257001001P000000000212J|1257|1|1|01257001001|2|PRIME_TARGETED_FIXED|1|2J|4|MIR_MRS|288|181|MIRI|MIRIFUSHORT|12|1|HH211|HH211|FIXED|MIRI Medium Resolution Spectroscopy|SCIENCE|184|1|2|4|22|NULL|NULL|NULL|1|4-POINT|NULL|4|NULL|NULL|4|NULL|MIRIFU_CHANNEL1A|2026_1b|FULL|NULL|NULL|MEDIUM|NULL|NULL|[('o001', 'OBSERVATION')]|NULL|NULL|NULL|F|F|NULL|NULL|NULL|OFF|NULL|NULL|NULL|NULL|1|18|NONE
jw01257001001_0212l_00001_mirifulong_uncal.fits|V01257001001P000000000212L|1257|1|1|01257001001|2|PRIME_TARGETED_FIXED|1|2L|1|MIR_MRS|288|185|MIRI|MIRIFULONG|34|1|HH211|HH211|FIXED|MIRI Medium Resolution Spectroscopy|SCIENCE|185|1|2|1|23|NULL|NULL|NULL|1|4-POINT|NULL|4|NULL|NULL|1|NULL|MIRIFU_CHANNEL1A|2026_1b|FULL|NULL|NULL|MEDIUM|NULL|NULL|[('o001', 'OBSERVATION')]|NULL|NULL|NULL|F|F|NULL|NULL|NULL|OFF|NULL|NULL|NULL|NULL|1|18|NONE
jw01257001001_0212l_00001_mirifushort_uncal.fits|V01257001001P000000000212L|1257|1|1|01257001001|2|PRIME_TARGETED_FIXED|1|2L|1|MIR_MRS|288|185|MIRI|MIRIFUSHORT|12|1|HH211|HH211|FIXED|MIRI Medium Resolution Spectroscopy|SCIENCE|185|1|2|1|23|NULL|NULL|NULL|1|4-POINT|NULL|4|NULL|NULL|1|NULL|MIRIFU_CHANNEL1A|2026_1b|FULL|NULL|NULL|MEDIUM|NULL|NULL|[('o001', 'OBSERVATION')]|NULL|NULL|NULL|F|F|NULL|NULL|NULL|OFF|NULL|NULL|NULL|NULL|1|18|NONE
jw01257001001_0212l_00002_mirifulong_uncal.fits|V01257001001P000000000212L|1257|1|1|01257001001|2|PRIME_TARGETED_FIXED|1|2L|2|MIR_MRS|288|185|MIRI|MIRIFULONG|34|1|HH211|HH211|FIXED|MIRI Medium Resolution Spectroscopy|SCIENCE|186|1|2|2|23|NULL|NULL|NULL|1|4-POINT|NULL|4|NULL|NULL|2|NULL|MIRIFU_CHANNEL1A|2026_1b|FULL|NULL|NULL|MEDIUM|NULL|NULL|[('o001', 'OBSERVATION')]|NULL|NULL|NULL|F|F|NULL|NULL|NULL|OFF|NULL|NULL|NULL|NULL|1|18|NONE
jw01257001001_0212l_00002_mirifushort_uncal.fits|V01257001001P000000000212L|1257|1|1|01257001001|2|PRIME_TARGETED_FIXED|1|2L|2|MIR_MRS|288|185|MIRI|MIRIFUSHORT|12|1|HH211|HH211|FIXED|MIRI Medium Resolution Spectroscopy|SCIENCE|186|1|2|2|23|NULL|NULL|NULL|1|4-POINT|NULL|4|NULL|NULL|2|NULL|MIRIFU_CHANNEL1A|2026_1b|FULL|NULL|NULL|MEDIUM|NULL|NULL|[('o001', 'OBSERVATION')]|NULL|NULL|NULL|F|F|NULL|NULL|NULL|OFF|NULL|NULL|NULL|NULL|1|18|NONE
jw01257001001_0212l_00003_mirifulong_uncal.fits|V01257001001P000000000212L|1257|1|1|01257001001|2|PRIME_TARGETED_FIXED|1|2L|3|MIR_MRS|288|185|MIRI|MIRIFULONG|34|1|HH211|HH211|FIXED|MIRI Medium Resolution Spectroscopy|SCIENCE|187|1|2|3|23|NULL|NULL|NULL|1|4-POINT|NULL|4|NULL|NULL|3|NULL|MIRIFU_CHANNEL1A|2026_1b|FULL|NULL|NULL|MEDIUM|NULL|NULL|[('o001', 'OBSERVATION')]|NULL|NULL|NULL|F|F|NULL|NULL|NULL|OFF|NULL|NULL|NULL|NULL|1|18|NONE
jw01257001001_0212l_00003_mirifushort_uncal.fits|V01257001001P000000000212L|1257|1|1|01257001001|2|PRIME_TARGETED_FIXED|1|2L|3|MIR_MRS|288|185|MIRI|MIRIFUSHORT|12|1|HH211|HH211|FIXED|MIRI Medium Resolution Spectroscopy|SCIENCE|187|1|2|3|23|NULL|NULL|NULL|1|4-POINT|NULL|4|NULL|NULL|3|NULL|MIRIFU_CHANNEL1A|2026_1b|FULL|NULL|NULL|MEDIUM|NULL|NULL|[('o001', 'OBSERVATION')]|NULL|NULL|NULL|F|F|NULL|NULL|NULL|OFF|NULL|NULL|NULL|NULL|1|18|NONE
jw01257001001_0212l_00004_mirifulong_uncal.fits|V01257001001P000000000212L|1257|1|1|01257001001|2|PRIME_TARGETED_FIXED|1|2L|4|MIR_MRS|288|185|MIRI|MIRIFULONG|34|1|HH211|HH211|FIXED|MIRI Medium Resolution Spectroscopy|SCIENCE|188|1|2|4|23|NULL|NULL|NULL|1|4-POINT|NULL|4|NULL|NULL|4|NULL|MIRIFU_CHANNEL1A|2026_1b|FULL|NULL|NULL|MEDIUM|NULL|NULL|[('o001', 'OBSERVATION')]|NULL|NULL|NULL|F|F|NULL|NULL|NULL|OFF|NULL|NULL|NULL|NULL|1|18|NONE
jw01257001001_0212l_00004_mirifushort_uncal.fits|V01257001001P000000000212L|1257|1|1|01257001001|2|PRIME_TARGETED_FIXED|1|2L|4|MIR_MRS|288|185|MIRI|MIRIFUSHORT|12|1|HH211|HH211|FIXED|MIRI Medium Resolution Spectroscopy|SCIENCE|188|1|2|4|23|NULL|NULL|NULL|1|4-POINT|NULL|4|NULL|NULL|4|NULL|MIRIFU_CHANNEL1A|2026_1b|FULL|NULL|NULL|MEDIUM|NULL|NULL|[('o001', 'OBSERVATION')]|NULL|NULL|NULL|F|F|NULL|NULL|NULL|OFF|NULL|NULL|NULL|NULL|1|18|NONE
jw01257001001_0212n_00001_mirifulong_uncal.fits|V01257001001P000000000212N|1257|1|1|01257001001|2|PRIME_TARGETED_FIXED|1|2N|1|MIR_MRS|288|189|MIRI|MIRIFULONG|34|1|HH211|HH211|FIXED|MIRI Medium Resolution Spectroscopy|SCIENCE|189|1|2|1|24|NULL|NULL|NULL|1|4-POINT|NULL|4|NULL|NULL|1|NULL|MIRIFU_CHANNEL1A|2026_1b|FULL|NULL|NULL|MEDIUM|NULL|NULL|[('o001', 'OBSERVATION')]|NULL|NULL|NULL|F|F|NULL|NULL|NULL|OFF|NULL|NULL|NULL|NULL|1|18|NONE
jw01257001001_0212n_00001_mirifushort_uncal.fits|V01257001001P000000000212N|1257|1|1|01257001001|2|PRIME_TARGETED_FIXED|1|2N|1|MIR_MRS|288|189|MIRI|MIRIFUSHORT|12|1|HH211|HH211|FIXED|MIRI Medium Resolution Spectroscopy|SCIENCE|189|1|2|1|24|NULL|NULL|NULL|1|4-POINT|NULL|4|NULL|NULL|1|NULL|MIRIFU_CHANNEL1A|2026_1b|FULL|NULL|NULL|MEDIUM|NULL|NULL|[('o001', 'OBSERVATION')]|NULL|NULL|NULL|F|F|NULL|NULL|NULL|OFF|NULL|NULL|NULL|NULL|1|18|NONE
jw01257001001_0212n_00002_mirifulong_uncal.fits|V01257001001P000000000212N|1257|1|1|01257001001|2|PRIME_TARGETED_FIXED|1|2N|2|MIR_MRS|288|189|MIRI|MIRIFULONG|34|1|HH211|HH211|FIXED|MIRI Medium Resolution Spectroscopy|SCIENCE|190|1|2|2|24|NULL|NULL|NULL|1|4-POINT|NULL|4|NULL|NULL|2|NULL|MIRIFU_CHANNEL1A|2026_1b|FULL|NULL|NULL|MEDIUM|NULL|NULL|[('o001', 'OBSERVATION')]|NULL|NULL|NULL|F|F|NULL|NULL|NULL|OFF|NULL|NULL|NULL|NULL|1|18|NONE
jw01257001001_0212n_00002_mirifushort_uncal.fits|V01257001001P000000000212N|1257|1|1|01257001001|2|PRIME_TARGETED_FIXED|1|2N|2|MIR_MRS|288|189|MIRI|MIRIFUSHORT|12|1|HH211|HH211|FIXED|MIRI Medium Resolution Spectroscopy|SCIENCE|190|1|2|2|24|NULL|NULL|NULL|1|4-POINT|NULL|4|NULL|NULL|2|NULL|MIRIFU_CHANNEL1A|2026_1b|FULL|NULL|NULL|MEDIUM|NULL|NULL|[('o001', 'OBSERVATION')]|NULL|NULL|NULL|F|F|NULL|NULL|NULL|OFF|NULL|NULL|NULL|NULL|1|18|NONE
jw01257001001_0212n_00003_mirifulong_uncal.fits|V01257001001P000000000212N|1257|1|1|01257001001|2|PRIME_TARGETED_FIXED|1|2N|3|MIR_MRS|288|189|MIRI|MIRIFULONG|34|1|HH211|HH211|FIXED|MIRI Medium Resolution Spectroscopy|SCIENCE|191|1|2|3|24|NULL|NULL|NULL|1|4-POINT|NULL|4|NULL|NULL|3|NULL|MIRIFU_CHANNEL1A|2026_1b|FULL|NULL|NULL|MEDIUM|NULL|NULL|[('o001', 'OBSERVATION')]|NULL|NULL|NULL|F|F|NULL|NULL|NULL|OFF|NULL|NULL|NULL|NULL|1|18|NONE
jw01257001001_0212n_00003_mirifushort_uncal.fits|V01257001001P000000000212N|1257|1|1|01257001001|2|PRIME_TARGETED_FIXED|1|2N|3|MIR_MRS|288|189|MIRI|MIRIFUSHORT|12|1|HH211|HH211|FIXED|MIRI Medium Resolution Spectroscopy|SCIENCE|191|1|2|3|24|NULL|NULL|NULL|1|4-POINT|NULL|4|NULL|NULL|3|NULL|MIRIFU_CHANNEL1A|2026_1b|FULL|NULL|NULL|MEDIUM|NULL|NULL|[('o001', 'OBSERVATION')]|NULL|NULL|NULL|F|F|NULL|NULL|NULL|OFF|NULL|NULL|NULL|NULL|1|18|NONE
jw01257001001_0212n_00004_mirifulong_uncal.fits|V01257001001P000000000212N|1257|1|1|01257001001|2|PRIME_TARGETED_FIXED|1|2N|4|MIR_MRS|288|189|MIRI|MIRIFULONG|34|1|HH211|HH211|FIXED|MIRI Medium Resolution Spectroscopy|SCIENCE|192|1|2|4|24|NULL|NULL|NULL|1|4-POINT|NULL|4|NULL|NULL|4|NULL|MIRIFU_CHANNEL1A|2026_1b|FULL|NULL|NULL|MEDIUM|NULL|NULL|[('o001', 'OBSERVATION')]|NULL|NULL|NULL|F|F|NULL|NULL|NULL|OFF|NULL|NULL|NULL|NULL|1|18|NONE
jw01257001001_0212n_00004_mirifushort_uncal.fits|V01257001001P000000000212N|1257|1|1|01257001001|2|PRIME_TARGETED_FIXED|1|2N|4|MIR_MRS|288|189|MIRI|MIRIFUSHORT|12|1|HH211|HH211|FIXED|MIRI Medium Resolution Spectroscopy|SCIENCE|192|1|2|4|24|NULL|NULL|NULL|1|4-POINT|NULL|4|NULL|NULL|4|NULL|MIRIFU_CHANNEL1A|2026_1b|FULL|NULL|NULL|MEDIUM|NULL|NULL|[('o001', 'OBSERVATION')]|NULL|NULL|NULL|F|F|NULL|NULL|NULL|OFF|NULL|NULL|NULL|NULL|1|18|NONE
jw01257001001_0212p_00001_mirifulong_uncal.fits|V01257001001P000000000212P|1257|1|1|01257001001|2|PRIME_TARGETED_FIXED|1|2P|1|MIR_MRS|288|193|MIRI|MIRIFULONG|34|1|HH211|HH211|FIXED|MIRI Medium Resolution Spectroscopy|SCIENCE|193|1|3|1|1|NULL|NULL|NULL|1|4-POINT|NULL|4|NULL|NULL|1|NULL|MIRIFU_CHANNEL1A|2026_1b|FULL|NULL|NULL|LONG|NULL|NULL|[('o001', 'OBSERVATION')]|NULL|NULL|NULL|F|F|NULL|NULL|NULL|OFF|NULL|NULL|NULL|NULL|1|18|NONE
jw01257001001_0212p_00001_mirifushort_uncal.fits|V01257001001P000000000212P|1257|1|1|01257001001|2|PRIME_TARGETED_FIXED|1|2P|1|MIR_MRS|288|193|MIRI|MIRIFUSHORT|12|1|HH211|HH211|FIXED|MIRI Medium Resolution Spectroscopy|SCIENCE|193|1|3|1|1|NULL|NULL|NULL|1|4-POINT|NULL|4|NULL|NULL|1|NULL|MIRIFU_CHANNEL1A|2026_1b|FULL|NULL|NULL|LONG|NULL|NULL|[('o001', 'OBSERVATION')]|NULL|NULL|NULL|F|F|NULL|NULL|NULL|OFF|NULL|NULL|NULL|NULL|1|18|NONE
jw01257001001_0212p_00002_mirifulong_uncal.fits|V01257001001P000000000212P|1257|1|1|01257001001|2|PRIME_TARGETED_FIXED|1|2P|2|MIR_MRS|288|193|MIRI|MIRIFULONG|34|1|HH211|HH211|FIXED|MIRI Medium Resolution Spectroscopy|SCIENCE|194|1|3|2|1|NULL|NULL|NULL|1|4-POINT|NULL|4|NULL|NULL|2|NULL|MIRIFU_CHANNEL1A|2026_1b|FULL|NULL|NULL|LONG|NULL|NULL|[('o001', 'OBSERVATION')]|NULL|NULL|NULL|F|F|NULL|NULL|NULL|OFF|NULL|NULL|NULL|NULL|1|18|NONE
jw01257001001_0212p_00002_mirifushort_uncal.fits|V01257001001P000000000212P|1257|1|1|01257001001|2|PRIME_TARGETED_FIXED|1|2P|2|MIR_MRS|288|193|MIRI|MIRIFUSHORT|12|1|HH211|HH211|FIXED|MIRI Medium Resolution Spectroscopy|SCIENCE|194|1|3|2|1|NULL|NULL|NULL|1|4-POINT|NULL|4|NULL|NULL|2|NULL|MIRIFU_CHANNEL1A|2026_1b|FULL|NULL|NULL|LONG|NULL|NULL|[('o001', 'OBSERVATION')]|NULL|NULL|NULL|F|F|NULL|NULL|NULL|OFF|NULL|NULL|NULL|NULL|1|18|NONE
jw01257001001_0212p_00003_mirifulong_uncal.fits|V01257001001P000000000212P|1257|1|1|01257001001|2|PRIME_TARGETED_FIXED|1|2P|3|MIR_MRS|288|193|MIRI|MIRIFULONG|34|1|HH211|HH211|FIXED|MIRI Medium Resolution Spectroscopy|SCIENCE|195|1|3|3|1|NULL|NULL|NULL|1|4-POINT|NULL|4|NULL|NULL|3|NULL|MIRIFU_CHANNEL1A|2026_1b|FULL|NULL|NULL|LONG|NULL|NULL|[('o001', 'OBSERVATION')]|NULL|NULL|NULL|F|F|NULL|NULL|NULL|OFF|NULL|NULL|NULL|NULL|1|18|NONE
jw01257001001_0212p_00003_mirifushort_uncal.fits|V01257001001P000000000212P|1257|1|1|01257001001|2|PRIME_TARGETED_FIXED|1|2P|3|MIR_MRS|288|193|MIRI|MIRIFUSHORT|12|1|HH211|HH211|FIXED|MIRI Medium Resolution Spectroscopy|SCIENCE|195|1|3|3|1|NULL|NULL|NULL|1|4-POINT|NULL|4|NULL|NULL|3|NULL|MIRIFU_CHANNEL1A|2026_1b|FULL|NULL|NULL|LONG|NULL|NULL|[('o001', 'OBSERVATION')]|NULL|NULL|NULL|F|F|NULL|NULL|NULL|OFF|NULL|NULL|NULL|NULL|1|18|NONE
jw01257001001_0212p_00004_mirifulong_uncal.fits|V01257001001P000000000212P|1257|1|1|01257001001|2|PRIME_TARGETED_FIXED|1|2P|4|MIR_MRS|288|193|MIRI|MIRIFULONG|34|1|HH211|HH211|FIXED|MIRI Medium Resolution Spectroscopy|SCIENCE|196|1|3|4|1|NULL|NULL|NULL|1|4-POINT|NULL|4|NULL|NULL|4|NULL|MIRIFU_CHANNEL1A|2026_1b|FULL|NULL|NULL|LONG|NULL|NULL|[('o001', 'OBSERVATION')]|NULL|NULL|NULL|F|F|NULL|NULL|NULL|OFF|NULL|NULL|NULL|NULL|1|18|NONE
jw01257001001_0212p_00004_mirifushort_uncal.fits|V01257001001P000000000212P|1257|1|1|01257001001|2|PRIME_TARGETED_FIXED|1|2P|4|MIR_MRS|288|193|MIRI|MIRIFUSHORT|12|1|HH211|HH211|FIXED|MIRI Medium Resolution Spectroscopy|SCIENCE|196|1|3|4|1|NULL|NULL|NULL|1|4-POINT|NULL|4|NULL|NULL|4|NULL|MIRIFU_CHANNEL1A|2026_1b|FULL|NULL|NULL|LONG|NULL|NULL|[('o001', 'OBSERVATION')]|NULL|NULL|NULL|F|F|NULL|NULL|NULL|OFF|NULL|NULL|NULL|NULL|1|18|NONE
jw01257001001_0212r_00001_mirifulong_uncal.fits|V01257001001P000000000212R|1257|1|1|01257001001|2|PRIME_TARGETED_FIXED|1|2R|1|MIR_MRS|288|197|MIRI|MIRIFULONG|34|1|HH211|HH211|FIXED|MIRI Medium Resolution Spectroscopy|SCIENCE|197|1|3|1|2|NULL|NULL|NULL|1|4-POINT|NULL|4|NULL|NULL|1|NULL|MIRIFU_CHANNEL1A|2026_1b|FULL|NULL|NULL|LONG|NULL|NULL|[('o001', 'OBSERVATION')]|NULL|NULL|NULL|F|F|NULL|NULL|NULL|OFF|NULL|NULL|NULL|NULL|1|18|NONE
jw01257001001_0212r_00001_mirifushort_uncal.fits|V01257001001P000000000212R|1257|1|1|01257001001|2|PRIME_TARGETED_FIXED|1|2R|1|MIR_MRS|288|197|MIRI|MIRIFUSHORT|12|1|HH211|HH211|FIXED|MIRI Medium Resolution Spectroscopy|SCIENCE|197|1|3|1|2|NULL|NULL|NULL|1|4-POINT|NULL|4|NULL|NULL|1|NULL|MIRIFU_CHANNEL1A|2026_1b|FULL|NULL|NULL|LONG|NULL|NULL|[('o001', 'OBSERVATION')]|NULL|NULL|NULL|F|F|NULL|NULL|NULL|OFF|NULL|NULL|NULL|NULL|1|18|NONE
jw01257001001_0212r_00002_mirifulong_uncal.fits|V01257001001P000000000212R|1257|1|1|01257001001|2|PRIME_TARGETED_FIXED|1|2R|2|MIR_MRS|288|197|MIRI|MIRIFULONG|34|1|HH211|HH211|FIXED|MIRI Medium Resolution Spectroscopy|SCIENCE|198|1|3|2|2|NULL|NULL|NULL|1|4-POINT|NULL|4|NULL|NULL|2|NULL|MIRIFU_CHANNEL1A|2026_1b|FULL|NULL|NULL|LONG|NULL|NULL|[('o001', 'OBSERVATION')]|NULL|NULL|NULL|F|F|NULL|NULL|NULL|OFF|NULL|NULL|NULL|NULL|1|18|NONE
jw01257001001_0212r_00002_mirifushort_uncal.fits|V01257001001P000000000212R|1257|1|1|01257001001|2|PRIME_TARGETED_FIXED|1|2R|2|MIR_MRS|288|197|MIRI|MIRIFUSHORT|12|1|HH211|HH211|FIXED|MIRI Medium Resolution Spectroscopy|SCIENCE|198|1|3|2|2|NULL|NULL|NULL|1|4-POINT|NULL|4|NULL|NULL|2|NULL|MIRIFU_CHANNEL1A|2026_1b|FULL|NULL|NULL|LONG|NULL|NULL|[('o001', 'OBSERVATION')]|NULL|NULL|NULL|F|F|NULL|NULL|NULL|OFF|NULL|NULL|NULL|NULL|1|18|NONE
jw01257001001_0212r_00003_mirifulong_uncal.fits|V01257001001P000000000212R|1257|1|1|01257001001|2|PRIME_TARGETED_FIXED|1|2R|3|MIR_MRS|288|197|MIRI|MIRIFULONG|34|1|HH211|HH211|FIXED|MIRI Medium Resolution Spectroscopy|SCIENCE|199|1|3|3|2|NULL|NULL|NULL|1|4-POINT|NULL|4|NULL|NULL|3|NULL|MIRIFU_CHANNEL1A|2026_1b|FULL|NULL|NULL|LONG|NULL|NULL|[('o001', 'OBSERVATION')]|NULL|NULL|NULL|F|F|NULL|NULL|NULL|OFF|NULL|NULL|NULL|NULL|1|18|NONE
jw01257001001_0212r_00003_mirifushort_uncal.fits|V01257001001P000000000212R|1257|1|1|01257001001|2|PRIME_TARGETED_FIXED|1|2R|3|MIR_MRS|288|197|MIRI|MIRIFUSHORT|12|1|HH211|HH211|FIXED|MIRI Medium Resolution Spectroscopy|SCIENCE|199|1|3|3|2|NULL|NULL|NULL|1|4-POINT|NULL|4|NULL|NULL|3|NULL|MIRIFU_CHANNEL1A|2026_1b|FULL|NULL|NULL|LONG|NULL|NULL|[('o001', 'OBSERVATION')]|NULL|NULL|NULL|F|F|NULL|NULL|NULL|OFF|NULL|NULL|NULL|NULL|1|18|NONE
jw01257001001_0212r_00004_mirifulong_uncal.fits|V01257001001P000000000212R|1257|1|1|01257001001|2|PRIME_TARGETED_FIXED|1|2R|4|MIR_MRS|288|197|MIRI|MIRIFULONG|34|1|HH211|HH211|FIXED|MIRI Medium Resolution Spectroscopy|SCIENCE|200|1|3|4|2|NULL|NULL|NULL|1|4-POINT|NULL|4|NULL|NULL|4|NULL|MIRIFU_CHANNEL1A|2026_1b|FULL|NULL|NULL|LONG|NULL|NULL|[('o001', 'OBSERVATION')]|NULL|NULL|NULL|F|F|NULL|NULL|NULL|OFF|NULL|NULL|NULL|NULL|1|18|NONE
jw01257001001_0212r_00004_mirifushort_uncal.fits|V01257001001P000000000212R|1257|1|1|01257001001|2|PRIME_TARGETED_FIXED|1|2R|4|MIR_MRS|288|197|MIRI|MIRIFUSHORT|12|1|HH211|HH211|FIXED|MIRI Medium Resolution Spectroscopy|SCIENCE|200|1|3|4|2|NULL|NULL|NULL|1|4-POINT|NULL|4|NULL|NULL|4|NULL|MIRIFU_CHANNEL1A|2026_1b|FULL|NULL|NULL|LONG|NULL|NULL|[('o001', 'OBSERVATION')]|NULL|NULL|NULL|F|F|NULL|NULL|NULL|OFF|NULL|NULL|NULL|NULL|1|18|NONE
jw01257001001_0212t_00001_mirifulong_uncal.fits|V01257001001P000000000212T|1257|1|1|01257001001|2|PRIME_TARGETED_FIXED|1|2T|1|MIR_MRS|288|201|MIRI|MIRIFULONG|34|1|HH211|HH211|FIXED|MIRI Medium Resolution Spectroscopy|SCIENCE|201|1|3|1|3|NULL|NULL|NULL|1|4-POINT|NULL|4|NULL|NULL|1|NULL|MIRIFU_CHANNEL1A|2026_1b|FULL|NULL|NULL|LONG|NULL|NULL|[('o001', 'OBSERVATION')]|NULL|NULL|NULL|F|F|NULL|NULL|NULL|OFF|NULL|NULL|NULL|NULL|1|18|NONE
jw01257001001_0212t_00001_mirifushort_uncal.fits|V01257001001P000000000212T|1257|1|1|01257001001|2|PRIME_TARGETED_FIXED|1|2T|1|MIR_MRS|288|201|MIRI|MIRIFUSHORT|12|1|HH211|HH211|FIXED|MIRI Medium Resolution Spectroscopy|SCIENCE|201|1|3|1|3|NULL|NULL|NULL|1|4-POINT|NULL|4|NULL|NULL|1|NULL|MIRIFU_CHANNEL1A|2026_1b|FULL|NULL|NULL|LONG|NULL|NULL|[('o001', 'OBSERVATION')]|NULL|NULL|NULL|F|F|NULL|NULL|NULL|OFF|NULL|NULL|NULL|NULL|1|18|NONE
jw01257001001_0212t_00002_mirifulong_uncal.fits|V01257001001P000000000212T|1257|1|1|01257001001|2|PRIME_TARGETED_FIXED|1|2T|2|MIR_MRS|288|201|MIRI|MIRIFULONG|34|1|HH211|HH211|FIXED|MIRI Medium Resolution Spectroscopy|SCIENCE|202|1|3|2|3|NULL|NULL|NULL|1|4-POINT|NULL|4|NULL|NULL|2|NULL|MIRIFU_CHANNEL1A|2026_1b|FULL|NULL|NULL|LONG|NULL|NULL|[('o001', 'OBSERVATION')]|NULL|NULL|NULL|F|F|NULL|NULL|NULL|OFF|NULL|NULL|NULL|NULL|1|18|NONE
jw01257001001_0212t_00002_mirifushort_uncal.fits|V01257001001P000000000212T|1257|1|1|01257001001|2|PRIME_TARGETED_FIXED|1|2T|2|MIR_MRS|288|201|MIRI|MIRIFUSHORT|12|1|HH211|HH211|FIXED|MIRI Medium Resolution Spectroscopy|SCIENCE|202|1|3|2|3|NULL|NULL|NULL|1|4-POINT|NULL|4|NULL|NULL|2|NULL|MIRIFU_CHANNEL1A|2026_1b|FULL|NULL|NULL|LONG|NULL|NULL|[('o001', 'OBSERVATION')]|NULL|NULL|NULL|F|F|NULL|NULL|NULL|OFF|NULL|NULL|NULL|NULL|1|18|NONE
jw01257001001_0212t_00003_mirifulong_uncal.fits|V01257001001P000000000212T|1257|1|1|01257001001|2|PRIME_TARGETED_FIXED|1|2T|3|MIR_MRS|288|201|MIRI|MIRIFULONG|34|1|HH211|HH211|FIXED|MIRI Medium Resolution Spectroscopy|SCIENCE|203|1|3|3|3|NULL|NULL|NULL|1|4-POINT|NULL|4|NULL|NULL|3|NULL|MIRIFU_CHANNEL1A|2026_1b|FULL|NULL|NULL|LONG|NULL|NULL|[('o001', 'OBSERVATION')]|NULL|NULL|NULL|F|F|NULL|NULL|NULL|OFF|NULL|NULL|NULL|NULL|1|18|NONE
jw01257001001_0212t_00003_mirifushort_uncal.fits|V01257001001P000000000212T|1257|1|1|01257001001|2|PRIME_TARGETED_FIXED|1|2T|3|MIR_MRS|288|201|MIRI|MIRIFUSHORT|12|1|HH211|HH211|FIXED|MIRI Medium Resolution Spectroscopy|SCIENCE|203|1|3|3|3|NULL|NULL|NULL|1|4-POINT|NULL|4|NULL|NULL|3|NULL|MIRIFU_CHANNEL1A|2026_1b|FULL|NULL|NULL|LONG|NULL|NULL|[('o001', 'OBSERVATION')]|NULL|NULL|NULL|F|F|NULL|NULL|NULL|OFF|NULL|NULL|NULL|NULL|1|18|NONE
jw01257001001_0212t_00004_mirifulong_uncal.fits|V01257001001P000000000212T|1257|1|1|01257001001|2|PRIME_TARGETED_FIXED|1|2T|4|MIR_MRS|288|201|MIRI|MIRIFULONG|34|1|HH211|HH211|FIXED|MIRI Medium Resolution Spectroscopy|SCIENCE|204|1|3|4|3|NULL|NULL|NULL|1|4-POINT|NULL|4|NULL|NULL|4|NULL|MIRIFU_CHANNEL1A|2026_1b|FULL|NULL|NULL|LONG|NULL|NULL|[('o001', 'OBSERVATION')]|NULL|NULL|NULL|F|F|NULL|NULL|NULL|OFF|NULL|NULL|NULL|NULL|1|18|NONE
jw01257001001_0212t_00004_mirifushort_uncal.fits|V01257001001P000000000212T|1257|1|1|01257001001|2|PRIME_TARGETED_FIXED|1|2T|4|MIR_MRS|288|201|MIRI|MIRIFUSHORT|12|1|HH211|HH211|FIXED|MIRI Medium Resolution Spectroscopy|SCIENCE|204|1|3|4|3|NULL|NULL|NULL|1|4-POINT|NULL|4|NULL|NULL|4|NULL|MIRIFU_CHANNEL1A|2026_1b|FULL|NULL|NULL|LONG|NULL|NULL|[('o001', 'OBSERVATION')]|NULL|NULL|NULL|F|F|NULL|NULL|NULL|OFF|NULL|NULL|NULL|NULL|1|18|NONE
jw01257001001_0212v_00001_mirifulong_uncal.fits|V01257001001P000000000212V|1257|1|1|01257001001|2|PRIME_TARGETED_FIXED|1|2V|1|MIR_MRS|288|205|MIRI|MIRIFULONG|34|1|HH211|HH211|FIXED|MIRI Medium Resolution Spectroscopy|SCIENCE|205|1|3|1|4|NULL|NULL|NULL|1|4-POINT|NULL|4|NULL|NULL|1|NULL|MIRIFU_CHANNEL1A|2026_1b|FULL|NULL|NULL|LONG|NULL|NULL|[('o001', 'OBSERVATION')]|NULL|NULL|NULL|F|F|NULL|NULL|NULL|OFF|NULL|NULL|NULL|NULL|1|18|NONE
jw01257001001_0212v_00001_mirifushort_uncal.fits|V01257001001P000000000212V|1257|1|1|01257001001|2|PRIME_TARGETED_FIXED|1|2V|1|MIR_MRS|288|205|MIRI|MIRIFUSHORT|12|1|HH211|HH211|FIXED|MIRI Medium Resolution Spectroscopy|SCIENCE|205|1|3|1|4|NULL|NULL|NULL|1|4-POINT|NULL|4|NULL|NULL|1|NULL|MIRIFU_CHANNEL1A|2026_1b|FULL|NULL|NULL|LONG|NULL|NULL|[('o001', 'OBSERVATION')]|NULL|NULL|NULL|F|F|NULL|NULL|NULL|OFF|NULL|NULL|NULL|NULL|1|18|NONE
jw01257001001_0212v_00002_mirifulong_uncal.fits|V01257001001P000000000212V|1257|1|1|01257001001|2|PRIME_TARGETED_FIXED|1|2V|2|MIR_MRS|288|205|MIRI|MIRIFULONG|34|1|HH211|HH211|FIXED|MIRI Medium Resolution Spectroscopy|SCIENCE|206|1|3|2|4|NULL|NULL|NULL|1|4-POINT|NULL|4|NULL|NULL|2|NULL|MIRIFU_CHANNEL1A|2026_1b|FULL|NULL|NULL|LONG|NULL|NULL|[('o001', 'OBSERVATION')]|NULL|NULL|NULL|F|F|NULL|NULL|NULL|OFF|NULL|NULL|NULL|NULL|1|18|NONE
jw01257001001_0212v_00002_mirifushort_uncal.fits|V01257001001P000000000212V|1257|1|1|01257001001|2|PRIME_TARGETED_FIXED|1|2V|2|MIR_MRS|288|205|MIRI|MIRIFUSHORT|12|1|HH211|HH211|FIXED|MIRI Medium Resolution Spectroscopy|SCIENCE|206|1|3|2|4|NULL|NULL|NULL|1|4-POINT|NULL|4|NULL|NULL|2|NULL|MIRIFU_CHANNEL1A|2026_1b|FULL|NULL|NULL|LONG|NULL|NULL|[('o001', 'OBSERVATION')]|NULL|NULL|NULL|F|F|NULL|NULL|NULL|OFF|NULL|NULL|NULL|NULL|1|18|NONE
jw01257001001_0212v_00003_mirifulong_uncal.fits|V01257001001P000000000212V|1257|1|1|01257001001|2|PRIME_TARGETED_FIXED|1|2V|3|MIR_MRS|288|205|MIRI|MIRIFULONG|34|1|HH211|HH211|FIXED|MIRI Medium Resolution Spectroscopy|SCIENCE|207|1|3|3|4|NULL|NULL|NULL|1|4-POINT|NULL|4|NULL|NULL|3|NULL|MIRIFU_CHANNEL1A|2026_1b|FULL|NULL|NULL|LONG|NULL|NULL|[('o001', 'OBSERVATION')]|NULL|NULL|NULL|F|F|NULL|NULL|NULL|OFF|NULL|NULL|NULL|NULL|1|18|NONE
jw01257001001_0212v_00003_mirifushort_uncal.fits|V01257001001P000000000212V|1257|1|1|01257001001|2|PRIME_TARGETED_FIXED|1|2V|3|MIR_MRS|288|205|MIRI|MIRIFUSHORT|12|1|HH211|HH211|FIXED|MIRI Medium Resolution Spectroscopy|SCIENCE|207|1|3|3|4|NULL|NULL|NULL|1|4-POINT|NULL|4|NULL|NULL|3|NULL|MIRIFU_CHANNEL1A|2026_1b|FULL|NULL|NULL|LONG|NULL|NULL|[('o001', 'OBSERVATION')]|NULL|NULL|NULL|F|F|NULL|NULL|NULL|OFF|NULL|NULL|NULL|NULL|1|18|NONE
jw01257001001_0212v_00004_mirifulong_uncal.fits|V01257001001P000000000212V|1257|1|1|01257001001|2|PRIME_TARGETED_FIXED|1|2V|4|MIR_MRS|288|205|MIRI|MIRIFULONG|34|1|HH211|HH211|FIXED|MIRI Medium Resolution Spectroscopy|SCIENCE|208|1|3|4|4|NULL|NULL|NULL|1|4-POINT|NULL|4|NULL|NULL|4|NULL|MIRIFU_CHANNEL1A|2026_1b|FULL|NULL|NULL|LONG|NULL|NULL|[('o001', 'OBSERVATION')]|NULL|NULL|NULL|F|F|NULL|NULL|NULL|OFF|NULL|NULL|NULL|NULL|1|18|NONE
jw01257001001_0212v_00004_mirifushort_uncal.fits|V01257001001P000000000212V|1257|1|1|01257001001|2|PRIME_TARGETED_FIXED|1|2V|4|MIR_MRS|288|205|MIRI|MIRIFUSHORT|12|1|HH211|HH211|FIXED|MIRI Medium Resolution Spectroscopy|SCIENCE|208|1|3|4|4|NULL|NULL|NULL|1|4-POINT|NULL|4|NULL|NULL|4|NULL|MIRIFU_CHANNEL1A|2026_1b|FULL|NULL|NULL|LONG|NULL|NULL|[('o001', 'OBSERVATION')]|NULL|NULL|NULL|F|F|NULL|NULL|NULL|OFF|NULL|NULL|NULL|NULL|1|18|NONE
jw01257001001_0212x_00001_mirifulong_uncal.fits|V01257001001P000000000212X|1257|1|1|01257001001|2|PRIME_TARGETED_FIXED|1|2X|1|MIR_MRS|288|209|MIRI|MIRIFULONG|34|1|HH211|HH211|FIXED|MIRI Medium Resolution Spectroscopy|SCIENCE|209|1|3|1|5|NULL|NULL|NULL|1|4-POINT|NULL|4|NULL|NULL|1|NULL|MIRIFU_CHANNEL1A|2026_1b|FULL|NULL|NULL|LONG|NULL|NULL|[('o001', 'OBSERVATION')]|NULL|NULL|NULL|F|F|NULL|NULL|NULL|OFF|NULL|NULL|NULL|NULL|1|18|NONE
jw01257001001_0212x_00001_mirifushort_uncal.fits|V01257001001P000000000212X|1257|1|1|01257001001|2|PRIME_TARGETED_FIXED|1|2X|1|MIR_MRS|288|209|MIRI|MIRIFUSHORT|12|1|HH211|HH211|FIXED|MIRI Medium Resolution Spectroscopy|SCIENCE|209|1|3|1|5|NULL|NULL|NULL|1|4-POINT|NULL|4|NULL|NULL|1|NULL|MIRIFU_CHANNEL1A|2026_1b|FULL|NULL|NULL|LONG|NULL|NULL|[('o001', 'OBSERVATION')]|NULL|NULL|NULL|F|F|NULL|NULL|NULL|OFF|NULL|NULL|NULL|NULL|1|18|NONE
jw01257001001_0212x_00002_mirifulong_uncal.fits|V01257001001P000000000212X|1257|1|1|01257001001|2|PRIME_TARGETED_FIXED|1|2X|2|MIR_MRS|288|209|MIRI|MIRIFULONG|34|1|HH211|HH211|FIXED|MIRI Medium Resolution Spectroscopy|SCIENCE|210|1|3|2|5|NULL|NULL|NULL|1|4-POINT|NULL|4|NULL|NULL|2|NULL|MIRIFU_CHANNEL1A|2026_1b|FULL|NULL|NULL|LONG|NULL|NULL|[('o001', 'OBSERVATION')]|NULL|NULL|NULL|F|F|NULL|NULL|NULL|OFF|NULL|NULL|NULL|NULL|1|18|NONE
jw01257001001_0212x_00002_mirifushort_uncal.fits|V01257001001P000000000212X|1257|1|1|01257001001|2|PRIME_TARGETED_FIXED|1|2X|2|MIR_MRS|288|209|MIRI|MIRIFUSHORT|12|1|HH211|HH211|FIXED|MIRI Medium Resolution Spectroscopy|SCIENCE|210|1|3|2|5|NULL|NULL|NULL|1|4-POINT|NULL|4|NULL|NULL|2|NULL|MIRIFU_CHANNEL1A|2026_1b|FULL|NULL|NULL|LONG|NULL|NULL|[('o001', 'OBSERVATION')]|NULL|NULL|NULL|F|F|NULL|NULL|NULL|OFF|NULL|NULL|NULL|NULL|1|18|NONE
jw01257001001_0212x_00003_mirifulong_uncal.fits|V01257001001P000000000212X|1257|1|1|01257001001|2|PRIME_TARGETED_FIXED|1|2X|3|MIR_MRS|288|209|MIRI|MIRIFULONG|34|1|HH211|HH211|FIXED|MIRI Medium Resolution Spectroscopy|SCIENCE|211|1|3|3|5|NULL|NULL|NULL|1|4-POINT|NULL|4|NULL|NULL|3|NULL|MIRIFU_CHANNEL1A|2026_1b|FULL|NULL|NULL|LONG|NULL|NULL|[('o001', 'OBSERVATION')]|NULL|NULL|NULL|F|F|NULL|NULL|NULL|OFF|NULL|NULL|NULL|NULL|1|18|NONE
jw01257001001_0212x_00003_mirifushort_uncal.fits|V01257001001P000000000212X|1257|1|1|01257001001|2|PRIME_TARGETED_FIXED|1|2X|3|MIR_MRS|288|209|MIRI|MIRIFUSHORT|12|1|HH211|HH211|FIXED|MIRI Medium Resolution Spectroscopy|SCIENCE|211|1|3|3|5|NULL|NULL|NULL|1|4-POINT|NULL|4|NULL|NULL|3|NULL|MIRIFU_CHANNEL1A|2026_1b|FULL|NULL|NULL|LONG|NULL|NULL|[('o001', 'OBSERVATION')]|NULL|NULL|NULL|F|F|NULL|NULL|NULL|OFF|NULL|NULL|NULL|NULL|1|18|NONE
jw01257001001_0212x_00004_mirifulong_uncal.fits|V01257001001P000000000212X|1257|1|1|01257001001|2|PRIME_TARGETED_FIXED|1|2X|4|MIR_MRS|288|209|MIRI|MIRIFULONG|34|1|HH211|HH211|FIXED|MIRI Medium Resolution Spectroscopy|SCIENCE|212|1|3|4|5|NULL|NULL|NULL|1|4-POINT|NULL|4|NULL|NULL|4|NULL|MIRIFU_CHANNEL1A|2026_1b|FULL|NULL|NULL|LONG|NULL|NULL|[('o001', 'OBSERVATION')]|NULL|NULL|NULL|F|F|NULL|NULL|NULL|OFF|NULL|NULL|NULL|NULL|1|18|NONE
jw01257001001_0212x_00004_mirifushort_uncal.fits|V01257001001P000000000212X|1257|1|1|01257001001|2|PRIME_TARGETED_FIXED|1|2X|4|MIR_MRS|288|209|MIRI|MIRIFUSHORT|12|1|HH211|HH211|FIXED|MIRI Medium Resolution Spectroscopy|SCIENCE|212|1|3|4|5|NULL|NULL|NULL|1|4-POINT|NULL|4|NULL|NULL|4|NULL|MIRIFU_CHANNEL1A|2026_1b|FULL|NULL|NULL|LONG|NULL|NULL|[('o001', 'OBSERVATION')]|NULL|NULL|NULL|F|F|NULL|NULL|NULL|OFF|NULL|NULL|NULL|NULL|1|18|NONE
jw01257001001_0212z_00001_mirifulong_uncal.fits|V01257001001P000000000212Z|1257|1|1|01257001001|2|PRIME_TARGETED_FIXED|1|2Z|1|MIR_MRS|288|213|MIRI|MIRIFULONG|34|1|HH211|HH211|FIXED|MIRI Medium Resolution Spectroscopy|SCIENCE|213|1|3|1|6|NULL|NULL|NULL|1|4-POINT|NULL|4|NULL|NULL|1|NULL|MIRIFU_CHANNEL1A|2026_1b|FULL|NULL|NULL|LONG|NULL|NULL|[('o001', 'OBSERVATION')]|NULL|NULL|NULL|F|F|NULL|NULL|NULL|OFF|NULL|NULL|NULL|NULL|1|18|NONE
jw01257001001_0212z_00001_mirifushort_uncal.fits|V01257001001P000000000212Z|1257|1|1|01257001001|2|PRIME_TARGETED_FIXED|1|2Z|1|MIR_MRS|288|213|MIRI|MIRIFUSHORT|12|1|HH211|HH211|FIXED|MIRI Medium Resolution Spectroscopy|SCIENCE|213|1|3|1|6|NULL|NULL|NULL|1|4-POINT|NULL|4|NULL|NULL|1|NULL|MIRIFU_CHANNEL1A|2026_1b|FULL|NULL|NULL|LONG|NULL|NULL|[('o001', 'OBSERVATION')]|NULL|NULL|NULL|F|F|NULL|NULL|NULL|OFF|NULL|NULL|NULL|NULL|1|18|NONE
jw01257001001_0212z_00002_mirifulong_uncal.fits|V01257001001P000000000212Z|1257|1|1|01257001001|2|PRIME_TARGETED_FIXED|1|2Z|2|MIR_MRS|288|213|MIRI|MIRIFULONG|34|1|HH211|HH211|FIXED|MIRI Medium Resolution Spectroscopy|SCIENCE|214|1|3|2|6|NULL|NULL|NULL|1|4-POINT|NULL|4|NULL|NULL|2|NULL|MIRIFU_CHANNEL1A|2026_1b|FULL|NULL|NULL|LONG|NULL|NULL|[('o001', 'OBSERVATION')]|NULL|NULL|NULL|F|F|NULL|NULL|NULL|OFF|NULL|NULL|NULL|NULL|1|18|NONE
jw01257001001_0212z_00002_mirifushort_uncal.fits|V01257001001P000000000212Z|1257|1|1|01257001001|2|PRIME_TARGETED_FIXED|1|2Z|2|MIR_MRS|288|213|MIRI|MIRIFUSHORT|12|1|HH211|HH211|FIXED|MIRI Medium Resolution Spectroscopy|SCIENCE|214|1|3|2|6|NULL|NULL|NULL|1|4-POINT|NULL|4|NULL|NULL|2|NULL|MIRIFU_CHANNEL1A|2026_1b|FULL|NULL|NULL|LONG|NULL|NULL|[('o001', 'OBSERVATION')]|NULL|NULL|NULL|F|F|NULL|NULL|NULL|OFF|NULL|NULL|NULL|NULL|1|18|NONE
jw01257001001_0212z_00003_mirifulong_uncal.fits|V01257001001P000000000212Z|1257|1|1|01257001001|2|PRIME_TARGETED_FIXED|1|2Z|3|MIR_MRS|288|213|MIRI|MIRIFULONG|34|1|HH211|HH211|FIXED|MIRI Medium Resolution Spectroscopy|SCIENCE|215|1|3|3|6|NULL|NULL|NULL|1|4-POINT|NULL|4|NULL|NULL|3|NULL|MIRIFU_CHANNEL1A|2026_1b|FULL|NULL|NULL|LONG|NULL|NULL|[('o001', 'OBSERVATION')]|NULL|NULL|NULL|F|F|NULL|NULL|NULL|OFF|NULL|NULL|NULL|NULL|1|18|NONE
jw01257001001_0212z_00003_mirifushort_uncal.fits|V01257001001P000000000212Z|1257|1|1|01257001001|2|PRIME_TARGETED_FIXED|1|2Z|3|MIR_MRS|288|213|MIRI|MIRIFUSHORT|12|1|HH211|HH211|FIXED|MIRI Medium Resolution Spectroscopy|SCIENCE|215|1|3|3|6|NULL|NULL|NULL|1|4-POINT|NULL|4|NULL|NULL|3|NULL|MIRIFU_CHANNEL1A|2026_1b|FULL|NULL|NULL|LONG|NULL|NULL|[('o001', 'OBSERVATION')]|NULL|NULL|NULL|F|F|NULL|NULL|NULL|OFF|NULL|NULL|NULL|NULL|1|18|NONE
jw01257001001_0212z_00004_mirifulong_uncal.fits|V01257001001P000000000212Z|1257|1|1|01257001001|2|PRIME_TARGETED_FIXED|1|2Z|4|MIR_MRS|288|213|MIRI|MIRIFULONG|34|1|HH211|HH211|FIXED|MIRI Medium Resolution Spectroscopy|SCIENCE|216|1|3|4|6|NULL|NULL|NULL|1|4-POINT|NULL|4|NULL|NULL|4|NULL|MIRIFU_CHANNEL1A|2026_1b|FULL|NULL|NULL|LONG|NULL|NULL|[('o001', 'OBSERVATION')]|NULL|NULL|NULL|F|F|NULL|NULL|NULL|OFF|NULL|NULL|NULL|NULL|1|18|NONE
jw01257001001_0212z_00004_mirifushort_uncal.fits|V01257001001P000000000212Z|1257|1|1|01257001001|2|PRIME_TARGETED_FIXED|1|2Z|4|MIR_MRS|288|213|MIRI|MIRIFUSHORT|12|1|HH211|HH211|FIXED|MIRI Medium Resolution Spectroscopy|SCIENCE|216|1|3|4|6|NULL|NULL|NULL|1|4-POINT|NULL|4|NULL|NULL|4|NULL|MIRIFU_CHANNEL1A|2026_1b|FULL|NULL|NULL|LONG|NULL|NULL|[('o001', 'OBSERVATION')]|NULL|NULL|NULL|F|F|NULL|NULL|NULL|OFF|NULL|NULL|NULL|NULL|1|18|NONE
jw01257001001_02131_00001_mirifulong_uncal.fits|V01257001001P0000000002131|1257|1|1|01257001001|2|PRIME_TARGETED_FIXED|1|31|1|MIR_MRS|288|217|MIRI|MIRIFULONG|34|1|HH211|HH211|FIXED|MIRI Medium Resolution Spectroscopy|SCIENCE|217|1|3|1|7|NULL|NULL|NULL|1|4-POINT|NULL|4|NULL|NULL|1|NULL|MIRIFU_CHANNEL1A|2026_1b|FULL|NULL|NULL|LONG|NULL|NULL|[('o001', 'OBSERVATION')]|NULL|NULL|NULL|F|F|NULL|NULL|NULL|OFF|NULL|NULL|NULL|NULL|1|18|NONE
jw01257001001_02131_00001_mirifushort_uncal.fits|V01257001001P0000000002131|1257|1|1|01257001001|2|PRIME_TARGETED_FIXED|1|31|1|MIR_MRS|288|217|MIRI|MIRIFUSHORT|12|1|HH211|HH211|FIXED|MIRI Medium Resolution Spectroscopy|SCIENCE|217|1|3|1|7|NULL|NULL|NULL|1|4-POINT|NULL|4|NULL|NULL|1|NULL|MIRIFU_CHANNEL1A|2026_1b|FULL|NULL|NULL|LONG|NULL|NULL|[('o001', 'OBSERVATION')]|NULL|NULL|NULL|F|F|NULL|NULL|NULL|OFF|NULL|NULL|NULL|NULL|1|18|NONE
jw01257001001_02131_00002_mirifulong_uncal.fits|V01257001001P0000000002131|1257|1|1|01257001001|2|PRIME_TARGETED_FIXED|1|31|2|MIR_MRS|288|217|MIRI|MIRIFULONG|34|1|HH211|HH211|FIXED|MIRI Medium Resolution Spectroscopy|SCIENCE|218|1|3|2|7|NULL|NULL|NULL|1|4-POINT|NULL|4|NULL|NULL|2|NULL|MIRIFU_CHANNEL1A|2026_1b|FULL|NULL|NULL|LONG|NULL|NULL|[('o001', 'OBSERVATION')]|NULL|NULL|NULL|F|F|NULL|NULL|NULL|OFF|NULL|NULL|NULL|NULL|1|18|NONE
jw01257001001_02131_00002_mirifushort_uncal.fits|V01257001001P0000000002131|1257|1|1|01257001001|2|PRIME_TARGETED_FIXED|1|31|2|MIR_MRS|288|217|MIRI|MIRIFUSHORT|12|1|HH211|HH211|FIXED|MIRI Medium Resolution Spectroscopy|SCIENCE|218|1|3|2|7|NULL|NULL|NULL|1|4-POINT|NULL|4|NULL|NULL|2|NULL|MIRIFU_CHANNEL1A|2026_1b|FULL|NULL|NULL|LONG|NULL|NULL|[('o001', 'OBSERVATION')]|NULL|NULL|NULL|F|F|NULL|NULL|NULL|OFF|NULL|NULL|NULL|NULL|1|18|NONE
jw01257001001_02131_00003_mirifulong_uncal.fits|V01257001001P0000000002131|1257|1|1|01257001001|2|PRIME_TARGETED_FIXED|1|31|3|MIR_MRS|288|217|MIRI|MIRIFULONG|34|1|HH211|HH211|FIXED|MIRI Medium Resolution Spectroscopy|SCIENCE|219|1|3|3|7|NULL|NULL|NULL|1|4-POINT|NULL|4|NULL|NULL|3|NULL|MIRIFU_CHANNEL1A|2026_1b|FULL|NULL|NULL|LONG|NULL|NULL|[('o001', 'OBSERVATION')]|NULL|NULL|NULL|F|F|NULL|NULL|NULL|OFF|NULL|NULL|NULL|NULL|1|18|NONE
jw01257001001_02131_00003_mirifushort_uncal.fits|V01257001001P0000000002131|1257|1|1|01257001001|2|PRIME_TARGETED_FIXED|1|31|3|MIR_MRS|288|217|MIRI|MIRIFUSHORT|12|1|HH211|HH211|FIXED|MIRI Medium Resolution Spectroscopy|SCIENCE|219|1|3|3|7|NULL|NULL|NULL|1|4-POINT|NULL|4|NULL|NULL|3|NULL|MIRIFU_CHANNEL1A|2026_1b|FULL|NULL|NULL|LONG|NULL|NULL|[('o001', 'OBSERVATION')]|NULL|NULL|NULL|F|F|NULL|NULL|NULL|OFF|NULL|NULL|NULL|NULL|1|18|NONE
jw01257001001_02131_00004_mirifulong_uncal.fits|V01257001001P0000000002131|1257|1|1|01257001001|2|PRIME_TARGETED_FIXED|1|31|4|MIR_MRS|288|217|MIRI|MIRIFULONG|34|1|HH211|HH211|FIXED|MIRI Medium Resolution Spectroscopy|SCIENCE|220|1|3|4|7|NULL|NULL|NULL|1|4-POINT|NULL|4|NULL|NULL|4|NULL|MIRIFU_CHANNEL1A|2026_1b|FULL|NULL|NULL|LONG|NULL|NULL|[('o001', 'OBSERVATION')]|NULL|NULL|NULL|F|F|NULL|NULL|NULL|OFF|NULL|NULL|NULL|NULL|1|18|NONE
jw01257001001_02131_00004_mirifushort_uncal.fits|V01257001001P0000000002131|1257|1|1|01257001001|2|PRIME_TARGETED_FIXED|1|31|4|MIR_MRS|288|217|MIRI|MIRIFUSHORT|12|1|HH211|HH211|FIXED|MIRI Medium Resolution Spectroscopy|SCIENCE|220|1|3|4|7|NULL|NULL|NULL|1|4-POINT|NULL|4|NULL|NULL|4|NULL|MIRIFU_CHANNEL1A|2026_1b|FULL|NULL|NULL|LONG|NULL|NULL|[('o001', 'OBSERVATION')]|NULL|NULL|NULL|F|F|NULL|NULL|NULL|OFF|NULL|NULL|NULL|NULL|1|18|NONE
jw01257001001_02133_00001_mirifulong_uncal.fits|V01257001001P0000000002133|1257|1|1|01257001001|2|PRIME_TARGETED_FIXED|1|33|1|MIR_MRS|288|221|MIRI|MIRIFULONG|34|1|HH211|HH211|FIXED|MIRI Medium Resolution Spectroscopy|SCIENCE|221|1|3|1|8|NULL|NULL|NULL|1|4-POINT|NULL|4|NULL|NULL|1|NULL|MIRIFU_CHANNEL1A|2026_1b|FULL|NULL|NULL|LONG|NULL|NULL|[('o001', 'OBSERVATION')]|NULL|NULL|NULL|F|F|NULL|NULL|NULL|OFF|NULL|NULL|NULL|NULL|1|18|NONE
jw01257001001_02133_00001_mirifushort_uncal.fits|V01257001001P0000000002133|1257|1|1|01257001001|2|PRIME_TARGETED_FIXED|1|33|1|MIR_MRS|288|221|MIRI|MIRIFUSHORT|12|1|HH211|HH211|FIXED|MIRI Medium Resolution Spectroscopy|SCIENCE|221|1|3|1|8|NULL|NULL|NULL|1|4-POINT|NULL|4|NULL|NULL|1|NULL|MIRIFU_CHANNEL1A|2026_1b|FULL|NULL|NULL|LONG|NULL|NULL|[('o001', 'OBSERVATION')]|NULL|NULL|NULL|F|F|NULL|NULL|NULL|OFF|NULL|NULL|NULL|NULL|1|18|NONE
jw01257001001_02133_00002_mirifulong_uncal.fits|V01257001001P0000000002133|1257|1|1|01257001001|2|PRIME_TARGETED_FIXED|1|33|2|MIR_MRS|288|221|MIRI|MIRIFULONG|34|1|HH211|HH211|FIXED|MIRI Medium Resolution Spectroscopy|SCIENCE|222|1|3|2|8|NULL|NULL|NULL|1|4-POINT|NULL|4|NULL|NULL|2|NULL|MIRIFU_CHANNEL1A|2026_1b|FULL|NULL|NULL|LONG|NULL|NULL|[('o001', 'OBSERVATION')]|NULL|NULL|NULL|F|F|NULL|NULL|NULL|OFF|NULL|NULL|NULL|NULL|1|18|NONE
jw01257001001_02133_00002_mirifushort_uncal.fits|V01257001001P0000000002133|1257|1|1|01257001001|2|PRIME_TARGETED_FIXED|1|33|2|MIR_MRS|288|221|MIRI|MIRIFUSHORT|12|1|HH211|HH211|FIXED|MIRI Medium Resolution Spectroscopy|SCIENCE|222|1|3|2|8|NULL|NULL|NULL|1|4-POINT|NULL|4|NULL|NULL|2|NULL|MIRIFU_CHANNEL1A|2026_1b|FULL|NULL|NULL|LONG|NULL|NULL|[('o001', 'OBSERVATION')]|NULL|NULL|NULL|F|F|NULL|NULL|NULL|OFF|NULL|NULL|NULL|NULL|1|18|NONE
jw01257001001_02133_00003_mirifulong_uncal.fits|V01257001001P0000000002133|1257|1|1|01257001001|2|PRIME_TARGETED_FIXED|1|33|3|MIR_MRS|288|221|MIRI|MIRIFULONG|34|1|HH211|HH211|FIXED|MIRI Medium Resolution Spectroscopy|SCIENCE|223|1|3|3|8|NULL|NULL|NULL|1|4-POINT|NULL|4|NULL|NULL|3|NULL|MIRIFU_CHANNEL1A|2026_1b|FULL|NULL|NULL|LONG|NULL|NULL|[('o001', 'OBSERVATION')]|NULL|NULL|NULL|F|F|NULL|NULL|NULL|OFF|NULL|NULL|NULL|NULL|1|18|NONE
jw01257001001_02133_00003_mirifushort_uncal.fits|V01257001001P0000000002133|1257|1|1|01257001001|2|PRIME_TARGETED_FIXED|1|33|3|MIR_MRS|288|221|MIRI|MIRIFUSHORT|12|1|HH211|HH211|FIXED|MIRI Medium Resolution Spectroscopy|SCIENCE|223|1|3|3|8|NULL|NULL|NULL|1|4-POINT|NULL|4|NULL|NULL|3|NULL|MIRIFU_CHANNEL1A|2026_1b|FULL|NULL|NULL|LONG|NULL|NULL|[('o001', 'OBSERVATION')]|NULL|NULL|NULL|F|F|NULL|NULL|NULL|OFF|NULL|NULL|NULL|NULL|1|18|NONE
jw01257001001_02133_00004_mirifulong_uncal.fits|V01257001001P0000000002133|1257|1|1|01257001001|2|PRIME_TARGETED_FIXED|1|33|4|MIR_MRS|288|221|MIRI|MIRIFULONG|34|1|HH211|HH211|FIXED|MIRI Medium Resolution Spectroscopy|SCIENCE|224|1|3|4|8|NULL|NULL|NULL|1|4-POINT|NULL|4|NULL|NULL|4|NULL|MIRIFU_CHANNEL1A|2026_1b|FULL|NULL|NULL|LONG|NULL|NULL|[('o001', 'OBSERVATION')]|NULL|NULL|NULL|F|F|NULL|NULL|NULL|OFF|NULL|NULL|NULL|NULL|1|18|NONE
jw01257001001_02133_00004_mirifushort_uncal.fits|V01257001001P0000000002133|1257|1|1|01257001001|2|PRIME_TARGETED_FIXED|1|33|4|MIR_MRS|288|221|MIRI|MIRIFUSHORT|12|1|HH211|HH211|FIXED|MIRI Medium Resolution Spectroscopy|SCIENCE|224|1|3|4|8|NULL|NULL|NULL|1|4-POINT|NULL|4|NULL|NULL|4|NULL|MIRIFU_CHANNEL1A|2026_1b|FULL|NULL|NULL|LONG|NULL|NULL|[('o001', 'OBSERVATION')]|NULL|NULL|NULL|F|F|NULL|NULL|NULL|OFF|NULL|NULL|NULL|NULL|1|18|NONE
jw01257001001_02135_00001_mirifulong_uncal.fits|V01257001001P0000000002135|1257|1|1|01257001001|2|PRIME_TARGETED_FIXED|1|35|1|MIR_MRS|288|225|MIRI|MIRIFULONG|34|1|HH211|HH211|FIXED|MIRI Medium Resolution Spectroscopy|SCIENCE|225|1|3|1|9|NULL|NULL|NULL|1|4-POINT|NULL|4|NULL|NULL|1|NULL|MIRIFU_CHANNEL1A|2026_1b|FULL|NULL|NULL|LONG|NULL|NULL|[('o001', 'OBSERVATION')]|NULL|NULL|NULL|F|F|NULL|NULL|NULL|OFF|NULL|NULL|NULL|NULL|1|18|NONE
jw01257001001_02135_00001_mirifushort_uncal.fits|V01257001001P0000000002135|1257|1|1|01257001001|2|PRIME_TARGETED_FIXED|1|35|1|MIR_MRS|288|225|MIRI|MIRIFUSHORT|12|1|HH211|HH211|FIXED|MIRI Medium Resolution Spectroscopy|SCIENCE|225|1|3|1|9|NULL|NULL|NULL|1|4-POINT|NULL|4|NULL|NULL|1|NULL|MIRIFU_CHANNEL1A|2026_1b|FULL|NULL|NULL|LONG|NULL|NULL|[('o001', 'OBSERVATION')]|NULL|NULL|NULL|F|F|NULL|NULL|NULL|OFF|NULL|NULL|NULL|NULL|1|18|NONE
jw01257001001_02135_00002_mirifulong_uncal.fits|V01257001001P0000000002135|1257|1|1|01257001001|2|PRIME_TARGETED_FIXED|1|35|2|MIR_MRS|288|225|MIRI|MIRIFULONG|34|1|HH211|HH211|FIXED|MIRI Medium Resolution Spectroscopy|SCIENCE|226|1|3|2|9|NULL|NULL|NULL|1|4-POINT|NULL|4|NULL|NULL|2|NULL|MIRIFU_CHANNEL1A|2026_1b|FULL|NULL|NULL|LONG|NULL|NULL|[('o001', 'OBSERVATION')]|NULL|NULL|NULL|F|F|NULL|NULL|NULL|OFF|NULL|NULL|NULL|NULL|1|18|NONE
jw01257001001_02135_00002_mirifushort_uncal.fits|V01257001001P0000000002135|1257|1|1|01257001001|2|PRIME_TARGETED_FIXED|1|35|2|MIR_MRS|288|225|MIRI|MIRIFUSHORT|12|1|HH211|HH211|FIXED|MIRI Medium Resolution Spectroscopy|SCIENCE|226|1|3|2|9|NULL|NULL|NULL|1|4-POINT|NULL|4|NULL|NULL|2|NULL|MIRIFU_CHANNEL1A|2026_1b|FULL|NULL|NULL|LONG|NULL|NULL|[('o001', 'OBSERVATION')]|NULL|NULL|NULL|F|F|NULL|NULL|NULL|OFF|NULL|NULL|NULL|NULL|1|18|NONE
jw01257001001_02135_00003_mirifulong_uncal.fits|V01257001001P0000000002135|1257|1|1|01257001001|2|PRIME_TARGETED_FIXED|1|35|3|MIR_MRS|288|225|MIRI|MIRIFULONG|34|1|HH211|HH211|FIXED|MIRI Medium Resolution Spectroscopy|SCIENCE|227|1|3|3|9|NULL|NULL|NULL|1|4-POINT|NULL|4|NULL|NULL|3|NULL|MIRIFU_CHANNEL1A|2026_1b|FULL|NULL|NULL|LONG|NULL|NULL|[('o001', 'OBSERVATION')]|NULL|NULL|NULL|F|F|NULL|NULL|NULL|OFF|NULL|NULL|NULL|NULL|1|18|NONE
jw01257001001_02135_00003_mirifushort_uncal.fits|V01257001001P0000000002135|1257|1|1|01257001001|2|PRIME_TARGETED_FIXED|1|35|3|MIR_MRS|288|225|MIRI|MIRIFUSHORT|12|1|HH211|HH211|FIXED|MIRI Medium Resolution Spectroscopy|SCIENCE|227|1|3|3|9|NULL|NULL|NULL|1|4-POINT|NULL|4|NULL|NULL|3|NULL|MIRIFU_CHANNEL1A|2026_1b|FULL|NULL|NULL|LONG|NULL|NULL|[('o001', 'OBSERVATION')]|NULL|NULL|NULL|F|F|NULL|NULL|NULL|OFF|NULL|NULL|NULL|NULL|1|18|NONE
jw01257001001_02135_00004_mirifulong_uncal.fits|V01257001001P0000000002135|1257|1|1|01257001001|2|PRIME_TARGETED_FIXED|1|35|4|MIR_MRS|288|225|MIRI|MIRIFULONG|34|1|HH211|HH211|FIXED|MIRI Medium Resolution Spectroscopy|SCIENCE|228|1|3|4|9|NULL|NULL|NULL|1|4-POINT|NULL|4|NULL|NULL|4|NULL|MIRIFU_CHANNEL1A|2026_1b|FULL|NULL|NULL|LONG|NULL|NULL|[('o001', 'OBSERVATION')]|NULL|NULL|NULL|F|F|NULL|NULL|NULL|OFF|NULL|NULL|NULL|NULL|1|18|NONE
jw01257001001_02135_00004_mirifushort_uncal.fits|V01257001001P0000000002135|1257|1|1|01257001001|2|PRIME_TARGETED_FIXED|1|35|4|MIR_MRS|288|225|MIRI|MIRIFUSHORT|12|1|HH211|HH211|FIXED|MIRI Medium Resolution Spectroscopy|SCIENCE|228|1|3|4|9|NULL|NULL|NULL|1|4-POINT|NULL|4|NULL|NULL|4|NULL|MIRIFU_CHANNEL1A|2026_1b|FULL|NULL|NULL|LONG|NULL|NULL|[('o001', 'OBSERVATION')]|NULL|NULL|NULL|F|F|NULL|NULL|NULL|OFF|NULL|NULL|NULL|NULL|1|18|NONE
jw01257001001_02137_00001_mirifulong_uncal.fits|V01257001001P0000000002137|1257|1|1|01257001001|2|PRIME_TARGETED_FIXED|1|37|1|MIR_MRS|288|229|MIRI|MIRIFULONG|34|1|HH211|HH211|FIXED|MIRI Medium Resolution Spectroscopy|SCIENCE|229|1|3|1|10|NULL|NULL|NULL|1|4-POINT|NULL|4|NULL|NULL|1|NULL|MIRIFU_CHANNEL1A|2026_1b|FULL|NULL|NULL|LONG|NULL|NULL|[('o001', 'OBSERVATION')]|NULL|NULL|NULL|F|F|NULL|NULL|NULL|OFF|NULL|NULL|NULL|NULL|1|18|NONE
jw01257001001_02137_00001_mirifushort_uncal.fits|V01257001001P0000000002137|1257|1|1|01257001001|2|PRIME_TARGETED_FIXED|1|37|1|MIR_MRS|288|229|MIRI|MIRIFUSHORT|12|1|HH211|HH211|FIXED|MIRI Medium Resolution Spectroscopy|SCIENCE|229|1|3|1|10|NULL|NULL|NULL|1|4-POINT|NULL|4|NULL|NULL|1|NULL|MIRIFU_CHANNEL1A|2026_1b|FULL|NULL|NULL|LONG|NULL|NULL|[('o001', 'OBSERVATION')]|NULL|NULL|NULL|F|F|NULL|NULL|NULL|OFF|NULL|NULL|NULL|NULL|1|18|NONE
jw01257001001_02137_00002_mirifulong_uncal.fits|V01257001001P0000000002137|1257|1|1|01257001001|2|PRIME_TARGETED_FIXED|1|37|2|MIR_MRS|288|229|MIRI|MIRIFULONG|34|1|HH211|HH211|FIXED|MIRI Medium Resolution Spectroscopy|SCIENCE|230|1|3|2|10|NULL|NULL|NULL|1|4-POINT|NULL|4|NULL|NULL|2|NULL|MIRIFU_CHANNEL1A|2026_1b|FULL|NULL|NULL|LONG|NULL|NULL|[('o001', 'OBSERVATION')]|NULL|NULL|NULL|F|F|NULL|NULL|NULL|OFF|NULL|NULL|NULL|NULL|1|18|NONE
jw01257001001_02137_00002_mirifushort_uncal.fits|V01257001001P0000000002137|1257|1|1|01257001001|2|PRIME_TARGETED_FIXED|1|37|2|MIR_MRS|288|229|MIRI|MIRIFUSHORT|12|1|HH211|HH211|FIXED|MIRI Medium Resolution Spectroscopy|SCIENCE|230|1|3|2|10|NULL|NULL|NULL|1|4-POINT|NULL|4|NULL|NULL|2|NULL|MIRIFU_CHANNEL1A|2026_1b|FULL|NULL|NULL|LONG|NULL|NULL|[('o001', 'OBSERVATION')]|NULL|NULL|NULL|F|F|NULL|NULL|NULL|OFF|NULL|NULL|NULL|NULL|1|18|NONE
jw01257001001_02137_00003_mirifulong_uncal.fits|V01257001001P0000000002137|1257|1|1|01257001001|2|PRIME_TARGETED_FIXED|1|37|3|MIR_MRS|288|229|MIRI|MIRIFULONG|34|1|HH211|HH211|FIXED|MIRI Medium Resolution Spectroscopy|SCIENCE|231|1|3|3|10|NULL|NULL|NULL|1|4-POINT|NULL|4|NULL|NULL|3|NULL|MIRIFU_CHANNEL1A|2026_1b|FULL|NULL|NULL|LONG|NULL|NULL|[('o001', 'OBSERVATION')]|NULL|NULL|NULL|F|F|NULL|NULL|NULL|OFF|NULL|NULL|NULL|NULL|1|18|NONE
jw01257001001_02137_00003_mirifushort_uncal.fits|V01257001001P0000000002137|1257|1|1|01257001001|2|PRIME_TARGETED_FIXED|1|37|3|MIR_MRS|288|229|MIRI|MIRIFUSHORT|12|1|HH211|HH211|FIXED|MIRI Medium Resolution Spectroscopy|SCIENCE|231|1|3|3|10|NULL|NULL|NULL|1|4-POINT|NULL|4|NULL|NULL|3|NULL|MIRIFU_CHANNEL1A|2026_1b|FULL|NULL|NULL|LONG|NULL|NULL|[('o001', 'OBSERVATION')]|NULL|NULL|NULL|F|F|NULL|NULL|NULL|OFF|NULL|NULL|NULL|NULL|1|18|NONE
jw01257001001_02137_00004_mirifulong_uncal.fits|V01257001001P0000000002137|1257|1|1|01257001001|2|PRIME_TARGETED_FIXED|1|37|4|MIR_MRS|288|229|MIRI|MIRIFULONG|34|1|HH211|HH211|FIXED|MIRI Medium Resolution Spectroscopy|SCIENCE|232|1|3|4|10|NULL|NULL|NULL|1|4-POINT|NULL|4|NULL|NULL|4|NULL|MIRIFU_CHANNEL1A|2026_1b|FULL|NULL|NULL|LONG|NULL|NULL|[('o001', 'OBSERVATION')]|NULL|NULL|NULL|F|F|NULL|NULL|NULL|OFF|NULL|NULL|NULL|NULL|1|18|NONE
jw01257001001_02137_00004_mirifushort_uncal.fits|V01257001001P0000000002137|1257|1|1|01257001001|2|PRIME_TARGETED_FIXED|1|37|4|MIR_MRS|288|229|MIRI|MIRIFUSHORT|12|1|HH211|HH211|FIXED|MIRI Medium Resolution Spectroscopy|SCIENCE|232|1|3|4|10|NULL|NULL|NULL|1|4-POINT|NULL|4|NULL|NULL|4|NULL|MIRIFU_CHANNEL1A|2026_1b|FULL|NULL|NULL|LONG|NULL|NULL|[('o001', 'OBSERVATION')]|NULL|NULL|NULL|F|F|NULL|NULL|NULL|OFF|NULL|NULL|NULL|NULL|1|18|NONE
jw01257001001_02139_00001_mirifulong_uncal.fits|V01257001001P0000000002139|1257|1|1|01257001001|2|PRIME_TARGETED_FIXED|1|39|1|MIR_MRS|288|233|MIRI|MIRIFULONG|34|1|HH211|HH211|FIXED|MIRI Medium Resolution Spectroscopy|SCIENCE|233|1|3|1|11|NULL|NULL|NULL|1|4-POINT|NULL|4|NULL|NULL|1|NULL|MIRIFU_CHANNEL1A|2026_1b|FULL|NULL|NULL|LONG|NULL|NULL|[('o001', 'OBSERVATION')]|NULL|NULL|NULL|F|F|NULL|NULL|NULL|OFF|NULL|NULL|NULL|NULL|1|18|NONE
jw01257001001_02139_00001_mirifushort_uncal.fits|V01257001001P0000000002139|1257|1|1|01257001001|2|PRIME_TARGETED_FIXED|1|39|1|MIR_MRS|288|233|MIRI|MIRIFUSHORT|12|1|HH211|HH211|FIXED|MIRI Medium Resolution Spectroscopy|SCIENCE|233|1|3|1|11|NULL|NULL|NULL|1|4-POINT|NULL|4|NULL|NULL|1|NULL|MIRIFU_CHANNEL1A|2026_1b|FULL|NULL|NULL|LONG|NULL|NULL|[('o001', 'OBSERVATION')]|NULL|NULL|NULL|F|F|NULL|NULL|NULL|OFF|NULL|NULL|NULL|NULL|1|18|NONE
jw01257001001_02139_00002_mirifulong_uncal.fits|V01257001001P0000000002139|1257|1|1|01257001001|2|PRIME_TARGETED_FIXED|1|39|2|MIR_MRS|288|233|MIRI|MIRIFULONG|34|1|HH211|HH211|FIXED|MIRI Medium Resolution Spectroscopy|SCIENCE|234|1|3|2|11|NULL|NULL|NULL|1|4-POINT|NULL|4|NULL|NULL|2|NULL|MIRIFU_CHANNEL1A|2026_1b|FULL|NULL|NULL|LONG|NULL|NULL|[('o001', 'OBSERVATION')]|NULL|NULL|NULL|F|F|NULL|NULL|NULL|OFF|NULL|NULL|NULL|NULL|1|18|NONE
jw01257001001_02139_00002_mirifushort_uncal.fits|V01257001001P0000000002139|1257|1|1|01257001001|2|PRIME_TARGETED_FIXED|1|39|2|MIR_MRS|288|233|MIRI|MIRIFUSHORT|12|1|HH211|HH211|FIXED|MIRI Medium Resolution Spectroscopy|SCIENCE|234|1|3|2|11|NULL|NULL|NULL|1|4-POINT|NULL|4|NULL|NULL|2|NULL|MIRIFU_CHANNEL1A|2026_1b|FULL|NULL|NULL|LONG|NULL|NULL|[('o001', 'OBSERVATION')]|NULL|NULL|NULL|F|F|NULL|NULL|NULL|OFF|NULL|NULL|NULL|NULL|1|18|NONE
jw01257001001_02139_00003_mirifulong_uncal.fits|V01257001001P0000000002139|1257|1|1|01257001001|2|PRIME_TARGETED_FIXED|1|39|3|MIR_MRS|288|233|MIRI|MIRIFULONG|34|1|HH211|HH211|FIXED|MIRI Medium Resolution Spectroscopy|SCIENCE|235|1|3|3|11|NULL|NULL|NULL|1|4-POINT|NULL|4|NULL|NULL|3|NULL|MIRIFU_CHANNEL1A|2026_1b|FULL|NULL|NULL|LONG|NULL|NULL|[('o001', 'OBSERVATION')]|NULL|NULL|NULL|F|F|NULL|NULL|NULL|OFF|NULL|NULL|NULL|NULL|1|18|NONE
jw01257001001_02139_00003_mirifushort_uncal.fits|V01257001001P0000000002139|1257|1|1|01257001001|2|PRIME_TARGETED_FIXED|1|39|3|MIR_MRS|288|233|MIRI|MIRIFUSHORT|12|1|HH211|HH211|FIXED|MIRI Medium Resolution Spectroscopy|SCIENCE|235|1|3|3|11|NULL|NULL|NULL|1|4-POINT|NULL|4|NULL|NULL|3|NULL|MIRIFU_CHANNEL1A|2026_1b|FULL|NULL|NULL|LONG|NULL|NULL|[('o001', 'OBSERVATION')]|NULL|NULL|NULL|F|F|NULL|NULL|NULL|OFF|NULL|NULL|NULL|NULL|1|18|NONE
jw01257001001_02139_00004_mirifulong_uncal.fits|V01257001001P0000000002139|1257|1|1|01257001001|2|PRIME_TARGETED_FIXED|1|39|4|MIR_MRS|288|233|MIRI|MIRIFULONG|34|1|HH211|HH211|FIXED|MIRI Medium Resolution Spectroscopy|SCIENCE|236|1|3|4|11|NULL|NULL|NULL|1|4-POINT|NULL|4|NULL|NULL|4|NULL|MIRIFU_CHANNEL1A|2026_1b|FULL|NULL|NULL|LONG|NULL|NULL|[('o001', 'OBSERVATION')]|NULL|NULL|NULL|F|F|NULL|NULL|NULL|OFF|NULL|NULL|NULL|NULL|1|18|NONE
jw01257001001_02139_00004_mirifushort_uncal.fits|V01257001001P0000000002139|1257|1|1|01257001001|2|PRIME_TARGETED_FIXED|1|39|4|MIR_MRS|288|233|MIRI|MIRIFUSHORT|12|1|HH211|HH211|FIXED|MIRI Medium Resolution Spectroscopy|SCIENCE|236|1|3|4|11|NULL|NULL|NULL|1|4-POINT|NULL|4|NULL|NULL|4|NULL|MIRIFU_CHANNEL1A|2026_1b|FULL|NULL|NULL|LONG|NULL|NULL|[('o001', 'OBSERVATION')]|NULL|NULL|NULL|F|F|NULL|NULL|NULL|OFF|NULL|NULL|NULL|NULL|1|18|NONE
jw01257001001_0213b_00001_mirifulong_uncal.fits|V01257001001P000000000213B|1257|1|1|01257001001|2|PRIME_TARGETED_FIXED|1|3B|1|MIR_MRS|288|237|MIRI|MIRIFULONG|34|1|HH211|HH211|FIXED|MIRI Medium Resolution Spectroscopy|SCIENCE|237|1|3|1|12|NULL|NULL|NULL|1|4-POINT|NULL|4|NULL|NULL|1|NULL|MIRIFU_CHANNEL1A|2026_1b|FULL|NULL|NULL|LONG|NULL|NULL|[('o001', 'OBSERVATION')]|NULL|NULL|NULL|F|F|NULL|NULL|NULL|OFF|NULL|NULL|NULL|NULL|1|18|NONE
jw01257001001_0213b_00001_mirifushort_uncal.fits|V01257001001P000000000213B|1257|1|1|01257001001|2|PRIME_TARGETED_FIXED|1|3B|1|MIR_MRS|288|237|MIRI|MIRIFUSHORT|12|1|HH211|HH211|FIXED|MIRI Medium Resolution Spectroscopy|SCIENCE|237|1|3|1|12|NULL|NULL|NULL|1|4-POINT|NULL|4|NULL|NULL|1|NULL|MIRIFU_CHANNEL1A|2026_1b|FULL|NULL|NULL|LONG|NULL|NULL|[('o001', 'OBSERVATION')]|NULL|NULL|NULL|F|F|NULL|NULL|NULL|OFF|NULL|NULL|NULL|NULL|1|18|NONE
jw01257001001_0213b_00002_mirifulong_uncal.fits|V01257001001P000000000213B|1257|1|1|01257001001|2|PRIME_TARGETED_FIXED|1|3B|2|MIR_MRS|288|237|MIRI|MIRIFULONG|34|1|HH211|HH211|FIXED|MIRI Medium Resolution Spectroscopy|SCIENCE|238|1|3|2|12|NULL|NULL|NULL|1|4-POINT|NULL|4|NULL|NULL|2|NULL|MIRIFU_CHANNEL1A|2026_1b|FULL|NULL|NULL|LONG|NULL|NULL|[('o001', 'OBSERVATION')]|NULL|NULL|NULL|F|F|NULL|NULL|NULL|OFF|NULL|NULL|NULL|NULL|1|18|NONE
jw01257001001_0213b_00002_mirifushort_uncal.fits|V01257001001P000000000213B|1257|1|1|01257001001|2|PRIME_TARGETED_FIXED|1|3B|2|MIR_MRS|288|237|MIRI|MIRIFUSHORT|12|1|HH211|HH211|FIXED|MIRI Medium Resolution Spectroscopy|SCIENCE|238|1|3|2|12|NULL|NULL|NULL|1|4-POINT|NULL|4|NULL|NULL|2|NULL|MIRIFU_CHANNEL1A|2026_1b|FULL|NULL|NULL|LONG|NULL|NULL|[('o001', 'OBSERVATION')]|NULL|NULL|NULL|F|F|NULL|NULL|NULL|OFF|NULL|NULL|NULL|NULL|1|18|NONE
jw01257001001_0213b_00003_mirifulong_uncal.fits|V01257001001P000000000213B|1257|1|1|01257001001|2|PRIME_TARGETED_FIXED|1|3B|3|MIR_MRS|288|237|MIRI|MIRIFULONG|34|1|HH211|HH211|FIXED|MIRI Medium Resolution Spectroscopy|SCIENCE|239|1|3|3|12|NULL|NULL|NULL|1|4-POINT|NULL|4|NULL|NULL|3|NULL|MIRIFU_CHANNEL1A|2026_1b|FULL|NULL|NULL|LONG|NULL|NULL|[('o001', 'OBSERVATION')]|NULL|NULL|NULL|F|F|NULL|NULL|NULL|OFF|NULL|NULL|NULL|NULL|1|18|NONE
jw01257001001_0213b_00003_mirifushort_uncal.fits|V01257001001P000000000213B|1257|1|1|01257001001|2|PRIME_TARGETED_FIXED|1|3B|3|MIR_MRS|288|237|MIRI|MIRIFUSHORT|12|1|HH211|HH211|FIXED|MIRI Medium Resolution Spectroscopy|SCIENCE|239|1|3|3|12|NULL|NULL|NULL|1|4-POINT|NULL|4|NULL|NULL|3|NULL|MIRIFU_CHANNEL1A|2026_1b|FULL|NULL|NULL|LONG|NULL|NULL|[('o001', 'OBSERVATION')]|NULL|NULL|NULL|F|F|NULL|NULL|NULL|OFF|NULL|NULL|NULL|NULL|1|18|NONE
jw01257001001_0213b_00004_mirifulong_uncal.fits|V01257001001P000000000213B|1257|1|1|01257001001|2|PRIME_TARGETED_FIXED|1|3B|4|MIR_MRS|288|237|MIRI|MIRIFULONG|34|1|HH211|HH211|FIXED|MIRI Medium Resolution Spectroscopy|SCIENCE|240|1|3|4|12|NULL|NULL|NULL|1|4-POINT|NULL|4|NULL|NULL|4|NULL|MIRIFU_CHANNEL1A|2026_1b|FULL|NULL|NULL|LONG|NULL|NULL|[('o001', 'OBSERVATION')]|NULL|NULL|NULL|F|F|NULL|NULL|NULL|OFF|NULL|NULL|NULL|NULL|1|18|NONE
jw01257001001_0213b_00004_mirifushort_uncal.fits|V01257001001P000000000213B|1257|1|1|01257001001|2|PRIME_TARGETED_FIXED|1|3B|4|MIR_MRS|288|237|MIRI|MIRIFUSHORT|12|1|HH211|HH211|FIXED|MIRI Medium Resolution Spectroscopy|SCIENCE|240|1|3|4|12|NULL|NULL|NULL|1|4-POINT|NULL|4|NULL|NULL|4|NULL|MIRIFU_CHANNEL1A|2026_1b|FULL|NULL|NULL|LONG|NULL|NULL|[('o001', 'OBSERVATION')]|NULL|NULL|NULL|F|F|NULL|NULL|NULL|OFF|NULL|NULL|NULL|NULL|1|18|NONE
jw01257001001_0213d_00001_mirifulong_uncal.fits|V01257001001P000000000213D|1257|1|1|01257001001|2|PRIME_TARGETED_FIXED|1|3D|1|MIR_MRS|288|241|MIRI|MIRIFULONG|34|1|HH211|HH211|FIXED|MIRI Medium Resolution Spectroscopy|SCIENCE|241|1|3|1|13|NULL|NULL|NULL|1|4-POINT|NULL|4|NULL|NULL|1|NULL|MIRIFU_CHANNEL1A|2026_1b|FULL|NULL|NULL|LONG|NULL|NULL|[('o001', 'OBSERVATION')]|NULL|NULL|NULL|F|F|NULL|NULL|NULL|OFF|NULL|NULL|NULL|NULL|1|18|NONE
jw01257001001_0213d_00001_mirifushort_uncal.fits|V01257001001P000000000213D|1257|1|1|01257001001|2|PRIME_TARGETED_FIXED|1|3D|1|MIR_MRS|288|241|MIRI|MIRIFUSHORT|12|1|HH211|HH211|FIXED|MIRI Medium Resolution Spectroscopy|SCIENCE|241|1|3|1|13|NULL|NULL|NULL|1|4-POINT|NULL|4|NULL|NULL|1|NULL|MIRIFU_CHANNEL1A|2026_1b|FULL|NULL|NULL|LONG|NULL|NULL|[('o001', 'OBSERVATION')]|NULL|NULL|NULL|F|F|NULL|NULL|NULL|OFF|NULL|NULL|NULL|NULL|1|18|NONE
jw01257001001_0213d_00002_mirifulong_uncal.fits|V01257001001P000000000213D|1257|1|1|01257001001|2|PRIME_TARGETED_FIXED|1|3D|2|MIR_MRS|288|241|MIRI|MIRIFULONG|34|1|HH211|HH211|FIXED|MIRI Medium Resolution Spectroscopy|SCIENCE|242|1|3|2|13|NULL|NULL|NULL|1|4-POINT|NULL|4|NULL|NULL|2|NULL|MIRIFU_CHANNEL1A|2026_1b|FULL|NULL|NULL|LONG|NULL|NULL|[('o001', 'OBSERVATION')]|NULL|NULL|NULL|F|F|NULL|NULL|NULL|OFF|NULL|NULL|NULL|NULL|1|18|NONE
jw01257001001_0213d_00002_mirifushort_uncal.fits|V01257001001P000000000213D|1257|1|1|01257001001|2|PRIME_TARGETED_FIXED|1|3D|2|MIR_MRS|288|241|MIRI|MIRIFUSHORT|12|1|HH211|HH211|FIXED|MIRI Medium Resolution Spectroscopy|SCIENCE|242|1|3|2|13|NULL|NULL|NULL|1|4-POINT|NULL|4|NULL|NULL|2|NULL|MIRIFU_CHANNEL1A|2026_1b|FULL|NULL|NULL|LONG|NULL|NULL|[('o001', 'OBSERVATION')]|NULL|NULL|NULL|F|F|NULL|NULL|NULL|OFF|NULL|NULL|NULL|NULL|1|18|NONE
jw01257001001_0213d_00003_mirifulong_uncal.fits|V01257001001P000000000213D|1257|1|1|01257001001|2|PRIME_TARGETED_FIXED|1|3D|3|MIR_MRS|288|241|MIRI|MIRIFULONG|34|1|HH211|HH211|FIXED|MIRI Medium Resolution Spectroscopy|SCIENCE|243|1|3|3|13|NULL|NULL|NULL|1|4-POINT|NULL|4|NULL|NULL|3|NULL|MIRIFU_CHANNEL1A|2026_1b|FULL|NULL|NULL|LONG|NULL|NULL|[('o001', 'OBSERVATION')]|NULL|NULL|NULL|F|F|NULL|NULL|NULL|OFF|NULL|NULL|NULL|NULL|1|18|NONE
jw01257001001_0213d_00003_mirifushort_uncal.fits|V01257001001P000000000213D|1257|1|1|01257001001|2|PRIME_TARGETED_FIXED|1|3D|3|MIR_MRS|288|241|MIRI|MIRIFUSHORT|12|1|HH211|HH211|FIXED|MIRI Medium Resolution Spectroscopy|SCIENCE|243|1|3|3|13|NULL|NULL|NULL|1|4-POINT|NULL|4|NULL|NULL|3|NULL|MIRIFU_CHANNEL1A|2026_1b|FULL|NULL|NULL|LONG|NULL|NULL|[('o001', 'OBSERVATION')]|NULL|NULL|NULL|F|F|NULL|NULL|NULL|OFF|NULL|NULL|NULL|NULL|1|18|NONE
jw01257001001_0213d_00004_mirifulong_uncal.fits|V01257001001P000000000213D|1257|1|1|01257001001|2|PRIME_TARGETED_FIXED|1|3D|4|MIR_MRS|288|241|MIRI|MIRIFULONG|34|1|HH211|HH211|FIXED|MIRI Medium Resolution Spectroscopy|SCIENCE|244|1|3|4|13|NULL|NULL|NULL|1|4-POINT|NULL|4|NULL|NULL|4|NULL|MIRIFU_CHANNEL1A|2026_1b|FULL|NULL|NULL|LONG|NULL|NULL|[('o001', 'OBSERVATION')]|NULL|NULL|NULL|F|F|NULL|NULL|NULL|OFF|NULL|NULL|NULL|NULL|1|18|NONE
jw01257001001_0213d_00004_mirifushort_uncal.fits|V01257001001P000000000213D|1257|1|1|01257001001|2|PRIME_TARGETED_FIXED|1|3D|4|MIR_MRS|288|241|MIRI|MIRIFUSHORT|12|1|HH211|HH211|FIXED|MIRI Medium Resolution Spectroscopy|SCIENCE|244|1|3|4|13|NULL|NULL|NULL|1|4-POINT|NULL|4|NULL|NULL|4|NULL|MIRIFU_CHANNEL1A|2026_1b|FULL|NULL|NULL|LONG|NULL|NULL|[('o001', 'OBSERVATION')]|NULL|NULL|NULL|F|F|NULL|NULL|NULL|OFF|NULL|NULL|NULL|NULL|1|18|NONE
jw01257001001_0213f_00001_mirifulong_uncal.fits|V01257001001P000000000213F|1257|1|1|01257001001|2|PRIME_TARGETED_FIXED|1|3F|1|MIR_MRS|288|245|MIRI|MIRIFULONG|34|1|HH211|HH211|FIXED|MIRI Medium Resolution Spectroscopy|SCIENCE|245|1|3|1|14|NULL|NULL|NULL|1|4-POINT|NULL|4|NULL|NULL|1|NULL|MIRIFU_CHANNEL1A|2026_1b|FULL|NULL|NULL|LONG|NULL|NULL|[('o001', 'OBSERVATION')]|NULL|NULL|NULL|F|F|NULL|NULL|NULL|OFF|NULL|NULL|NULL|NULL|1|18|NONE
jw01257001001_0213f_00001_mirifushort_uncal.fits|V01257001001P000000000213F|1257|1|1|01257001001|2|PRIME_TARGETED_FIXED|1|3F|1|MIR_MRS|288|245|MIRI|MIRIFUSHORT|12|1|HH211|HH211|FIXED|MIRI Medium Resolution Spectroscopy|SCIENCE|245|1|3|1|14|NULL|NULL|NULL|1|4-POINT|NULL|4|NULL|NULL|1|NULL|MIRIFU_CHANNEL1A|2026_1b|FULL|NULL|NULL|LONG|NULL|NULL|[('o001', 'OBSERVATION')]|NULL|NULL|NULL|F|F|NULL|NULL|NULL|OFF|NULL|NULL|NULL|NULL|1|18|NONE
jw01257001001_0213f_00002_mirifulong_uncal.fits|V01257001001P000000000213F|1257|1|1|01257001001|2|PRIME_TARGETED_FIXED|1|3F|2|MIR_MRS|288|245|MIRI|MIRIFULONG|34|1|HH211|HH211|FIXED|MIRI Medium Resolution Spectroscopy|SCIENCE|246|1|3|2|14|NULL|NULL|NULL|1|4-POINT|NULL|4|NULL|NULL|2|NULL|MIRIFU_CHANNEL1A|2026_1b|FULL|NULL|NULL|LONG|NULL|NULL|[('o001', 'OBSERVATION')]|NULL|NULL|NULL|F|F|NULL|NULL|NULL|OFF|NULL|NULL|NULL|NULL|1|18|NONE
jw01257001001_0213f_00002_mirifushort_uncal.fits|V01257001001P000000000213F|1257|1|1|01257001001|2|PRIME_TARGETED_FIXED|1|3F|2|MIR_MRS|288|245|MIRI|MIRIFUSHORT|12|1|HH211|HH211|FIXED|MIRI Medium Resolution Spectroscopy|SCIENCE|246|1|3|2|14|NULL|NULL|NULL|1|4-POINT|NULL|4|NULL|NULL|2|NULL|MIRIFU_CHANNEL1A|2026_1b|FULL|NULL|NULL|LONG|NULL|NULL|[('o001', 'OBSERVATION')]|NULL|NULL|NULL|F|F|NULL|NULL|NULL|OFF|NULL|NULL|NULL|NULL|1|18|NONE
jw01257001001_0213f_00003_mirifulong_uncal.fits|V01257001001P000000000213F|1257|1|1|01257001001|2|PRIME_TARGETED_FIXED|1|3F|3|MIR_MRS|288|245|MIRI|MIRIFULONG|34|1|HH211|HH211|FIXED|MIRI Medium Resolution Spectroscopy|SCIENCE|247|1|3|3|14|NULL|NULL|NULL|1|4-POINT|NULL|4|NULL|NULL|3|NULL|MIRIFU_CHANNEL1A|2026_1b|FULL|NULL|NULL|LONG|NULL|NULL|[('o001', 'OBSERVATION')]|NULL|NULL|NULL|F|F|NULL|NULL|NULL|OFF|NULL|NULL|NULL|NULL|1|18|NONE
jw01257001001_0213f_00003_mirifushort_uncal.fits|V01257001001P000000000213F|1257|1|1|01257001001|2|PRIME_TARGETED_FIXED|1|3F|3|MIR_MRS|288|245|MIRI|MIRIFUSHORT|12|1|HH211|HH211|FIXED|MIRI Medium Resolution Spectroscopy|SCIENCE|247|1|3|3|14|NULL|NULL|NULL|1|4-POINT|NULL|4|NULL|NULL|3|NULL|MIRIFU_CHANNEL1A|2026_1b|FULL|NULL|NULL|LONG|NULL|NULL|[('o001', 'OBSERVATION')]|NULL|NULL|NULL|F|F|NULL|NULL|NULL|OFF|NULL|NULL|NULL|NULL|1|18|NONE
jw01257001001_0213f_00004_mirifulong_uncal.fits|V01257001001P000000000213F|1257|1|1|01257001001|2|PRIME_TARGETED_FIXED|1|3F|4|MIR_MRS|288|245|MIRI|MIRIFULONG|34|1|HH211|HH211|FIXED|MIRI Medium Resolution Spectroscopy|SCIENCE|248|1|3|4|14|NULL|NULL|NULL|1|4-POINT|NULL|4|NULL|NULL|4|NULL|MIRIFU_CHANNEL1A|2026_1b|FULL|NULL|NULL|LONG|NULL|NULL|[('o001', 'OBSERVATION')]|NULL|NULL|NULL|F|F|NULL|NULL|NULL|OFF|NULL|NULL|NULL|NULL|1|18|NONE
jw01257001001_0213f_00004_mirifushort_uncal.fits|V01257001001P000000000213F|1257|1|1|01257001001|2|PRIME_TARGETED_FIXED|1|3F|4|MIR_MRS|288|245|MIRI|MIRIFUSHORT|12|1|HH211|HH211|FIXED|MIRI Medium Resolution Spectroscopy|SCIENCE|248|1|3|4|14|NULL|NULL|NULL|1|4-POINT|NULL|4|NULL|NULL|4|NULL|MIRIFU_CHANNEL1A|2026_1b|FULL|NULL|NULL|LONG|NULL|NULL|[('o001', 'OBSERVATION')]|NULL|NULL|NULL|F|F|NULL|NULL|NULL|OFF|NULL|NULL|NULL|NULL|1|18|NONE
jw01257001001_0213h_00001_mirifulong_uncal.fits|V01257001001P000000000213H|1257|1|1|01257001001|2|PRIME_TARGETED_FIXED|1|3H|1|MIR_MRS|288|249|MIRI|MIRIFULONG|34|1|HH211|HH211|FIXED|MIRI Medium Resolution Spectroscopy|SCIENCE|249|1|3|1|15|NULL|NULL|NULL|1|4-POINT|NULL|4|NULL|NULL|1|NULL|MIRIFU_CHANNEL1A|2026_1b|FULL|NULL|NULL|LONG|NULL|NULL|[('o001', 'OBSERVATION')]|NULL|NULL|NULL|F|F|NULL|NULL|NULL|OFF|NULL|NULL|NULL|NULL|1|18|NONE
jw01257001001_0213h_00001_mirifushort_uncal.fits|V01257001001P000000000213H|1257|1|1|01257001001|2|PRIME_TARGETED_FIXED|1|3H|1|MIR_MRS|288|249|MIRI|MIRIFUSHORT|12|1|HH211|HH211|FIXED|MIRI Medium Resolution Spectroscopy|SCIENCE|249|1|3|1|15|NULL|NULL|NULL|1|4-POINT|NULL|4|NULL|NULL|1|NULL|MIRIFU_CHANNEL1A|2026_1b|FULL|NULL|NULL|LONG|NULL|NULL|[('o001', 'OBSERVATION')]|NULL|NULL|NULL|F|F|NULL|NULL|NULL|OFF|NULL|NULL|NULL|NULL|1|18|NONE
jw01257001001_0213h_00002_mirifulong_uncal.fits|V01257001001P000000000213H|1257|1|1|01257001001|2|PRIME_TARGETED_FIXED|1|3H|2|MIR_MRS|288|249|MIRI|MIRIFULONG|34|1|HH211|HH211|FIXED|MIRI Medium Resolution Spectroscopy|SCIENCE|250|1|3|2|15|NULL|NULL|NULL|1|4-POINT|NULL|4|NULL|NULL|2|NULL|MIRIFU_CHANNEL1A|2026_1b|FULL|NULL|NULL|LONG|NULL|NULL|[('o001', 'OBSERVATION')]|NULL|NULL|NULL|F|F|NULL|NULL|NULL|OFF|NULL|NULL|NULL|NULL|1|18|NONE
jw01257001001_0213h_00002_mirifushort_uncal.fits|V01257001001P000000000213H|1257|1|1|01257001001|2|PRIME_TARGETED_FIXED|1|3H|2|MIR_MRS|288|249|MIRI|MIRIFUSHORT|12|1|HH211|HH211|FIXED|MIRI Medium Resolution Spectroscopy|SCIENCE|250|1|3|2|15|NULL|NULL|NULL|1|4-POINT|NULL|4|NULL|NULL|2|NULL|MIRIFU_CHANNEL1A|2026_1b|FULL|NULL|NULL|LONG|NULL|NULL|[('o001', 'OBSERVATION')]|NULL|NULL|NULL|F|F|NULL|NULL|NULL|OFF|NULL|NULL|NULL|NULL|1|18|NONE
jw01257001001_0213h_00003_mirifulong_uncal.fits|V01257001001P000000000213H|1257|1|1|01257001001|2|PRIME_TARGETED_FIXED|1|3H|3|MIR_MRS|288|249|MIRI|MIRIFULONG|34|1|HH211|HH211|FIXED|MIRI Medium Resolution Spectroscopy|SCIENCE|251|1|3|3|15|NULL|NULL|NULL|1|4-POINT|NULL|4|NULL|NULL|3|NULL|MIRIFU_CHANNEL1A|2026_1b|FULL|NULL|NULL|LONG|NULL|NULL|[('o001', 'OBSERVATION')]|NULL|NULL|NULL|F|F|NULL|NULL|NULL|OFF|NULL|NULL|NULL|NULL|1|18|NONE
jw01257001001_0213h_00003_mirifushort_uncal.fits|V01257001001P000000000213H|1257|1|1|01257001001|2|PRIME_TARGETED_FIXED|1|3H|3|MIR_MRS|288|249|MIRI|MIRIFUSHORT|12|1|HH211|HH211|FIXED|MIRI Medium Resolution Spectroscopy|SCIENCE|251|1|3|3|15|NULL|NULL|NULL|1|4-POINT|NULL|4|NULL|NULL|3|NULL|MIRIFU_CHANNEL1A|2026_1b|FULL|NULL|NULL|LONG|NULL|NULL|[('o001', 'OBSERVATION')]|NULL|NULL|NULL|F|F|NULL|NULL|NULL|OFF|NULL|NULL|NULL|NULL|1|18|NONE
jw01257001001_0213h_00004_mirifulong_uncal.fits|V01257001001P000000000213H|1257|1|1|01257001001|2|PRIME_TARGETED_FIXED|1|3H|4|MIR_MRS|288|249|MIRI|MIRIFULONG|34|1|HH211|HH211|FIXED|MIRI Medium Resolution Spectroscopy|SCIENCE|252|1|3|4|15|NULL|NULL|NULL|1|4-POINT|NULL|4|NULL|NULL|4|NULL|MIRIFU_CHANNEL1A|2026_1b|FULL|NULL|NULL|LONG|NULL|NULL|[('o001', 'OBSERVATION')]|NULL|NULL|NULL|F|F|NULL|NULL|NULL|OFF|NULL|NULL|NULL|NULL|1|18|NONE
jw01257001001_0213h_00004_mirifushort_uncal.fits|V01257001001P000000000213H|1257|1|1|01257001001|2|PRIME_TARGETED_FIXED|1|3H|4|MIR_MRS|288|249|MIRI|MIRIFUSHORT|12|1|HH211|HH211|FIXED|MIRI Medium Resolution Spectroscopy|SCIENCE|252|1|3|4|15|NULL|NULL|NULL|1|4-POINT|NULL|4|NULL|NULL|4|NULL|MIRIFU_CHANNEL1A|2026_1b|FULL|NULL|NULL|LONG|NULL|NULL|[('o001', 'OBSERVATION')]|NULL|NULL|NULL|F|F|NULL|NULL|NULL|OFF|NULL|NULL|NULL|NULL|1|18|NONE
jw01257001001_0213j_00001_mirifulong_uncal.fits|V01257001001P000000000213J|1257|1|1|01257001001|2|PRIME_TARGETED_FIXED|1|3J|1|MIR_MRS|288|253|MIRI|MIRIFULONG|34|1|HH211|HH211|FIXED|MIRI Medium Resolution Spectroscopy|SCIENCE|253|1|3|1|16|NULL|NULL|NULL|1|4-POINT|NULL|4|NULL|NULL|1|NULL|MIRIFU_CHANNEL1A|2026_1b|FULL|NULL|NULL|LONG|NULL|NULL|[('o001', 'OBSERVATION')]|NULL|NULL|NULL|F|F|NULL|NULL|NULL|OFF|NULL|NULL|NULL|NULL|1|18|NONE
jw01257001001_0213j_00001_mirifushort_uncal.fits|V01257001001P000000000213J|1257|1|1|01257001001|2|PRIME_TARGETED_FIXED|1|3J|1|MIR_MRS|288|253|MIRI|MIRIFUSHORT|12|1|HH211|HH211|FIXED|MIRI Medium Resolution Spectroscopy|SCIENCE|253|1|3|1|16|NULL|NULL|NULL|1|4-POINT|NULL|4|NULL|NULL|1|NULL|MIRIFU_CHANNEL1A|2026_1b|FULL|NULL|NULL|LONG|NULL|NULL|[('o001', 'OBSERVATION')]|NULL|NULL|NULL|F|F|NULL|NULL|NULL|OFF|NULL|NULL|NULL|NULL|1|18|NONE
jw01257001001_0213j_00002_mirifulong_uncal.fits|V01257001001P000000000213J|1257|1|1|01257001001|2|PRIME_TARGETED_FIXED|1|3J|2|MIR_MRS|288|253|MIRI|MIRIFULONG|34|1|HH211|HH211|FIXED|MIRI Medium Resolution Spectroscopy|SCIENCE|254|1|3|2|16|NULL|NULL|NULL|1|4-POINT|NULL|4|NULL|NULL|2|NULL|MIRIFU_CHANNEL1A|2026_1b|FULL|NULL|NULL|LONG|NULL|NULL|[('o001', 'OBSERVATION')]|NULL|NULL|NULL|F|F|NULL|NULL|NULL|OFF|NULL|NULL|NULL|NULL|1|18|NONE
jw01257001001_0213j_00002_mirifushort_uncal.fits|V01257001001P000000000213J|1257|1|1|01257001001|2|PRIME_TARGETED_FIXED|1|3J|2|MIR_MRS|288|253|MIRI|MIRIFUSHORT|12|1|HH211|HH211|FIXED|MIRI Medium Resolution Spectroscopy|SCIENCE|254|1|3|2|16|NULL|NULL|NULL|1|4-POINT|NULL|4|NULL|NULL|2|NULL|MIRIFU_CHANNEL1A|2026_1b|FULL|NULL|NULL|LONG|NULL|NULL|[('o001', 'OBSERVATION')]|NULL|NULL|NULL|F|F|NULL|NULL|NULL|OFF|NULL|NULL|NULL|NULL|1|18|NONE
jw01257001001_0213j_00003_mirifulong_uncal.fits|V01257001001P000000000213J|1257|1|1|01257001001|2|PRIME_TARGETED_FIXED|1|3J|3|MIR_MRS|288|253|MIRI|MIRIFULONG|34|1|HH211|HH211|FIXED|MIRI Medium Resolution Spectroscopy|SCIENCE|255|1|3|3|16|NULL|NULL|NULL|1|4-POINT|NULL|4|NULL|NULL|3|NULL|MIRIFU_CHANNEL1A|2026_1b|FULL|NULL|NULL|LONG|NULL|NULL|[('o001', 'OBSERVATION')]|NULL|NULL|NULL|F|F|NULL|NULL|NULL|OFF|NULL|NULL|NULL|NULL|1|18|NONE
jw01257001001_0213j_00003_mirifushort_uncal.fits|V01257001001P000000000213J|1257|1|1|01257001001|2|PRIME_TARGETED_FIXED|1|3J|3|MIR_MRS|288|253|MIRI|MIRIFUSHORT|12|1|HH211|HH211|FIXED|MIRI Medium Resolution Spectroscopy|SCIENCE|255|1|3|3|16|NULL|NULL|NULL|1|4-POINT|NULL|4|NULL|NULL|3|NULL|MIRIFU_CHANNEL1A|2026_1b|FULL|NULL|NULL|LONG|NULL|NULL|[('o001', 'OBSERVATION')]|NULL|NULL|NULL|F|F|NULL|NULL|NULL|OFF|NULL|NULL|NULL|NULL|1|18|NONE
jw01257001001_0213j_00004_mirifulong_uncal.fits|V01257001001P000000000213J|1257|1|1|01257001001|2|PRIME_TARGETED_FIXED|1|3J|4|MIR_MRS|288|253|MIRI|MIRIFULONG|34|1|HH211|HH211|FIXED|MIRI Medium Resolution Spectroscopy|SCIENCE|256|1|3|4|16|NULL|NULL|NULL|1|4-POINT|NULL|4|NULL|NULL|4|NULL|MIRIFU_CHANNEL1A|2026_1b|FULL|NULL|NULL|LONG|NULL|NULL|[('o001', 'OBSERVATION')]|NULL|NULL|NULL|F|F|NULL|NULL|NULL|OFF|NULL|NULL|NULL|NULL|1|18|NONE
jw01257001001_0213j_00004_mirifushort_uncal.fits|V01257001001P000000000213J|1257|1|1|01257001001|2|PRIME_TARGETED_FIXED|1|3J|4|MIR_MRS|288|253|MIRI|MIRIFUSHORT|12|1|HH211|HH211|FIXED|MIRI Medium Resolution Spectroscopy|SCIENCE|256|1|3|4|16|NULL|NULL|NULL|1|4-POINT|NULL|4|NULL|NULL|4|NULL|MIRIFU_CHANNEL1A|2026_1b|FULL|NULL|NULL|LONG|NULL|NULL|[('o001', 'OBSERVATION')]|NULL|NULL|NULL|F|F|NULL|NULL|NULL|OFF|NULL|NULL|NULL|NULL|1|18|NONE
jw01257001001_0213l_00001_mirifulong_uncal.fits|V01257001001P000000000213L|1257|1|1|01257001001|2|PRIME_TARGETED_FIXED|1|3L|1|MIR_MRS|288|257|MIRI|MIRIFULONG|34|1|HH211|HH211|FIXED|MIRI Medium Resolution Spectroscopy|SCIENCE|257|1|3|1|17|NULL|NULL|NULL|1|4-POINT|NULL|4|NULL|NULL|1|NULL|MIRIFU_CHANNEL1A|2026_1b|FULL|NULL|NULL|LONG|NULL|NULL|[('o001', 'OBSERVATION')]|NULL|NULL|NULL|F|F|NULL|NULL|NULL|OFF|NULL|NULL|NULL|NULL|1|18|NONE
jw01257001001_0213l_00001_mirifushort_uncal.fits|V01257001001P000000000213L|1257|1|1|01257001001|2|PRIME_TARGETED_FIXED|1|3L|1|MIR_MRS|288|257|MIRI|MIRIFUSHORT|12|1|HH211|HH211|FIXED|MIRI Medium Resolution Spectroscopy|SCIENCE|257|1|3|1|17|NULL|NULL|NULL|1|4-POINT|NULL|4|NULL|NULL|1|NULL|MIRIFU_CHANNEL1A|2026_1b|FULL|NULL|NULL|LONG|NULL|NULL|[('o001', 'OBSERVATION')]|NULL|NULL|NULL|F|F|NULL|NULL|NULL|OFF|NULL|NULL|NULL|NULL|1|18|NONE
jw01257001001_0213l_00002_mirifulong_uncal.fits|V01257001001P000000000213L|1257|1|1|01257001001|2|PRIME_TARGETED_FIXED|1|3L|2|MIR_MRS|288|257|MIRI|MIRIFULONG|34|1|HH211|HH211|FIXED|MIRI Medium Resolution Spectroscopy|SCIENCE|258|1|3|2|17|NULL|NULL|NULL|1|4-POINT|NULL|4|NULL|NULL|2|NULL|MIRIFU_CHANNEL1A|2026_1b|FULL|NULL|NULL|LONG|NULL|NULL|[('o001', 'OBSERVATION')]|NULL|NULL|NULL|F|F|NULL|NULL|NULL|OFF|NULL|NULL|NULL|NULL|1|18|NONE
jw01257001001_0213l_00002_mirifushort_uncal.fits|V01257001001P000000000213L|1257|1|1|01257001001|2|PRIME_TARGETED_FIXED|1|3L|2|MIR_MRS|288|257|MIRI|MIRIFUSHORT|12|1|HH211|HH211|FIXED|MIRI Medium Resolution Spectroscopy|SCIENCE|258|1|3|2|17|NULL|NULL|NULL|1|4-POINT|NULL|4|NULL|NULL|2|NULL|MIRIFU_CHANNEL1A|2026_1b|FULL|NULL|NULL|LONG|NULL|NULL|[('o001', 'OBSERVATION')]|NULL|NULL|NULL|F|F|NULL|NULL|NULL|OFF|NULL|NULL|NULL|NULL|1|18|NONE
jw01257001001_0213l_00003_mirifulong_uncal.fits|V01257001001P000000000213L|1257|1|1|01257001001|2|PRIME_TARGETED_FIXED|1|3L|3|MIR_MRS|288|257|MIRI|MIRIFULONG|34|1|HH211|HH211|FIXED|MIRI Medium Resolution Spectroscopy|SCIENCE|259|1|3|3|17|NULL|NULL|NULL|1|4-POINT|NULL|4|NULL|NULL|3|NULL|MIRIFU_CHANNEL1A|2026_1b|FULL|NULL|NULL|LONG|NULL|NULL|[('o001', 'OBSERVATION')]|NULL|NULL|NULL|F|F|NULL|NULL|NULL|OFF|NULL|NULL|NULL|NULL|1|18|NONE
jw01257001001_0213l_00003_mirifushort_uncal.fits|V01257001001P000000000213L|1257|1|1|01257001001|2|PRIME_TARGETED_FIXED|1|3L|3|MIR_MRS|288|257|MIRI|MIRIFUSHORT|12|1|HH211|HH211|FIXED|MIRI Medium Resolution Spectroscopy|SCIENCE|259|1|3|3|17|NULL|NULL|NULL|1|4-POINT|NULL|4|NULL|NULL|3|NULL|MIRIFU_CHANNEL1A|2026_1b|FULL|NULL|NULL|LONG|NULL|NULL|[('o001', 'OBSERVATION')]|NULL|NULL|NULL|F|F|NULL|NULL|NULL|OFF|NULL|NULL|NULL|NULL|1|18|NONE
jw01257001001_0213l_00004_mirifulong_uncal.fits|V01257001001P000000000213L|1257|1|1|01257001001|2|PRIME_TARGETED_FIXED|1|3L|4|MIR_MRS|288|257|MIRI|MIRIFULONG|34|1|HH211|HH211|FIXED|MIRI Medium Resolution Spectroscopy|SCIENCE|260|1|3|4|17|NULL|NULL|NULL|1|4-POINT|NULL|4|NULL|NULL|4|NULL|MIRIFU_CHANNEL1A|2026_1b|FULL|NULL|NULL|LONG|NULL|NULL|[('o001', 'OBSERVATION')]|NULL|NULL|NULL|F|F|NULL|NULL|NULL|OFF|NULL|NULL|NULL|NULL|1|18|NONE
jw01257001001_0213l_00004_mirifushort_uncal.fits|V01257001001P000000000213L|1257|1|1|01257001001|2|PRIME_TARGETED_FIXED|1|3L|4|MIR_MRS|288|257|MIRI|MIRIFUSHORT|12|1|HH211|HH211|FIXED|MIRI Medium Resolution Spectroscopy|SCIENCE|260|1|3|4|17|NULL|NULL|NULL|1|4-POINT|NULL|4|NULL|NULL|4|NULL|MIRIFU_CHANNEL1A|2026_1b|FULL|NULL|NULL|LONG|NULL|NULL|[('o001', 'OBSERVATION')]|NULL|NULL|NULL|F|F|NULL|NULL|NULL|OFF|NULL|NULL|NULL|NULL|1|18|NONE
jw01257001001_0213n_00001_mirifulong_uncal.fits|V01257001001P000000000213N|1257|1|1|01257001001|2|PRIME_TARGETED_FIXED|1|3N|1|MIR_MRS|288|261|MIRI|MIRIFULONG|34|1|HH211|HH211|FIXED|MIRI Medium Resolution Spectroscopy|SCIENCE|261|1|3|1|18|NULL|NULL|NULL|1|4-POINT|NULL|4|NULL|NULL|1|NULL|MIRIFU_CHANNEL1A|2026_1b|FULL|NULL|NULL|LONG|NULL|NULL|[('o001', 'OBSERVATION')]|NULL|NULL|NULL|F|F|NULL|NULL|NULL|OFF|NULL|NULL|NULL|NULL|1|18|NONE
jw01257001001_0213n_00001_mirifushort_uncal.fits|V01257001001P000000000213N|1257|1|1|01257001001|2|PRIME_TARGETED_FIXED|1|3N|1|MIR_MRS|288|261|MIRI|MIRIFUSHORT|12|1|HH211|HH211|FIXED|MIRI Medium Resolution Spectroscopy|SCIENCE|261|1|3|1|18|NULL|NULL|NULL|1|4-POINT|NULL|4|NULL|NULL|1|NULL|MIRIFU_CHANNEL1A|2026_1b|FULL|NULL|NULL|LONG|NULL|NULL|[('o001', 'OBSERVATION')]|NULL|NULL|NULL|F|F|NULL|NULL|NULL|OFF|NULL|NULL|NULL|NULL|1|18|NONE
jw01257001001_0213n_00002_mirifulong_uncal.fits|V01257001001P000000000213N|1257|1|1|01257001001|2|PRIME_TARGETED_FIXED|1|3N|2|MIR_MRS|288|261|MIRI|MIRIFULONG|34|1|HH211|HH211|FIXED|MIRI Medium Resolution Spectroscopy|SCIENCE|262|1|3|2|18|NULL|NULL|NULL|1|4-POINT|NULL|4|NULL|NULL|2|NULL|MIRIFU_CHANNEL1A|2026_1b|FULL|NULL|NULL|LONG|NULL|NULL|[('o001', 'OBSERVATION')]|NULL|NULL|NULL|F|F|NULL|NULL|NULL|OFF|NULL|NULL|NULL|NULL|1|18|NONE
jw01257001001_0213n_00002_mirifushort_uncal.fits|V01257001001P000000000213N|1257|1|1|01257001001|2|PRIME_TARGETED_FIXED|1|3N|2|MIR_MRS|288|261|MIRI|MIRIFUSHORT|12|1|HH211|HH211|FIXED|MIRI Medium Resolution Spectroscopy|SCIENCE|262|1|3|2|18|NULL|NULL|NULL|1|4-POINT|NULL|4|NULL|NULL|2|NULL|MIRIFU_CHANNEL1A|2026_1b|FULL|NULL|NULL|LONG|NULL|NULL|[('o001', 'OBSERVATION')]|NULL|NULL|NULL|F|F|NULL|NULL|NULL|OFF|NULL|NULL|NULL|NULL|1|18|NONE
jw01257001001_0213n_00003_mirifulong_uncal.fits|V01257001001P000000000213N|1257|1|1|01257001001|2|PRIME_TARGETED_FIXED|1|3N|3|MIR_MRS|288|261|MIRI|MIRIFULONG|34|1|HH211|HH211|FIXED|MIRI Medium Resolution Spectroscopy|SCIENCE|263|1|3|3|18|NULL|NULL|NULL|1|4-POINT|NULL|4|NULL|NULL|3|NULL|MIRIFU_CHANNEL1A|2026_1b|FULL|NULL|NULL|LONG|NULL|NULL|[('o001', 'OBSERVATION')]|NULL|NULL|NULL|F|F|NULL|NULL|NULL|OFF|NULL|NULL|NULL|NULL|1|18|NONE
jw01257001001_0213n_00003_mirifushort_uncal.fits|V01257001001P000000000213N|1257|1|1|01257001001|2|PRIME_TARGETED_FIXED|1|3N|3|MIR_MRS|288|261|MIRI|MIRIFUSHORT|12|1|HH211|HH211|FIXED|MIRI Medium Resolution Spectroscopy|SCIENCE|263|1|3|3|18|NULL|NULL|NULL|1|4-POINT|NULL|4|NULL|NULL|3|NULL|MIRIFU_CHANNEL1A|2026_1b|FULL|NULL|NULL|LONG|NULL|NULL|[('o001', 'OBSERVATION')]|NULL|NULL|NULL|F|F|NULL|NULL|NULL|OFF|NULL|NULL|NULL|NULL|1|18|NONE
jw01257001001_0213n_00004_mirifulong_uncal.fits|V01257001001P000000000213N|1257|1|1|01257001001|2|PRIME_TARGETED_FIXED|1|3N|4|MIR_MRS|288|261|MIRI|MIRIFULONG|34|1|HH211|HH211|FIXED|MIRI Medium Resolution Spectroscopy|SCIENCE|264|1|3|4|18|NULL|NULL|NULL|1|4-POINT|NULL|4|NULL|NULL|4|NULL|MIRIFU_CHANNEL1A|2026_1b|FULL|NULL|NULL|LONG|NULL|NULL|[('o001', 'OBSERVATION')]|NULL|NULL|NULL|F|F|NULL|NULL|NULL|OFF|NULL|NULL|NULL|NULL|1|18|NONE
jw01257001001_0213n_00004_mirifushort_uncal.fits|V01257001001P000000000213N|1257|1|1|01257001001|2|PRIME_TARGETED_FIXED|1|3N|4|MIR_MRS|288|261|MIRI|MIRIFUSHORT|12|1|HH211|HH211|FIXED|MIRI Medium Resolution Spectroscopy|SCIENCE|264|1|3|4|18|NULL|NULL|NULL|1|4-POINT|NULL|4|NULL|NULL|4|NULL|MIRIFU_CHANNEL1A|2026_1b|FULL|NULL|NULL|LONG|NULL|NULL|[('o001', 'OBSERVATION')]|NULL|NULL|NULL|F|F|NULL|NULL|NULL|OFF|NULL|NULL|NULL|NULL|1|18|NONE
jw01257001001_0213p_00001_mirifulong_uncal.fits|V01257001001P000000000213P|1257|1|1|01257001001|2|PRIME_TARGETED_FIXED|1|3P|1|MIR_MRS|288|265|MIRI|MIRIFULONG|34|1|HH211|HH211|FIXED|MIRI Medium Resolution Spectroscopy|SCIENCE|265|1|3|1|19|NULL|NULL|NULL|1|4-POINT|NULL|4|NULL|NULL|1|NULL|MIRIFU_CHANNEL1A|2026_1b|FULL|NULL|NULL|LONG|NULL|NULL|[('o001', 'OBSERVATION')]|NULL|NULL|NULL|F|F|NULL|NULL|NULL|OFF|NULL|NULL|NULL|NULL|1|18|NONE
jw01257001001_0213p_00001_mirifushort_uncal.fits|V01257001001P000000000213P|1257|1|1|01257001001|2|PRIME_TARGETED_FIXED|1|3P|1|MIR_MRS|288|265|MIRI|MIRIFUSHORT|12|1|HH211|HH211|FIXED|MIRI Medium Resolution Spectroscopy|SCIENCE|265|1|3|1|19|NULL|NULL|NULL|1|4-POINT|NULL|4|NULL|NULL|1|NULL|MIRIFU_CHANNEL1A|2026_1b|FULL|NULL|NULL|LONG|NULL|NULL|[('o001', 'OBSERVATION')]|NULL|NULL|NULL|F|F|NULL|NULL|NULL|OFF|NULL|NULL|NULL|NULL|1|18|NONE
jw01257001001_0213p_00002_mirifulong_uncal.fits|V01257001001P000000000213P|1257|1|1|01257001001|2|PRIME_TARGETED_FIXED|1|3P|2|MIR_MRS|288|265|MIRI|MIRIFULONG|34|1|HH211|HH211|FIXED|MIRI Medium Resolution Spectroscopy|SCIENCE|266|1|3|2|19|NULL|NULL|NULL|1|4-POINT|NULL|4|NULL|NULL|2|NULL|MIRIFU_CHANNEL1A|2026_1b|FULL|NULL|NULL|LONG|NULL|NULL|[('o001', 'OBSERVATION')]|NULL|NULL|NULL|F|F|NULL|NULL|NULL|OFF|NULL|NULL|NULL|NULL|1|18|NONE
jw01257001001_0213p_00002_mirifushort_uncal.fits|V01257001001P000000000213P|1257|1|1|01257001001|2|PRIME_TARGETED_FIXED|1|3P|2|MIR_MRS|288|265|MIRI|MIRIFUSHORT|12|1|HH211|HH211|FIXED|MIRI Medium Resolution Spectroscopy|SCIENCE|266|1|3|2|19|NULL|NULL|NULL|1|4-POINT|NULL|4|NULL|NULL|2|NULL|MIRIFU_CHANNEL1A|2026_1b|FULL|NULL|NULL|LONG|NULL|NULL|[('o001', 'OBSERVATION')]|NULL|NULL|NULL|F|F|NULL|NULL|NULL|OFF|NULL|NULL|NULL|NULL|1|18|NONE
jw01257001001_0213p_00003_mirifulong_uncal.fits|V01257001001P000000000213P|1257|1|1|01257001001|2|PRIME_TARGETED_FIXED|1|3P|3|MIR_MRS|288|265|MIRI|MIRIFULONG|34|1|HH211|HH211|FIXED|MIRI Medium Resolution Spectroscopy|SCIENCE|267|1|3|3|19|NULL|NULL|NULL|1|4-POINT|NULL|4|NULL|NULL|3|NULL|MIRIFU_CHANNEL1A|2026_1b|FULL|NULL|NULL|LONG|NULL|NULL|[('o001', 'OBSERVATION')]|NULL|NULL|NULL|F|F|NULL|NULL|NULL|OFF|NULL|NULL|NULL|NULL|1|18|NONE
jw01257001001_0213p_00003_mirifushort_uncal.fits|V01257001001P000000000213P|1257|1|1|01257001001|2|PRIME_TARGETED_FIXED|1|3P|3|MIR_MRS|288|265|MIRI|MIRIFUSHORT|12|1|HH211|HH211|FIXED|MIRI Medium Resolution Spectroscopy|SCIENCE|267|1|3|3|19|NULL|NULL|NULL|1|4-POINT|NULL|4|NULL|NULL|3|NULL|MIRIFU_CHANNEL1A|2026_1b|FULL|NULL|NULL|LONG|NULL|NULL|[('o001', 'OBSERVATION')]|NULL|NULL|NULL|F|F|NULL|NULL|NULL|OFF|NULL|NULL|NULL|NULL|1|18|NONE
jw01257001001_0213p_00004_mirifulong_uncal.fits|V01257001001P000000000213P|1257|1|1|01257001001|2|PRIME_TARGETED_FIXED|1|3P|4|MIR_MRS|288|265|MIRI|MIRIFULONG|34|1|HH211|HH211|FIXED|MIRI Medium Resolution Spectroscopy|SCIENCE|268|1|3|4|19|NULL|NULL|NULL|1|4-POINT|NULL|4|NULL|NULL|4|NULL|MIRIFU_CHANNEL1A|2026_1b|FULL|NULL|NULL|LONG|NULL|NULL|[('o001', 'OBSERVATION')]|NULL|NULL|NULL|F|F|NULL|NULL|NULL|OFF|NULL|NULL|NULL|NULL|1|18|NONE
jw01257001001_0213p_00004_mirifushort_uncal.fits|V01257001001P000000000213P|1257|1|1|01257001001|2|PRIME_TARGETED_FIXED|1|3P|4|MIR_MRS|288|265|MIRI|MIRIFUSHORT|12|1|HH211|HH211|FIXED|MIRI Medium Resolution Spectroscopy|SCIENCE|268|1|3|4|19|NULL|NULL|NULL|1|4-POINT|NULL|4|NULL|NULL|4|NULL|MIRIFU_CHANNEL1A|2026_1b|FULL|NULL|NULL|LONG|NULL|NULL|[('o001', 'OBSERVATION')]|NULL|NULL|NULL|F|F|NULL|NULL|NULL|OFF|NULL|NULL|NULL|NULL|1|18|NONE
jw01257001001_0213r_00001_mirifulong_uncal.fits|V01257001001P000000000213R|1257|1|1|01257001001|2|PRIME_TARGETED_FIXED|1|3R|1|MIR_MRS|288|269|MIRI|MIRIFULONG|34|1|HH211|HH211|FIXED|MIRI Medium Resolution Spectroscopy|SCIENCE|269|1|3|1|20|NULL|NULL|NULL|1|4-POINT|NULL|4|NULL|NULL|1|NULL|MIRIFU_CHANNEL1A|2026_1b|FULL|NULL|NULL|LONG|NULL|NULL|[('o001', 'OBSERVATION')]|NULL|NULL|NULL|F|F|NULL|NULL|NULL|OFF|NULL|NULL|NULL|NULL|1|18|NONE
jw01257001001_0213r_00001_mirifushort_uncal.fits|V01257001001P000000000213R|1257|1|1|01257001001|2|PRIME_TARGETED_FIXED|1|3R|1|MIR_MRS|288|269|MIRI|MIRIFUSHORT|12|1|HH211|HH211|FIXED|MIRI Medium Resolution Spectroscopy|SCIENCE|269|1|3|1|20|NULL|NULL|NULL|1|4-POINT|NULL|4|NULL|NULL|1|NULL|MIRIFU_CHANNEL1A|2026_1b|FULL|NULL|NULL|LONG|NULL|NULL|[('o001', 'OBSERVATION')]|NULL|NULL|NULL|F|F|NULL|NULL|NULL|OFF|NULL|NULL|NULL|NULL|1|18|NONE
jw01257001001_0213r_00002_mirifulong_uncal.fits|V01257001001P000000000213R|1257|1|1|01257001001|2|PRIME_TARGETED_FIXED|1|3R|2|MIR_MRS|288|269|MIRI|MIRIFULONG|34|1|HH211|HH211|FIXED|MIRI Medium Resolution Spectroscopy|SCIENCE|270|1|3|2|20|NULL|NULL|NULL|1|4-POINT|NULL|4|NULL|NULL|2|NULL|MIRIFU_CHANNEL1A|2026_1b|FULL|NULL|NULL|LONG|NULL|NULL|[('o001', 'OBSERVATION')]|NULL|NULL|NULL|F|F|NULL|NULL|NULL|OFF|NULL|NULL|NULL|NULL|1|18|NONE
jw01257001001_0213r_00002_mirifushort_uncal.fits|V01257001001P000000000213R|1257|1|1|01257001001|2|PRIME_TARGETED_FIXED|1|3R|2|MIR_MRS|288|269|MIRI|MIRIFUSHORT|12|1|HH211|HH211|FIXED|MIRI Medium Resolution Spectroscopy|SCIENCE|270|1|3|2|20|NULL|NULL|NULL|1|4-POINT|NULL|4|NULL|NULL|2|NULL|MIRIFU_CHANNEL1A|2026_1b|FULL|NULL|NULL|LONG|NULL|NULL|[('o001', 'OBSERVATION')]|NULL|NULL|NULL|F|F|NULL|NULL|NULL|OFF|NULL|NULL|NULL|NULL|1|18|NONE
jw01257001001_0213r_00003_mirifulong_uncal.fits|V01257001001P000000000213R|1257|1|1|01257001001|2|PRIME_TARGETED_FIXED|1|3R|3|MIR_MRS|288|269|MIRI|MIRIFULONG|34|1|HH211|HH211|FIXED|MIRI Medium Resolution Spectroscopy|SCIENCE|271|1|3|3|20|NULL|NULL|NULL|1|4-POINT|NULL|4|NULL|NULL|3|NULL|MIRIFU_CHANNEL1A|2026_1b|FULL|NULL|NULL|LONG|NULL|NULL|[('o001', 'OBSERVATION')]|NULL|NULL|NULL|F|F|NULL|NULL|NULL|OFF|NULL|NULL|NULL|NULL|1|18|NONE
jw01257001001_0213r_00003_mirifushort_uncal.fits|V01257001001P000000000213R|1257|1|1|01257001001|2|PRIME_TARGETED_FIXED|1|3R|3|MIR_MRS|288|269|MIRI|MIRIFUSHORT|12|1|HH211|HH211|FIXED|MIRI Medium Resolution Spectroscopy|SCIENCE|271|1|3|3|20|NULL|NULL|NULL|1|4-POINT|NULL|4|NULL|NULL|3|NULL|MIRIFU_CHANNEL1A|2026_1b|FULL|NULL|NULL|LONG|NULL|NULL|[('o001', 'OBSERVATION')]|NULL|NULL|NULL|F|F|NULL|NULL|NULL|OFF|NULL|NULL|NULL|NULL|1|18|NONE
jw01257001001_0213r_00004_mirifulong_uncal.fits|V01257001001P000000000213R|1257|1|1|01257001001|2|PRIME_TARGETED_FIXED|1|3R|4|MIR_MRS|288|269|MIRI|MIRIFULONG|34|1|HH211|HH211|FIXED|MIRI Medium Resolution Spectroscopy|SCIENCE|272|1|3|4|20|NULL|NULL|NULL|1|4-POINT|NULL|4|NULL|NULL|4|NULL|MIRIFU_CHANNEL1A|2026_1b|FULL|NULL|NULL|LONG|NULL|NULL|[('o001', 'OBSERVATION')]|NULL|NULL|NULL|F|F|NULL|NULL|NULL|OFF|NULL|NULL|NULL|NULL|1|18|NONE
jw01257001001_0213r_00004_mirifushort_uncal.fits|V01257001001P000000000213R|1257|1|1|01257001001|2|PRIME_TARGETED_FIXED|1|3R|4|MIR_MRS|288|269|MIRI|MIRIFUSHORT|12|1|HH211|HH211|FIXED|MIRI Medium Resolution Spectroscopy|SCIENCE|272|1|3|4|20|NULL|NULL|NULL|1|4-POINT|NULL|4|NULL|NULL|4|NULL|MIRIFU_CHANNEL1A|2026_1b|FULL|NULL|NULL|LONG|NULL|NULL|[('o001', 'OBSERVATION')]|NULL|NULL|NULL|F|F|NULL|NULL|NULL|OFF|NULL|NULL|NULL|NULL|1|18|NONE
jw01257001001_0213t_00001_mirifulong_uncal.fits|V01257001001P000000000213T|1257|1|1|01257001001|2|PRIME_TARGETED_FIXED|1|3T|1|MIR_MRS|288|273|MIRI|MIRIFULONG|34|1|HH211|HH211|FIXED|MIRI Medium Resolution Spectroscopy|SCIENCE|273|1|3|1|21|NULL|NULL|NULL|1|4-POINT|NULL|4|NULL|NULL|1|NULL|MIRIFU_CHANNEL1A|2026_1b|FULL|NULL|NULL|LONG|NULL|NULL|[('o001', 'OBSERVATION')]|NULL|NULL|NULL|F|F|NULL|NULL|NULL|OFF|NULL|NULL|NULL|NULL|1|18|NONE
jw01257001001_0213t_00001_mirifushort_uncal.fits|V01257001001P000000000213T|1257|1|1|01257001001|2|PRIME_TARGETED_FIXED|1|3T|1|MIR_MRS|288|273|MIRI|MIRIFUSHORT|12|1|HH211|HH211|FIXED|MIRI Medium Resolution Spectroscopy|SCIENCE|273|1|3|1|21|NULL|NULL|NULL|1|4-POINT|NULL|4|NULL|NULL|1|NULL|MIRIFU_CHANNEL1A|2026_1b|FULL|NULL|NULL|LONG|NULL|NULL|[('o001', 'OBSERVATION')]|NULL|NULL|NULL|F|F|NULL|NULL|NULL|OFF|NULL|NULL|NULL|NULL|1|18|NONE
jw01257001001_0213t_00002_mirifulong_uncal.fits|V01257001001P000000000213T|1257|1|1|01257001001|2|PRIME_TARGETED_FIXED|1|3T|2|MIR_MRS|288|273|MIRI|MIRIFULONG|34|1|HH211|HH211|FIXED|MIRI Medium Resolution Spectroscopy|SCIENCE|274|1|3|2|21|NULL|NULL|NULL|1|4-POINT|NULL|4|NULL|NULL|2|NULL|MIRIFU_CHANNEL1A|2026_1b|FULL|NULL|NULL|LONG|NULL|NULL|[('o001', 'OBSERVATION')]|NULL|NULL|NULL|F|F|NULL|NULL|NULL|OFF|NULL|NULL|NULL|NULL|1|18|NONE
jw01257001001_0213t_00002_mirifushort_uncal.fits|V01257001001P000000000213T|1257|1|1|01257001001|2|PRIME_TARGETED_FIXED|1|3T|2|MIR_MRS|288|273|MIRI|MIRIFUSHORT|12|1|HH211|HH211|FIXED|MIRI Medium Resolution Spectroscopy|SCIENCE|274|1|3|2|21|NULL|NULL|NULL|1|4-POINT|NULL|4|NULL|NULL|2|NULL|MIRIFU_CHANNEL1A|2026_1b|FULL|NULL|NULL|LONG|NULL|NULL|[('o001', 'OBSERVATION')]|NULL|NULL|NULL|F|F|NULL|NULL|NULL|OFF|NULL|NULL|NULL|NULL|1|18|NONE
jw01257001001_0213t_00003_mirifulong_uncal.fits|V01257001001P000000000213T|1257|1|1|01257001001|2|PRIME_TARGETED_FIXED|1|3T|3|MIR_MRS|288|273|MIRI|MIRIFULONG|34|1|HH211|HH211|FIXED|MIRI Medium Resolution Spectroscopy|SCIENCE|275|1|3|3|21|NULL|NULL|NULL|1|4-POINT|NULL|4|NULL|NULL|3|NULL|MIRIFU_CHANNEL1A|2026_1b|FULL|NULL|NULL|LONG|NULL|NULL|[('o001', 'OBSERVATION')]|NULL|NULL|NULL|F|F|NULL|NULL|NULL|OFF|NULL|NULL|NULL|NULL|1|18|NONE
jw01257001001_0213t_00003_mirifushort_uncal.fits|V01257001001P000000000213T|1257|1|1|01257001001|2|PRIME_TARGETED_FIXED|1|3T|3|MIR_MRS|288|273|MIRI|MIRIFUSHORT|12|1|HH211|HH211|FIXED|MIRI Medium Resolution Spectroscopy|SCIENCE|275|1|3|3|21|NULL|NULL|NULL|1|4-POINT|NULL|4|NULL|NULL|3|NULL|MIRIFU_CHANNEL1A|2026_1b|FULL|NULL|NULL|LONG|NULL|NULL|[('o001', 'OBSERVATION')]|NULL|NULL|NULL|F|F|NULL|NULL|NULL|OFF|NULL|NULL|NULL|NULL|1|18|NONE
jw01257001001_0213t_00004_mirifulong_uncal.fits|V01257001001P000000000213T|1257|1|1|01257001001|2|PRIME_TARGETED_FIXED|1|3T|4|MIR_MRS|288|273|MIRI|MIRIFULONG|34|1|HH211|HH211|FIXED|MIRI Medium Resolution Spectroscopy|SCIENCE|276|1|3|4|21|NULL|NULL|NULL|1|4-POINT|NULL|4|NULL|NULL|4|NULL|MIRIFU_CHANNEL1A|2026_1b|FULL|NULL|NULL|LONG|NULL|NULL|[('o001', 'OBSERVATION')]|NULL|NULL|NULL|F|F|NULL|NULL|NULL|OFF|NULL|NULL|NULL|NULL|1|18|NONE
jw01257001001_0213t_00004_mirifushort_uncal.fits|V01257001001P000000000213T|1257|1|1|01257001001|2|PRIME_TARGETED_FIXED|1|3T|4|MIR_MRS|288|273|MIRI|MIRIFUSHORT|12|1|HH211|HH211|FIXED|MIRI Medium Resolution Spectroscopy|SCIENCE|276|1|3|4|21|NULL|NULL|NULL|1|4-POINT|NULL|4|NULL|NULL|4|NULL|MIRIFU_CHANNEL1A|2026_1b|FULL|NULL|NULL|LONG|NULL|NULL|[('o001', 'OBSERVATION')]|NULL|NULL|NULL|F|F|NULL|NULL|NULL|OFF|NULL|NULL|NULL|NULL|1|18|NONE
jw01257001001_0213v_00001_mirifulong_uncal.fits|V01257001001P000000000213V|1257|1|1|01257001001|2|PRIME_TARGETED_FIXED|1|3V|1|MIR_MRS|288|277|MIRI|MIRIFULONG|34|1|HH211|HH211|FIXED|MIRI Medium Resolution Spectroscopy|SCIENCE|277|1|3|1|22|NULL|NULL|NULL|1|4-POINT|NULL|4|NULL|NULL|1|NULL|MIRIFU_CHANNEL1A|2026_1b|FULL|NULL|NULL|LONG|NULL|NULL|[('o001', 'OBSERVATION')]|NULL|NULL|NULL|F|F|NULL|NULL|NULL|OFF|NULL|NULL|NULL|NULL|1|18|NONE
jw01257001001_0213v_00001_mirifushort_uncal.fits|V01257001001P000000000213V|1257|1|1|01257001001|2|PRIME_TARGETED_FIXED|1|3V|1|MIR_MRS|288|277|MIRI|MIRIFUSHORT|12|1|HH211|HH211|FIXED|MIRI Medium Resolution Spectroscopy|SCIENCE|277|1|3|1|22|NULL|NULL|NULL|1|4-POINT|NULL|4|NULL|NULL|1|NULL|MIRIFU_CHANNEL1A|2026_1b|FULL|NULL|NULL|LONG|NULL|NULL|[('o001', 'OBSERVATION')]|NULL|NULL|NULL|F|F|NULL|NULL|NULL|OFF|NULL|NULL|NULL|NULL|1|18|NONE
jw01257001001_0213v_00002_mirifulong_uncal.fits|V01257001001P000000000213V|1257|1|1|01257001001|2|PRIME_TARGETED_FIXED|1|3V|2|MIR_MRS|288|277|MIRI|MIRIFULONG|34|1|HH211|HH211|FIXED|MIRI Medium Resolution Spectroscopy|SCIENCE|278|1|3|2|22|NULL|NULL|NULL|1|4-POINT|NULL|4|NULL|NULL|2|NULL|MIRIFU_CHANNEL1A|2026_1b|FULL|NULL|NULL|LONG|NULL|NULL|[('o001', 'OBSERVATION')]|NULL|NULL|NULL|F|F|NULL|NULL|NULL|OFF|NULL|NULL|NULL|NULL|1|18|NONE
jw01257001001_0213v_00002_mirifushort_uncal.fits|V01257001001P000000000213V|1257|1|1|01257001001|2|PRIME_TARGETED_FIXED|1|3V|2|MIR_MRS|288|277|MIRI|MIRIFUSHORT|12|1|HH211|HH211|FIXED|MIRI Medium Resolution Spectroscopy|SCIENCE|278|1|3|2|22|NULL|NULL|NULL|1|4-POINT|NULL|4|NULL|NULL|2|NULL|MIRIFU_CHANNEL1A|2026_1b|FULL|NULL|NULL|LONG|NULL|NULL|[('o001', 'OBSERVATION')]|NULL|NULL|NULL|F|F|NULL|NULL|NULL|OFF|NULL|NULL|NULL|NULL|1|18|NONE
jw01257001001_0213v_00003_mirifulong_uncal.fits|V01257001001P000000000213V|1257|1|1|01257001001|2|PRIME_TARGETED_FIXED|1|3V|3|MIR_MRS|288|277|MIRI|MIRIFULONG|34|1|HH211|HH211|FIXED|MIRI Medium Resolution Spectroscopy|SCIENCE|279|1|3|3|22|NULL|NULL|NULL|1|4-POINT|NULL|4|NULL|NULL|3|NULL|MIRIFU_CHANNEL1A|2026_1b|FULL|NULL|NULL|LONG|NULL|NULL|[('o001', 'OBSERVATION')]|NULL|NULL|NULL|F|F|NULL|NULL|NULL|OFF|NULL|NULL|NULL|NULL|1|18|NONE
jw01257001001_0213v_00003_mirifushort_uncal.fits|V01257001001P000000000213V|1257|1|1|01257001001|2|PRIME_TARGETED_FIXED|1|3V|3|MIR_MRS|288|277|MIRI|MIRIFUSHORT|12|1|HH211|HH211|FIXED|MIRI Medium Resolution Spectroscopy|SCIENCE|279|1|3|3|22|NULL|NULL|NULL|1|4-POINT|NULL|4|NULL|NULL|3|NULL|MIRIFU_CHANNEL1A|2026_1b|FULL|NULL|NULL|LONG|NULL|NULL|[('o001', 'OBSERVATION')]|NULL|NULL|NULL|F|F|NULL|NULL|NULL|OFF|NULL|NULL|NULL|NULL|1|18|NONE
jw01257001001_0213v_00004_mirifulong_uncal.fits|V01257001001P000000000213V|1257|1|1|01257001001|2|PRIME_TARGETED_FIXED|1|3V|4|MIR_MRS|288|277|MIRI|MIRIFULONG|34|1|HH211|HH211|FIXED|MIRI Medium Resolution Spectroscopy|SCIENCE|280|1|3|4|22|NULL|NULL|NULL|1|4-POINT|NULL|4|NULL|NULL|4|NULL|MIRIFU_CHANNEL1A|2026_1b|FULL|NULL|NULL|LONG|NULL|NULL|[('o001', 'OBSERVATION')]|NULL|NULL|NULL|F|F|NULL|NULL|NULL|OFF|NULL|NULL|NULL|NULL|1|18|NONE
jw01257001001_0213v_00004_mirifushort_uncal.fits|V01257001001P000000000213V|1257|1|1|01257001001|2|PRIME_TARGETED_FIXED|1|3V|4|MIR_MRS|288|277|MIRI|MIRIFUSHORT|12|1|HH211|HH211|FIXED|MIRI Medium Resolution Spectroscopy|SCIENCE|280|1|3|4|22|NULL|NULL|NULL|1|4-POINT|NULL|4|NULL|NULL|4|NULL|MIRIFU_CHANNEL1A|2026_1b|FULL|NULL|NULL|LONG|NULL|NULL|[('o001', 'OBSERVATION')]|NULL|NULL|NULL|F|F|NULL|NULL|NULL|OFF|NULL|NULL|NULL|NULL|1|18|NONE
jw01257001001_0213x_00001_mirifulong_uncal.fits|V01257001001P000000000213X|1257|1|1|01257001001|2|PRIME_TARGETED_FIXED|1|3X|1|MIR_MRS|288|281|MIRI|MIRIFULONG|34|1|HH211|HH211|FIXED|MIRI Medium Resolution Spectroscopy|SCIENCE|281|1|3|1|23|NULL|NULL|NULL|1|4-POINT|NULL|4|NULL|NULL|1|NULL|MIRIFU_CHANNEL1A|2026_1b|FULL|NULL|NULL|LONG|NULL|NULL|[('o001', 'OBSERVATION')]|NULL|NULL|NULL|F|F|NULL|NULL|NULL|OFF|NULL|NULL|NULL|NULL|1|18|NONE
jw01257001001_0213x_00001_mirifushort_uncal.fits|V01257001001P000000000213X|1257|1|1|01257001001|2|PRIME_TARGETED_FIXED|1|3X|1|MIR_MRS|288|281|MIRI|MIRIFUSHORT|12|1|HH211|HH211|FIXED|MIRI Medium Resolution Spectroscopy|SCIENCE|281|1|3|1|23|NULL|NULL|NULL|1|4-POINT|NULL|4|NULL|NULL|1|NULL|MIRIFU_CHANNEL1A|2026_1b|FULL|NULL|NULL|LONG|NULL|NULL|[('o001', 'OBSERVATION')]|NULL|NULL|NULL|F|F|NULL|NULL|NULL|OFF|NULL|NULL|NULL|NULL|1|18|NONE
jw01257001001_0213x_00002_mirifulong_uncal.fits|V01257001001P000000000213X|1257|1|1|01257001001|2|PRIME_TARGETED_FIXED|1|3X|2|MIR_MRS|288|281|MIRI|MIRIFULONG|34|1|HH211|HH211|FIXED|MIRI Medium Resolution Spectroscopy|SCIENCE|282|1|3|2|23|NULL|NULL|NULL|1|4-POINT|NULL|4|NULL|NULL|2|NULL|MIRIFU_CHANNEL1A|2026_1b|FULL|NULL|NULL|LONG|NULL|NULL|[('o001', 'OBSERVATION')]|NULL|NULL|NULL|F|F|NULL|NULL|NULL|OFF|NULL|NULL|NULL|NULL|1|18|NONE
jw01257001001_0213x_00002_mirifushort_uncal.fits|V01257001001P000000000213X|1257|1|1|01257001001|2|PRIME_TARGETED_FIXED|1|3X|2|MIR_MRS|288|281|MIRI|MIRIFUSHORT|12|1|HH211|HH211|FIXED|MIRI Medium Resolution Spectroscopy|SCIENCE|282|1|3|2|23|NULL|NULL|NULL|1|4-POINT|NULL|4|NULL|NULL|2|NULL|MIRIFU_CHANNEL1A|2026_1b|FULL|NULL|NULL|LONG|NULL|NULL|[('o001', 'OBSERVATION')]|NULL|NULL|NULL|F|F|NULL|NULL|NULL|OFF|NULL|NULL|NULL|NULL|1|18|NONE
jw01257001001_0213x_00003_mirifulong_uncal.fits|V01257001001P000000000213X|1257|1|1|01257001001|2|PRIME_TARGETED_FIXED|1|3X|3|MIR_MRS|288|281|MIRI|MIRIFULONG|34|1|HH211|HH211|FIXED|MIRI Medium Resolution Spectroscopy|SCIENCE|283|1|3|3|23|NULL|NULL|NULL|1|4-POINT|NULL|4|NULL|NULL|3|NULL|MIRIFU_CHANNEL1A|2026_1b|FULL|NULL|NULL|LONG|NULL|NULL|[('o001', 'OBSERVATION')]|NULL|NULL|NULL|F|F|NULL|NULL|NULL|OFF|NULL|NULL|NULL|NULL|1|18|NONE
jw01257001001_0213x_00003_mirifushort_uncal.fits|V01257001001P000000000213X|1257|1|1|01257001001|2|PRIME_TARGETED_FIXED|1|3X|3|MIR_MRS|288|281|MIRI|MIRIFUSHORT|12|1|HH211|HH211|FIXED|MIRI Medium Resolution Spectroscopy|SCIENCE|283|1|3|3|23|NULL|NULL|NULL|1|4-POINT|NULL|4|NULL|NULL|3|NULL|MIRIFU_CHANNEL1A|2026_1b|FULL|NULL|NULL|LONG|NULL|NULL|[('o001', 'OBSERVATION')]|NULL|NULL|NULL|F|F|NULL|NULL|NULL|OFF|NULL|NULL|NULL|NULL|1|18|NONE
jw01257001001_0213x_00004_mirifulong_uncal.fits|V01257001001P000000000213X|1257|1|1|01257001001|2|PRIME_TARGETED_FIXED|1|3X|4|MIR_MRS|288|281|MIRI|MIRIFULONG|34|1|HH211|HH211|FIXED|MIRI Medium Resolution Spectroscopy|SCIENCE|284|1|3|4|23|NULL|NULL|NULL|1|4-POINT|NULL|4|NULL|NULL|4|NULL|MIRIFU_CHANNEL1A|2026_1b|FULL|NULL|NULL|LONG|NULL|NULL|[('o001', 'OBSERVATION')]|NULL|NULL|NULL|F|F|NULL|NULL|NULL|OFF|NULL|NULL|NULL|NULL|1|18|NONE
jw01257001001_0213x_00004_mirifushort_uncal.fits|V01257001001P000000000213X|1257|1|1|01257001001|2|PRIME_TARGETED_FIXED|1|3X|4|MIR_MRS|288|281|MIRI|MIRIFUSHORT|12|1|HH211|HH211|FIXED|MIRI Medium Resolution Spectroscopy|SCIENCE|284|1|3|4|23|NULL|NULL|NULL|1|4-POINT|NULL|4|NULL|NULL|4|NULL|MIRIFU_CHANNEL1A|2026_1b|FULL|NULL|NULL|LONG|NULL|NULL|[('o001', 'OBSERVATION')]|NULL|NULL|NULL|F|F|NULL|NULL|NULL|OFF|NULL|NULL|NULL|NULL|1|18|NONE
jw01257001001_0213z_00001_mirifulong_uncal.fits|V01257001001P000000000213Z|1257|1|1|01257001001|2|PRIME_TARGETED_FIXED|1|3Z|1|MIR_MRS|288|285|MIRI|MIRIFULONG|34|1|HH211|HH211|FIXED|MIRI Medium Resolution Spectroscopy|SCIENCE|285|1|3|1|24|NULL|NULL|NULL|1|4-POINT|NULL|4|NULL|NULL|1|NULL|MIRIFU_CHANNEL1A|2026_1b|FULL|NULL|NULL|LONG|NULL|NULL|[('o001', 'OBSERVATION')]|NULL|NULL|NULL|F|F|NULL|NULL|NULL|OFF|NULL|NULL|NULL|NULL|1|18|NONE
jw01257001001_0213z_00001_mirifushort_uncal.fits|V01257001001P000000000213Z|1257|1|1|01257001001|2|PRIME_TARGETED_FIXED|1|3Z|1|MIR_MRS|288|285|MIRI|MIRIFUSHORT|12|1|HH211|HH211|FIXED|MIRI Medium Resolution Spectroscopy|SCIENCE|285|1|3|1|24|NULL|NULL|NULL|1|4-POINT|NULL|4|NULL|NULL|1|NULL|MIRIFU_CHANNEL1A|2026_1b|FULL|NULL|NULL|LONG|NULL|NULL|[('o001', 'OBSERVATION')]|NULL|NULL|NULL|F|F|NULL|NULL|NULL|OFF|NULL|NULL|NULL|NULL|1|18|NONE
jw01257001001_0213z_00002_mirifulong_uncal.fits|V01257001001P000000000213Z|1257|1|1|01257001001|2|PRIME_TARGETED_FIXED|1|3Z|2|MIR_MRS|288|285|MIRI|MIRIFULONG|34|1|HH211|HH211|FIXED|MIRI Medium Resolution Spectroscopy|SCIENCE|286|1|3|2|24|NULL|NULL|NULL|1|4-POINT|NULL|4|NULL|NULL|2|NULL|MIRIFU_CHANNEL1A|2026_1b|FULL|NULL|NULL|LONG|NULL|NULL|[('o001', 'OBSERVATION')]|NULL|NULL|NULL|F|F|NULL|NULL|NULL|OFF|NULL|NULL|NULL|NULL|1|18|NONE
jw01257001001_0213z_00002_mirifushort_uncal.fits|V01257001001P000000000213Z|1257|1|1|01257001001|2|PRIME_TARGETED_FIXED|1|3Z|2|MIR_MRS|288|285|MIRI|MIRIFUSHORT|12|1|HH211|HH211|FIXED|MIRI Medium Resolution Spectroscopy|SCIENCE|286|1|3|2|24|NULL|NULL|NULL|1|4-POINT|NULL|4|NULL|NULL|2|NULL|MIRIFU_CHANNEL1A|2026_1b|FULL|NULL|NULL|LONG|NULL|NULL|[('o001', 'OBSERVATION')]|NULL|NULL|NULL|F|F|NULL|NULL|NULL|OFF|NULL|NULL|NULL|NULL|1|18|NONE
jw01257001001_0213z_00003_mirifulong_uncal.fits|V01257001001P000000000213Z|1257|1|1|01257001001|2|PRIME_TARGETED_FIXED|1|3Z|3|MIR_MRS|288|285|MIRI|MIRIFULONG|34|1|HH211|HH211|FIXED|MIRI Medium Resolution Spectroscopy|SCIENCE|287|1|3|3|24|NULL|NULL|NULL|1|4-POINT|NULL|4|NULL|NULL|3|NULL|MIRIFU_CHANNEL1A|2026_1b|FULL|NULL|NULL|LONG|NULL|NULL|[('o001', 'OBSERVATION')]|NULL|NULL|NULL|F|F|NULL|NULL|NULL|OFF|NULL|NULL|NULL|NULL|1|18|NONE
jw01257001001_0213z_00003_mirifushort_uncal.fits|V01257001001P000000000213Z|1257|1|1|01257001001|2|PRIME_TARGETED_FIXED|1|3Z|3|MIR_MRS|288|285|MIRI|MIRIFUSHORT|12|1|HH211|HH211|FIXED|MIRI Medium Resolution Spectroscopy|SCIENCE|287|1|3|3|24|NULL|NULL|NULL|1|4-POINT|NULL|4|NULL|NULL|3|NULL|MIRIFU_CHANNEL1A|2026_1b|FULL|NULL|NULL|LONG|NULL|NULL|[('o001', 'OBSERVATION')]|NULL|NULL|NULL|F|F|NULL|NULL|NULL|OFF|NULL|NULL|NULL|NULL|1|18|NONE
jw01257001001_0213z_00004_mirifulong_uncal.fits|V01257001001P000000000213Z|1257|1|1|01257001001|2|PRIME_TARGETED_FIXED|1|3Z|4|MIR_MRS|288|285|MIRI|MIRIFULONG|34|1|HH211|HH211|FIXED|MIRI Medium Resolution Spectroscopy|SCIENCE|288|1|3|4|24|NULL|NULL|NULL|1|4-POINT|NULL|4|NULL|NULL|4|NULL|MIRIFU_CHANNEL1A|2026_1b|FULL|NULL|NULL|LONG|NULL|NULL|[('o001', 'OBSERVATION')]|NULL|NULL|NULL|F|F|NULL|NULL|NULL|OFF|NULL|NULL|NULL|NULL|1|18|NONE
jw01257001001_0213z_00004_mirifushort_uncal.fits|V01257001001P000000000213Z|1257|1|1|01257001001|2|PRIME_TARGETED_FIXED|1|3Z|4|MIR_MRS|288|285|MIRI|MIRIFUSHORT|12|1|HH211|HH211|FIXED|MIRI Medium Resolution Spectroscopy|SCIENCE|288|1|3|4|24|NULL|NULL|NULL|1|4-POINT|NULL|4|NULL|NULL|4|NULL|MIRIFU_CHANNEL1A|2026_1b|FULL|NULL|NULL|LONG|NULL|NULL|[('o001', 'OBSERVATION')]|NULL|NULL|NULL|F|F|NULL|NULL|NULL|OFF|NULL|NULL|NULL|NULL|1|18|NONE
jw01257002001_02101_00001_mirifulong_uncal.fits|V01257002001P0000000002101|1257|2|1|01257002001|2|PRIME_TARGETED_FIXED|1|01|1|MIR_MRS|6|1|MIRI|MIRIFULONG|34|2|HH211-BACKGROUND|HH211 background|FIXED|MIRI Medium Resolution Spectroscopy|SCIENCE|1|1|1|1|1|NULL|NULL|NULL|1|2-POINT|NULL|2|NULL|NULL|1|NULL|MIRIFU_CHANNEL1A|2026_1b|FULL|NULL|NULL|SHORT|NULL|NULL|[('o002', 'OBSERVATION')]|NULL|NULL|NULL|F|F|NULL|NULL|NULL|OFF|NULL|NULL|NULL|NULL|1|18|NONE
jw01257002001_02101_00001_mirifushort_uncal.fits|V01257002001P0000000002101|1257|2|1|01257002001|2|PRIME_TARGETED_FIXED|1|01|1|MIR_MRS|6|1|MIRI|MIRIFUSHORT|12|2|HH211-BACKGROUND|HH211 background|FIXED|MIRI Medium Resolution Spectroscopy|SCIENCE|1|1|1|1|1|NULL|NULL|NULL|1|2-POINT|NULL|2|NULL|NULL|1|NULL|MIRIFU_CHANNEL1A|2026_1b|FULL|NULL|NULL|SHORT|NULL|NULL|[('o002', 'OBSERVATION')]|NULL|NULL|NULL|F|F|NULL|NULL|NULL|OFF|NULL|NULL|NULL|NULL|1|18|NONE
jw01257002001_02101_00002_mirifulong_uncal.fits|V01257002001P0000000002101|1257|2|1|01257002001|2|PRIME_TARGETED_FIXED|1|01|2|MIR_MRS|6|1|MIRI|MIRIFULONG|34|2|HH211-BACKGROUND|HH211 background|FIXED|MIRI Medium Resolution Spectroscopy|SCIENCE|2|1|1|2|1|NULL|NULL|NULL|1|2-POINT|NULL|2|NULL|NULL|2|NULL|MIRIFU_CHANNEL1A|2026_1b|FULL|NULL|NULL|SHORT|NULL|NULL|[('o002', 'OBSERVATION')]|NULL|NULL|NULL|F|F|NULL|NULL|NULL|OFF|NULL|NULL|NULL|NULL|1|18|NONE
jw01257002001_02101_00002_mirifushort_uncal.fits|V01257002001P0000000002101|1257|2|1|01257002001|2|PRIME_TARGETED_FIXED|1|01|2|MIR_MRS|6|1|MIRI|MIRIFUSHORT|12|2|HH211-BACKGROUND|HH211 background|FIXED|MIRI Medium Resolution Spectroscopy|SCIENCE|2|1|1|2|1|NULL|NULL|NULL|1|2-POINT|NULL|2|NULL|NULL|2|NULL|MIRIFU_CHANNEL1A|2026_1b|FULL|NULL|NULL|SHORT|NULL|NULL|[('o002', 'OBSERVATION')]|NULL|NULL|NULL|F|F|NULL|NULL|NULL|OFF|NULL|NULL|NULL|NULL|1|18|NONE
jw01257002001_02103_00001_mirifulong_uncal.fits|V01257002001P0000000002103|1257|2|1|01257002001|2|PRIME_TARGETED_FIXED|1|03|1|MIR_MRS|6|3|MIRI|MIRIFULONG|34|2|HH211-BACKGROUND|HH211 background|FIXED|MIRI Medium Resolution Spectroscopy|SCIENCE|3|1|2|1|1|NULL|NULL|NULL|1|2-POINT|NULL|2|NULL|NULL|1|NULL|MIRIFU_CHANNEL1A|2026_1b|FULL|NULL|NULL|MEDIUM|NULL|NULL|[('o002', 'OBSERVATION')]|NULL|NULL|NULL|F|F|NULL|NULL|NULL|OFF|NULL|NULL|NULL|NULL|1|18|NONE
jw01257002001_02103_00001_mirifushort_uncal.fits|V01257002001P0000000002103|1257|2|1|01257002001|2|PRIME_TARGETED_FIXED|1|03|1|MIR_MRS|6|3|MIRI|MIRIFUSHORT|12|2|HH211-BACKGROUND|HH211 background|FIXED|MIRI Medium Resolution Spectroscopy|SCIENCE|3|1|2|1|1|NULL|NULL|NULL|1|2-POINT|NULL|2|NULL|NULL|1|NULL|MIRIFU_CHANNEL1A|2026_1b|FULL|NULL|NULL|MEDIUM|NULL|NULL|[('o002', 'OBSERVATION')]|NULL|NULL|NULL|F|F|NULL|NULL|NULL|OFF|NULL|NULL|NULL|NULL|1|18|NONE
jw01257002001_02103_00002_mirifulong_uncal.fits|V01257002001P0000000002103|1257|2|1|01257002001|2|PRIME_TARGETED_FIXED|1|03|2|MIR_MRS|6|3|MIRI|MIRIFULONG|34|2|HH211-BACKGROUND|HH211 background|FIXED|MIRI Medium Resolution Spectroscopy|SCIENCE|4|1|2|2|1|NULL|NULL|NULL|1|2-POINT|NULL|2|NULL|NULL|2|NULL|MIRIFU_CHANNEL1A|2026_1b|FULL|NULL|NULL|MEDIUM|NULL|NULL|[('o002', 'OBSERVATION')]|NULL|NULL|NULL|F|F|NULL|NULL|NULL|OFF|NULL|NULL|NULL|NULL|1|18|NONE
jw01257002001_02103_00002_mirifushort_uncal.fits|V01257002001P0000000002103|1257|2|1|01257002001|2|PRIME_TARGETED_FIXED|1|03|2|MIR_MRS|6|3|MIRI|MIRIFUSHORT|12|2|HH211-BACKGROUND|HH211 background|FIXED|MIRI Medium Resolution Spectroscopy|SCIENCE|4|1|2|2|1|NULL|NULL|NULL|1|2-POINT|NULL|2|NULL|NULL|2|NULL|MIRIFU_CHANNEL1A|2026_1b|FULL|NULL|NULL|MEDIUM|NULL|NULL|[('o002', 'OBSERVATION')]|NULL|NULL|NULL|F|F|NULL|NULL|NULL|OFF|NULL|NULL|NULL|NULL|1|18|NONE
jw01257002001_02105_00001_mirifulong_uncal.fits|V01257002001P0000000002105|1257|2|1|01257002001|2|PRIME_TARGETED_FIXED|1|05|1|MIR_MRS|6|5|MIRI|MIRIFULONG|34|2|HH211-BACKGROUND|HH211 background|FIXED|MIRI Medium Resolution Spectroscopy|SCIENCE|5|1|3|1|1|NULL|NULL|NULL|1|2-POINT|NULL|2|NULL|NULL|1|NULL|MIRIFU_CHANNEL1A|2026_1b|FULL|NULL|NULL|LONG|NULL|NULL|[('o002', 'OBSERVATION')]|NULL|NULL|NULL|F|F|NULL|NULL|NULL|OFF|NULL|NULL|NULL|NULL|1|18|NONE
jw01257002001_02105_00001_mirifushort_uncal.fits|V01257002001P0000000002105|1257|2|1|01257002001|2|PRIME_TARGETED_FIXED|1|05|1|MIR_MRS|6|5|MIRI|MIRIFUSHORT|12|2|HH211-BACKGROUND|HH211 background|FIXED|MIRI Medium Resolution Spectroscopy|SCIENCE|5|1|3|1|1|NULL|NULL|NULL|1|2-POINT|NULL|2|NULL|NULL|1|NULL|MIRIFU_CHANNEL1A|2026_1b|FULL|NULL|NULL|LONG|NULL|NULL|[('o002', 'OBSERVATION')]|NULL|NULL|NULL|F|F|NULL|NULL|NULL|OFF|NULL|NULL|NULL|NULL|1|18|NONE
jw01257002001_02105_00002_mirifulong_uncal.fits|V01257002001P0000000002105|1257|2|1|01257002001|2|PRIME_TARGETED_FIXED|1|05|2|MIR_MRS|6|5|MIRI|MIRIFULONG|34|2|HH211-BACKGROUND|HH211 background|FIXED|MIRI Medium Resolution Spectroscopy|SCIENCE|6|1|3|2|1|NULL|NULL|NULL|1|2-POINT|NULL|2|NULL|NULL|2|NULL|MIRIFU_CHANNEL1A|2026_1b|FULL|NULL|NULL|LONG|NULL|NULL|[('o002', 'OBSERVATION')]|NULL|NULL|NULL|F|F|NULL|NULL|NULL|OFF|NULL|NULL|NULL|NULL|1|18|NONE
jw01257002001_02105_00002_mirifushort_uncal.fits|V01257002001P0000000002105|1257|2|1|01257002001|2|PRIME_TARGETED_FIXED|1|05|2|MIR_MRS|6|5|MIRI|MIRIFUSHORT|12|2|HH211-BACKGROUND|HH211 background|FIXED|MIRI Medium Resolution Spectroscopy|SCIENCE|6|1|3|2|1|NULL|NULL|NULL|1|2-POINT|NULL|2|NULL|NULL|2|NULL|MIRIFU_CHANNEL1A|2026_1b|FULL|NULL|NULL|LONG|NULL|NULL|[('o002', 'OBSERVATION')]|NULL|NULL|NULL|F|F|NULL|NULL|NULL|OFF|NULL|NULL|NULL|NULL|1|18|NONE
jw01257003001_02101_00001_nrca1_uncal.fits|V01257003001P0000000002101|1257|3|1|01257003001|2|PRIME_TARGETED_FIXED|1|01|1|NRC_IMAGE|20|1|NIRCAM|NRCA1|SHORT|5|HH211NIRCAM|NULL|FIXED|NIRCam Imaging|SCIENCE|1|1|1|1|1|A|F150W2|F164N|1|INTRAMODULEX|NULL|4|NULL|1|1|NULL|NRCA1_FULL|2026_1b|FULL|NULL|NULL|NULL|NULL|NULL|[('o003', 'OBSERVATION')]|NULL|NULL|NULL|F|F|NULL|NULL|NULL|NULL|NULL|NULL|NULL|NULL|1|8|NONE
jw01257003001_02101_00001_nrca2_uncal.fits|V01257003001P0000000002101|1257|3|1|01257003001|2|PRIME_TARGETED_FIXED|1|01|1|NRC_IMAGE|20|1|NIRCAM|NRCA2|SHORT|5|HH211NIRCAM|NULL|FIXED|NIRCam Imaging|SCIENCE|1|1|1|1|1|A|F150W2|F164N|1|INTRAMODULEX|NULL|4|NULL|1|1|NULL|NRCA2_FULL|2026_1b|FULL|NULL|NULL|NULL|NULL|NULL|[('o003', 'OBSERVATION')]|NULL|NULL|NULL|F|F|NULL|NULL|NULL|NULL|NULL|NULL|NULL|NULL|1|8|NONE
jw01257003001_02101_00001_nrca3_uncal.fits|V01257003001P0000000002101|1257|3|1|01257003001|2|PRIME_TARGETED_FIXED|1|01|1|NRC_IMAGE|20|1|NIRCAM|NRCA3|SHORT|5|HH211NIRCAM|NULL|FIXED|NIRCam Imaging|SCIENCE|1|1|1|1|1|A|F150W2|F164N|1|INTRAMODULEX|NULL|4|NULL|1|1|NULL|NRCA3_FULL|2026_1b|FULL|NULL|NULL|NULL|NULL|NULL|[('o003', 'OBSERVATION')]|NULL|NULL|NULL|F|F|NULL|NULL|NULL|NULL|NULL|NULL|NULL|NULL|1|8|NONE
jw01257003001_02101_00001_nrca4_uncal.fits|V01257003001P0000000002101|1257|3|1|01257003001|2|PRIME_TARGETED_FIXED|1|01|1|NRC_IMAGE|20|1|NIRCAM|NRCA4|SHORT|5|HH211NIRCAM|NULL|FIXED|NIRCam Imaging|SCIENCE|1|1|1|1|1|A|F150W2|F164N|1|INTRAMODULEX|NULL|4|NULL|1|1|NULL|NRCA4_FULL|2026_1b|FULL|NULL|NULL|NULL|NULL|NULL|[('o003', 'OBSERVATION')]|NULL|NULL|NULL|F|F|NULL|NULL|NULL|NULL|NULL|NULL|NULL|NULL|1|8|NONE
jw01257003001_02101_00001_nrcalong_uncal.fits|V01257003001P0000000002101|1257|3|1|01257003001|2|PRIME_TARGETED_FIXED|1|01|1|NRC_IMAGE|20|1|NIRCAM|NRCALONG|LONG|5|HH211NIRCAM|NULL|FIXED|NIRCam Imaging|SCIENCE|1|1|1|1|1|A|F444W|F466N|1|INTRAMODULEX|NULL|4|NULL|1|1|NULL|NRCA5_FULL|2026_1b|FULL|NULL|NULL|NULL|NULL|NULL|[('o003', 'OBSERVATION')]|NULL|NULL|NULL|F|F|NULL|NULL|NULL|NULL|NULL|NULL|NULL|NULL|1|8|NONE
jw01257003001_02101_00001_nrcb1_uncal.fits|V01257003001P0000000002101|1257|3|1|01257003001|2|PRIME_TARGETED_FIXED|1|01|1|NRC_IMAGE|20|1|NIRCAM|NRCB1|SHORT|5|HH211NIRCAM|NULL|FIXED|NIRCam Imaging|SCIENCE|1|1|1|1|1|B|F150W2|F164N|1|INTRAMODULEX|NULL|4|NULL|1|1|NULL|NRCB1_FULL|2026_1b|FULL|NULL|NULL|NULL|NULL|NULL|[('o003', 'OBSERVATION')]|NULL|NULL|NULL|F|F|NULL|NULL|NULL|NULL|NULL|NULL|NULL|NULL|1|8|NONE
jw01257003001_02101_00001_nrcb2_uncal.fits|V01257003001P0000000002101|1257|3|1|01257003001|2|PRIME_TARGETED_FIXED|1|01|1|NRC_IMAGE|20|1|NIRCAM|NRCB2|SHORT|5|HH211NIRCAM|NULL|FIXED|NIRCam Imaging|SCIENCE|1|1|1|1|1|B|F150W2|F164N|1|INTRAMODULEX|NULL|4|NULL|1|1|NULL|NRCB2_FULL|2026_1b|FULL|NULL|NULL|NULL|NULL|NULL|[('o003', 'OBSERVATION')]|NULL|NULL|NULL|F|F|NULL|NULL|NULL|NULL|NULL|NULL|NULL|NULL|1|8|NONE
jw01257003001_02101_00001_nrcb3_uncal.fits|V01257003001P0000000002101|1257|3|1|01257003001|2|PRIME_TARGETED_FIXED|1|01|1|NRC_IMAGE|20|1|NIRCAM|NRCB3|SHORT|5|HH211NIRCAM|NULL|FIXED|NIRCam Imaging|SCIENCE|1|1|1|1|1|B|F150W2|F164N|1|INTRAMODULEX|NULL|4|NULL|1|1|NULL|NRCB3_FULL|2026_1b|FULL|NULL|NULL|NULL|NULL|NULL|[('o003', 'OBSERVATION')]|NULL|NULL|NULL|F|F|NULL|NULL|NULL|NULL|NULL|NULL|NULL|NULL|1|8|NONE
jw01257003001_02101_00001_nrcb4_uncal.fits|V01257003001P0000000002101|1257|3|1|01257003001|2|PRIME_TARGETED_FIXED|1|01|1|NRC_IMAGE|20|1|NIRCAM|NRCB4|SHORT|5|HH211NIRCAM|NULL|FIXED|NIRCam Imaging|SCIENCE|1|1|1|1|1|B|F150W2|F164N|1|INTRAMODULEX|NULL|4|NULL|1|1|NULL|NRCB4_FULL|2026_1b|FULL|NULL|NULL|NULL|NULL|NULL|[('o003', 'OBSERVATION')]|NULL|NULL|NULL|F|F|NULL|NULL|NULL|NULL|NULL|NULL|NULL|NULL|1|8|NONE
jw01257003001_02101_00001_nrcblong_uncal.fits|V01257003001P0000000002101|1257|3|1|01257003001|2|PRIME_TARGETED_FIXED|1|01|1|NRC_IMAGE|20|1|NIRCAM|NRCBLONG|LONG|5|HH211NIRCAM|NULL|FIXED|NIRCam Imaging|SCIENCE|1|1|1|1|1|B|F444W|F466N|1|INTRAMODULEX|NULL|4|NULL|1|1|NULL|NRCB5_FULL|2026_1b|FULL|NULL|NULL|NULL|NULL|NULL|[('o003', 'OBSERVATION')]|NULL|NULL|NULL|F|F|NULL|NULL|NULL|NULL|NULL|NULL|NULL|NULL|1|8|NONE
jw01257003001_02101_00002_nrca1_uncal.fits|V01257003001P0000000002101|1257|3|1|01257003001|2|PRIME_TARGETED_FIXED|1|01|2|NRC_IMAGE|20|1|NIRCAM|NRCA1|SHORT|5|HH211NIRCAM|NULL|FIXED|NIRCam Imaging|SCIENCE|2|1|1|2|1|A|F150W2|F164N|1|INTRAMODULEX|NULL|4|NULL|1|2|NULL|NRCA1_FULL|2026_1b|FULL|NULL|NULL|NULL|NULL|NULL|[('o003', 'OBSERVATION')]|NULL|NULL|NULL|F|F|NULL|NULL|NULL|NULL|NULL|NULL|NULL|NULL|1|8|NONE
jw01257003001_02101_00002_nrca2_uncal.fits|V01257003001P0000000002101|1257|3|1|01257003001|2|PRIME_TARGETED_FIXED|1|01|2|NRC_IMAGE|20|1|NIRCAM|NRCA2|SHORT|5|HH211NIRCAM|NULL|FIXED|NIRCam Imaging|SCIENCE|2|1|1|2|1|A|F150W2|F164N|1|INTRAMODULEX|NULL|4|NULL|1|2|NULL|NRCA2_FULL|2026_1b|FULL|NULL|NULL|NULL|NULL|NULL|[('o003', 'OBSERVATION')]|NULL|NULL|NULL|F|F|NULL|NULL|NULL|NULL|NULL|NULL|NULL|NULL|1|8|NONE
jw01257003001_02101_00002_nrca3_uncal.fits|V01257003001P0000000002101|1257|3|1|01257003001|2|PRIME_TARGETED_FIXED|1|01|2|NRC_IMAGE|20|1|NIRCAM|NRCA3|SHORT|5|HH211NIRCAM|NULL|FIXED|NIRCam Imaging|SCIENCE|2|1|1|2|1|A|F150W2|F164N|1|INTRAMODULEX|NULL|4|NULL|1|2|NULL|NRCA3_FULL|2026_1b|FULL|NULL|NULL|NULL|NULL|NULL|[('o003', 'OBSERVATION')]|NULL|NULL|NULL|F|F|NULL|NULL|NULL|NULL|NULL|NULL|NULL|NULL|1|8|NONE
jw01257003001_02101_00002_nrca4_uncal.fits|V01257003001P0000000002101|1257|3|1|01257003001|2|PRIME_TARGETED_FIXED|1|01|2|NRC_IMAGE|20|1|NIRCAM|NRCA4|SHORT|5|HH211NIRCAM|NULL|FIXED|NIRCam Imaging|SCIENCE|2|1|1|2|1|A|F150W2|F164N|1|INTRAMODULEX|NULL|4|NULL|1|2|NULL|NRCA4_FULL|2026_1b|FULL|NULL|NULL|NULL|NULL|NULL|[('o003', 'OBSERVATION')]|NULL|NULL|NULL|F|F|NULL|NULL|NULL|NULL|NULL|NULL|NULL|NULL|1|8|NONE
jw01257003001_02101_00002_nrcalong_uncal.fits|V01257003001P0000000002101|1257|3|1|01257003001|2|PRIME_TARGETED_FIXED|1|01|2|NRC_IMAGE|20|1|NIRCAM|NRCALONG|LONG|5|HH211NIRCAM|NULL|FIXED|NIRCam Imaging|SCIENCE|2|1|1|2|1|A|F444W|F466N|1|INTRAMODULEX|NULL|4|NULL|1|2|NULL|NRCA5_FULL|2026_1b|FULL|NULL|NULL|NULL|NULL|NULL|[('o003', 'OBSERVATION')]|NULL|NULL|NULL|F|F|NULL|NULL|NULL|NULL|NULL|NULL|NULL|NULL|1|8|NONE
jw01257003001_02101_00002_nrcb1_uncal.fits|V01257003001P0000000002101|1257|3|1|01257003001|2|PRIME_TARGETED_FIXED|1|01|2|NRC_IMAGE|20|1|NIRCAM|NRCB1|SHORT|5|HH211NIRCAM|NULL|FIXED|NIRCam Imaging|SCIENCE|2|1|1|2|1|B|F150W2|F164N|1|INTRAMODULEX|NULL|4|NULL|1|2|NULL|NRCB1_FULL|2026_1b|FULL|NULL|NULL|NULL|NULL|NULL|[('o003', 'OBSERVATION')]|NULL|NULL|NULL|F|F|NULL|NULL|NULL|NULL|NULL|NULL|NULL|NULL|1|8|NONE
jw01257003001_02101_00002_nrcb2_uncal.fits|V01257003001P0000000002101|1257|3|1|01257003001|2|PRIME_TARGETED_FIXED|1|01|2|NRC_IMAGE|20|1|NIRCAM|NRCB2|SHORT|5|HH211NIRCAM|NULL|FIXED|NIRCam Imaging|SCIENCE|2|1|1|2|1|B|F150W2|F164N|1|INTRAMODULEX|NULL|4|NULL|1|2|NULL|NRCB2_FULL|2026_1b|FULL|NULL|NULL|NULL|NULL|NULL|[('o003', 'OBSERVATION')]|NULL|NULL|NULL|F|F|NULL|NULL|NULL|NULL|NULL|NULL|NULL|NULL|1|8|NONE
jw01257003001_02101_00002_nrcb3_uncal.fits|V01257003001P0000000002101|1257|3|1|01257003001|2|PRIME_TARGETED_FIXED|1|01|2|NRC_IMAGE|20|1|NIRCAM|NRCB3|SHORT|5|HH211NIRCAM|NULL|FIXED|NIRCam Imaging|SCIENCE|2|1|1|2|1|B|F150W2|F164N|1|INTRAMODULEX|NULL|4|NULL|1|2|NULL|NRCB3_FULL|2026_1b|FULL|NULL|NULL|NULL|NULL|NULL|[('o003', 'OBSERVATION')]|NULL|NULL|NULL|F|F|NULL|NULL|NULL|NULL|NULL|NULL|NULL|NULL|1|8|NONE
jw01257003001_02101_00002_nrcb4_uncal.fits|V01257003001P0000000002101|1257|3|1|01257003001|2|PRIME_TARGETED_FIXED|1|01|2|NRC_IMAGE|20|1|NIRCAM|NRCB4|SHORT|5|HH211NIRCAM|NULL|FIXED|NIRCam Imaging|SCIENCE|2|1|1|2|1|B|F150W2|F164N|1|INTRAMODULEX|NULL|4|NULL|1|2|NULL|NRCB4_FULL|2026_1b|FULL|NULL|NULL|NULL|NULL|NULL|[('o003', 'OBSERVATION')]|NULL|NULL|NULL|F|F|NULL|NULL|NULL|NULL|NULL|NULL|NULL|NULL|1|8|NONE
jw01257003001_02101_00002_nrcblong_uncal.fits|V01257003001P0000000002101|1257|3|1|01257003001|2|PRIME_TARGETED_FIXED|1|01|2|NRC_IMAGE|20|1|NIRCAM|NRCBLONG|LONG|5|HH211NIRCAM|NULL|FIXED|NIRCam Imaging|SCIENCE|2|1|1|2|1|B|F444W|F466N|1|INTRAMODULEX|NULL|4|NULL|1|2|NULL|NRCB5_FULL|2026_1b|FULL|NULL|NULL|NULL|NULL|NULL|[('o003', 'OBSERVATION')]|NULL|NULL|NULL|F|F|NULL|NULL|NULL|NULL|NULL|NULL|NULL|NULL|1|8|NONE
jw01257003001_02101_00003_nrca1_uncal.fits|V01257003001P0000000002101|1257|3|1|01257003001|2|PRIME_TARGETED_FIXED|1|01|3|NRC_IMAGE|20|1|NIRCAM|NRCA1|SHORT|5|HH211NIRCAM|NULL|FIXED|NIRCam Imaging|SCIENCE|3|1|1|3|1|A|F150W2|F164N|1|INTRAMODULEX|NULL|4|NULL|1|3|NULL|NRCA1_FULL|2026_1b|FULL|NULL|NULL|NULL|NULL|NULL|[('o003', 'OBSERVATION')]|NULL|NULL|NULL|F|F|NULL|NULL|NULL|NULL|NULL|NULL|NULL|NULL|1|8|NONE
jw01257003001_02101_00003_nrca2_uncal.fits|V01257003001P0000000002101|1257|3|1|01257003001|2|PRIME_TARGETED_FIXED|1|01|3|NRC_IMAGE|20|1|NIRCAM|NRCA2|SHORT|5|HH211NIRCAM|NULL|FIXED|NIRCam Imaging|SCIENCE|3|1|1|3|1|A|F150W2|F164N|1|INTRAMODULEX|NULL|4|NULL|1|3|NULL|NRCA2_FULL|2026_1b|FULL|NULL|NULL|NULL|NULL|NULL|[('o003', 'OBSERVATION')]|NULL|NULL|NULL|F|F|NULL|NULL|NULL|NULL|NULL|NULL|NULL|NULL|1|8|NONE
jw01257003001_02101_00003_nrca3_uncal.fits|V01257003001P0000000002101|1257|3|1|01257003001|2|PRIME_TARGETED_FIXED|1|01|3|NRC_IMAGE|20|1|NIRCAM|NRCA3|SHORT|5|HH211NIRCAM|NULL|FIXED|NIRCam Imaging|SCIENCE|3|1|1|3|1|A|F150W2|F164N|1|INTRAMODULEX|NULL|4|NULL|1|3|NULL|NRCA3_FULL|2026_1b|FULL|NULL|NULL|NULL|NULL|NULL|[('o003', 'OBSERVATION')]|NULL|NULL|NULL|F|F|NULL|NULL|NULL|NULL|NULL|NULL|NULL|NULL|1|8|NONE
jw01257003001_02101_00003_nrca4_uncal.fits|V01257003001P0000000002101|1257|3|1|01257003001|2|PRIME_TARGETED_FIXED|1|01|3|NRC_IMAGE|20|1|NIRCAM|NRCA4|SHORT|5|HH211NIRCAM|NULL|FIXED|NIRCam Imaging|SCIENCE|3|1|1|3|1|A|F150W2|F164N|1|INTRAMODULEX|NULL|4|NULL|1|3|NULL|NRCA4_FULL|2026_1b|FULL|NULL|NULL|NULL|NULL|NULL|[('o003', 'OBSERVATION')]|NULL|NULL|NULL|F|F|NULL|NULL|NULL|NULL|NULL|NULL|NULL|NULL|1|8|NONE
jw01257003001_02101_00003_nrcalong_uncal.fits|V01257003001P0000000002101|1257|3|1|01257003001|2|PRIME_TARGETED_FIXED|1|01|3|NRC_IMAGE|20|1|NIRCAM|NRCALONG|LONG|5|HH211NIRCAM|NULL|FIXED|NIRCam Imaging|SCIENCE|3|1|1|3|1|A|F444W|F466N|1|INTRAMODULEX|NULL|4|NULL|1|3|NULL|NRCA5_FULL|2026_1b|FULL|NULL|NULL|NULL|NULL|NULL|[('o003', 'OBSERVATION')]|NULL|NULL|NULL|F|F|NULL|NULL|NULL|NULL|NULL|NULL|NULL|NULL|1|8|NONE
jw01257003001_02101_00003_nrcb1_uncal.fits|V01257003001P0000000002101|1257|3|1|01257003001|2|PRIME_TARGETED_FIXED|1|01|3|NRC_IMAGE|20|1|NIRCAM|NRCB1|SHORT|5|HH211NIRCAM|NULL|FIXED|NIRCam Imaging|SCIENCE|3|1|1|3|1|B|F150W2|F164N|1|INTRAMODULEX|NULL|4|NULL|1|3|NULL|NRCB1_FULL|2026_1b|FULL|NULL|NULL|NULL|NULL|NULL|[('o003', 'OBSERVATION')]|NULL|NULL|NULL|F|F|NULL|NULL|NULL|NULL|NULL|NULL|NULL|NULL|1|8|NONE
jw01257003001_02101_00003_nrcb2_uncal.fits|V01257003001P0000000002101|1257|3|1|01257003001|2|PRIME_TARGETED_FIXED|1|01|3|NRC_IMAGE|20|1|NIRCAM|NRCB2|SHORT|5|HH211NIRCAM|NULL|FIXED|NIRCam Imaging|SCIENCE|3|1|1|3|1|B|F150W2|F164N|1|INTRAMODULEX|NULL|4|NULL|1|3|NULL|NRCB2_FULL|2026_1b|FULL|NULL|NULL|NULL|NULL|NULL|[('o003', 'OBSERVATION')]|NULL|NULL|NULL|F|F|NULL|NULL|NULL|NULL|NULL|NULL|NULL|NULL|1|8|NONE
jw01257003001_02101_00003_nrcb3_uncal.fits|V01257003001P0000000002101|1257|3|1|01257003001|2|PRIME_TARGETED_FIXED|1|01|3|NRC_IMAGE|20|1|NIRCAM|NRCB3|SHORT|5|HH211NIRCAM|NULL|FIXED|NIRCam Imaging|SCIENCE|3|1|1|3|1|B|F150W2|F164N|1|INTRAMODULEX|NULL|4|NULL|1|3|NULL|NRCB3_FULL|2026_1b|FULL|NULL|NULL|NULL|NULL|NULL|[('o003', 'OBSERVATION')]|NULL|NULL|NULL|F|F|NULL|NULL|NULL|NULL|NULL|NULL|NULL|NULL|1|8|NONE
jw01257003001_02101_00003_nrcb4_uncal.fits|V01257003001P0000000002101|1257|3|1|01257003001|2|PRIME_TARGETED_FIXED|1|01|3|NRC_IMAGE|20|1|NIRCAM|NRCB4|SHORT|5|HH211NIRCAM|NULL|FIXED|NIRCam Imaging|SCIENCE|3|1|1|3|1|B|F150W2|F164N|1|INTRAMODULEX|NULL|4|NULL|1|3|NULL|NRCB4_FULL|2026_1b|FULL|NULL|NULL|NULL|NULL|NULL|[('o003', 'OBSERVATION')]|NULL|NULL|NULL|F|F|NULL|NULL|NULL|NULL|NULL|NULL|NULL|NULL|1|8|NONE
jw01257003001_02101_00003_nrcblong_uncal.fits|V01257003001P0000000002101|1257|3|1|01257003001|2|PRIME_TARGETED_FIXED|1|01|3|NRC_IMAGE|20|1|NIRCAM|NRCBLONG|LONG|5|HH211NIRCAM|NULL|FIXED|NIRCam Imaging|SCIENCE|3|1|1|3|1|B|F444W|F466N|1|INTRAMODULEX|NULL|4|NULL|1|3|NULL|NRCB5_FULL|2026_1b|FULL|NULL|NULL|NULL|NULL|NULL|[('o003', 'OBSERVATION')]|NULL|NULL|NULL|F|F|NULL|NULL|NULL|NULL|NULL|NULL|NULL|NULL|1|8|NONE
jw01257003001_02101_00004_nrca1_uncal.fits|V01257003001P0000000002101|1257|3|1|01257003001|2|PRIME_TARGETED_FIXED|1|01|4|NRC_IMAGE|20|1|NIRCAM|NRCA1|SHORT|5|HH211NIRCAM|NULL|FIXED|NIRCam Imaging|SCIENCE|4|1|1|4|1|A|F150W2|F164N|1|INTRAMODULEX|NULL|4|NULL|1|4|NULL|NRCA1_FULL|2026_1b|FULL|NULL|NULL|NULL|NULL|NULL|[('o003', 'OBSERVATION')]|NULL|NULL|NULL|F|F|NULL|NULL|NULL|NULL|NULL|NULL|NULL|NULL|1|8|NONE
jw01257003001_02101_00004_nrca2_uncal.fits|V01257003001P0000000002101|1257|3|1|01257003001|2|PRIME_TARGETED_FIXED|1|01|4|NRC_IMAGE|20|1|NIRCAM|NRCA2|SHORT|5|HH211NIRCAM|NULL|FIXED|NIRCam Imaging|SCIENCE|4|1|1|4|1|A|F150W2|F164N|1|INTRAMODULEX|NULL|4|NULL|1|4|NULL|NRCA2_FULL|2026_1b|FULL|NULL|NULL|NULL|NULL|NULL|[('o003', 'OBSERVATION')]|NULL|NULL|NULL|F|F|NULL|NULL|NULL|NULL|NULL|NULL|NULL|NULL|1|8|NONE
jw01257003001_02101_00004_nrca3_uncal.fits|V01257003001P0000000002101|1257|3|1|01257003001|2|PRIME_TARGETED_FIXED|1|01|4|NRC_IMAGE|20|1|NIRCAM|NRCA3|SHORT|5|HH211NIRCAM|NULL|FIXED|NIRCam Imaging|SCIENCE|4|1|1|4|1|A|F150W2|F164N|1|INTRAMODULEX|NULL|4|NULL|1|4|NULL|NRCA3_FULL|2026_1b|FULL|NULL|NULL|NULL|NULL|NULL|[('o003', 'OBSERVATION')]|NULL|NULL|NULL|F|F|NULL|NULL|NULL|NULL|NULL|NULL|NULL|NULL|1|8|NONE
jw01257003001_02101_00004_nrca4_uncal.fits|V01257003001P0000000002101|1257|3|1|01257003001|2|PRIME_TARGETED_FIXED|1|01|4|NRC_IMAGE|20|1|NIRCAM|NRCA4|SHORT|5|HH211NIRCAM|NULL|FIXED|NIRCam Imaging|SCIENCE|4|1|1|4|1|A|F150W2|F164N|1|INTRAMODULEX|NULL|4|NULL|1|4|NULL|NRCA4_FULL|2026_1b|FULL|NULL|NULL|NULL|NULL|NULL|[('o003', 'OBSERVATION')]|NULL|NULL|NULL|F|F|NULL|NULL|NULL|NULL|NULL|NULL|NULL|NULL|1|8|NONE
jw01257003001_02101_00004_nrcalong_uncal.fits|V01257003001P0000000002101|1257|3|1|01257003001|2|PRIME_TARGETED_FIXED|1|01|4|NRC_IMAGE|20|1|NIRCAM|NRCALONG|LONG|5|HH211NIRCAM|NULL|FIXED|NIRCam Imaging|SCIENCE|4|1|1|4|1|A|F444W|F466N|1|INTRAMODULEX|NULL|4|NULL|1|4|NULL|NRCA5_FULL|2026_1b|FULL|NULL|NULL|NULL|NULL|NULL|[('o003', 'OBSERVATION')]|NULL|NULL|NULL|F|F|NULL|NULL|NULL|NULL|NULL|NULL|NULL|NULL|1|8|NONE
jw01257003001_02101_00004_nrcb1_uncal.fits|V01257003001P0000000002101|1257|3|1|01257003001|2|PRIME_TARGETED_FIXED|1|01|4|NRC_IMAGE|20|1|NIRCAM|NRCB1|SHORT|5|HH211NIRCAM|NULL|FIXED|NIRCam Imaging|SCIENCE|4|1|1|4|1|B|F150W2|F164N|1|INTRAMODULEX|NULL|4|NULL|1|4|NULL|NRCB1_FULL|2026_1b|FULL|NULL|NULL|NULL|NULL|NULL|[('o003', 'OBSERVATION')]|NULL|NULL|NULL|F|F|NULL|NULL|NULL|NULL|NULL|NULL|NULL|NULL|1|8|NONE
jw01257003001_02101_00004_nrcb2_uncal.fits|V01257003001P0000000002101|1257|3|1|01257003001|2|PRIME_TARGETED_FIXED|1|01|4|NRC_IMAGE|20|1|NIRCAM|NRCB2|SHORT|5|HH211NIRCAM|NULL|FIXED|NIRCam Imaging|SCIENCE|4|1|1|4|1|B|F150W2|F164N|1|INTRAMODULEX|NULL|4|NULL|1|4|NULL|NRCB2_FULL|2026_1b|FULL|NULL|NULL|NULL|NULL|NULL|[('o003', 'OBSERVATION')]|NULL|NULL|NULL|F|F|NULL|NULL|NULL|NULL|NULL|NULL|NULL|NULL|1|8|NONE
jw01257003001_02101_00004_nrcb3_uncal.fits|V01257003001P0000000002101|1257|3|1|01257003001|2|PRIME_TARGETED_FIXED|1|01|4|NRC_IMAGE|20|1|NIRCAM|NRCB3|SHORT|5|HH211NIRCAM|NULL|FIXED|NIRCam Imaging|SCIENCE|4|1|1|4|1|B|F150W2|F164N|1|INTRAMODULEX|NULL|4|NULL|1|4|NULL|NRCB3_FULL|2026_1b|FULL|NULL|NULL|NULL|NULL|NULL|[('o003', 'OBSERVATION')]|NULL|NULL|NULL|F|F|NULL|NULL|NULL|NULL|NULL|NULL|NULL|NULL|1|8|NONE
jw01257003001_02101_00004_nrcb4_uncal.fits|V01257003001P0000000002101|1257|3|1|01257003001|2|PRIME_TARGETED_FIXED|1|01|4|NRC_IMAGE|20|1|NIRCAM|NRCB4|SHORT|5|HH211NIRCAM|NULL|FIXED|NIRCam Imaging|SCIENCE|4|1|1|4|1|B|F150W2|F164N|1|INTRAMODULEX|NULL|4|NULL|1|4|NULL|NRCB4_FULL|2026_1b|FULL|NULL|NULL|NULL|NULL|NULL|[('o003', 'OBSERVATION')]|NULL|NULL|NULL|F|F|NULL|NULL|NULL|NULL|NULL|NULL|NULL|NULL|1|8|NONE
jw01257003001_02101_00004_nrcblong_uncal.fits|V01257003001P0000000002101|1257|3|1|01257003001|2|PRIME_TARGETED_FIXED|1|01|4|NRC_IMAGE|20|1|NIRCAM|NRCBLONG|LONG|5|HH211NIRCAM|NULL|FIXED|NIRCam Imaging|SCIENCE|4|1|1|4|1|B|F444W|F466N|1|INTRAMODULEX|NULL|4|NULL|1|4|NULL|NRCB5_FULL|2026_1b|FULL|NULL|NULL|NULL|NULL|NULL|[('o003', 'OBSERVATION')]|NULL|NULL|NULL|F|F|NULL|NULL|NULL|NULL|NULL|NULL|NULL|NULL|1|8|NONE
jw01257003001_02103_00001_nrca1_uncal.fits|V01257003001P0000000002103|1257|3|1|01257003001|2|PRIME_TARGETED_FIXED|1|03|1|NRC_IMAGE|20|5|NIRCAM|NRCA1|SHORT|5|HH211NIRCAM|NULL|FIXED|NIRCam Imaging|SCIENCE|5|1|2|1|1|A|F150W2|F164N|1|INTRAMODULEX|NULL|4|NULL|1|1|NULL|NRCA1_FULL|2026_1b|FULL|NULL|NULL|NULL|NULL|NULL|[('o003', 'OBSERVATION')]|NULL|NULL|NULL|F|F|NULL|NULL|NULL|NULL|NULL|NULL|NULL|NULL|1|8|NONE
jw01257003001_02103_00001_nrca2_uncal.fits|V01257003001P0000000002103|1257|3|1|01257003001|2|PRIME_TARGETED_FIXED|1|03|1|NRC_IMAGE|20|5|NIRCAM|NRCA2|SHORT|5|HH211NIRCAM|NULL|FIXED|NIRCam Imaging|SCIENCE|5|1|2|1|1|A|F150W2|F164N|1|INTRAMODULEX|NULL|4|NULL|1|1|NULL|NRCA2_FULL|2026_1b|FULL|NULL|NULL|NULL|NULL|NULL|[('o003', 'OBSERVATION')]|NULL|NULL|NULL|F|F|NULL|NULL|NULL|NULL|NULL|NULL|NULL|NULL|1|8|NONE
jw01257003001_02103_00001_nrca3_uncal.fits|V01257003001P0000000002103|1257|3|1|01257003001|2|PRIME_TARGETED_FIXED|1|03|1|NRC_IMAGE|20|5|NIRCAM|NRCA3|SHORT|5|HH211NIRCAM|NULL|FIXED|NIRCam Imaging|SCIENCE|5|1|2|1|1|A|F150W2|F164N|1|INTRAMODULEX|NULL|4|NULL|1|1|NULL|NRCA3_FULL|2026_1b|FULL|NULL|NULL|NULL|NULL|NULL|[('o003', 'OBSERVATION')]|NULL|NULL|NULL|F|F|NULL|NULL|NULL|NULL|NULL|NULL|NULL|NULL|1|8|NONE
jw01257003001_02103_00001_nrca4_uncal.fits|V01257003001P0000000002103|1257|3|1|01257003001|2|PRIME_TARGETED_FIXED|1|03|1|NRC_IMAGE|20|5|NIRCAM|NRCA4|SHORT|5|HH211NIRCAM|NULL|FIXED|NIRCam Imaging|SCIENCE|5|1|2|1|1|A|F150W2|F164N|1|INTRAMODULEX|NULL|4|NULL|1|1|NULL|NRCA4_FULL|2026_1b|FULL|NULL|NULL|NULL|NULL|NULL|[('o003', 'OBSERVATION')]|NULL|NULL|NULL|F|F|NULL|NULL|NULL|NULL|NULL|NULL|NULL|NULL|1|8|NONE
jw01257003001_02103_00001_nrcalong_uncal.fits|V01257003001P0000000002103|1257|3|1|01257003001|2|PRIME_TARGETED_FIXED|1|03|1|NRC_IMAGE|20|5|NIRCAM|NRCALONG|LONG|5|HH211NIRCAM|NULL|FIXED|NIRCam Imaging|SCIENCE|5|1|2|1|1|A|F444W|F470N|1|INTRAMODULEX|NULL|4|NULL|1|1|NULL|NRCA5_FULL|2026_1b|FULL|NULL|NULL|NULL|NULL|NULL|[('o003', 'OBSERVATION')]|NULL|NULL|NULL|F|F|NULL|NULL|NULL|NULL|NULL|NULL|NULL|NULL|1|8|NONE
jw01257003001_02103_00001_nrcb1_uncal.fits|V01257003001P0000000002103|1257|3|1|01257003001|2|PRIME_TARGETED_FIXED|1|03|1|NRC_IMAGE|20|5|NIRCAM|NRCB1|SHORT|5|HH211NIRCAM|NULL|FIXED|NIRCam Imaging|SCIENCE|5|1|2|1|1|B|F150W2|F164N|1|INTRAMODULEX|NULL|4|NULL|1|1|NULL|NRCB1_FULL|2026_1b|FULL|NULL|NULL|NULL|NULL|NULL|[('o003', 'OBSERVATION')]|NULL|NULL|NULL|F|F|NULL|NULL|NULL|NULL|NULL|NULL|NULL|NULL|1|8|NONE
jw01257003001_02103_00001_nrcb2_uncal.fits|V01257003001P0000000002103|1257|3|1|01257003001|2|PRIME_TARGETED_FIXED|1|03|1|NRC_IMAGE|20|5|NIRCAM|NRCB2|SHORT|5|HH211NIRCAM|NULL|FIXED|NIRCam Imaging|SCIENCE|5|1|2|1|1|B|F150W2|F164N|1|INTRAMODULEX|NULL|4|NULL|1|1|NULL|NRCB2_FULL|2026_1b|FULL|NULL|NULL|NULL|NULL|NULL|[('o003', 'OBSERVATION')]|NULL|NULL|NULL|F|F|NULL|NULL|NULL|NULL|NULL|NULL|NULL|NULL|1|8|NONE
jw01257003001_02103_00001_nrcb3_uncal.fits|V01257003001P0000000002103|1257|3|1|01257003001|2|PRIME_TARGETED_FIXED|1|03|1|NRC_IMAGE|20|5|NIRCAM|NRCB3|SHORT|5|HH211NIRCAM|NULL|FIXED|NIRCam Imaging|SCIENCE|5|1|2|1|1|B|F150W2|F164N|1|INTRAMODULEX|NULL|4|NULL|1|1|NULL|NRCB3_FULL|2026_1b|FULL|NULL|NULL|NULL|NULL|NULL|[('o003', 'OBSERVATION')]|NULL|NULL|NULL|F|F|NULL|NULL|NULL|NULL|NULL|NULL|NULL|NULL|1|8|NONE
jw01257003001_02103_00001_nrcb4_uncal.fits|V01257003001P0000000002103|1257|3|1|01257003001|2|PRIME_TARGETED_FIXED|1|03|1|NRC_IMAGE|20|5|NIRCAM|NRCB4|SHORT|5|HH211NIRCAM|NULL|FIXED|NIRCam Imaging|SCIENCE|5|1|2|1|1|B|F150W2|F164N|1|INTRAMODULEX|NULL|4|NULL|1|1|NULL|NRCB4_FULL|2026_1b|FULL|NULL|NULL|NULL|NULL|NULL|[('o003', 'OBSERVATION')]|NULL|NULL|NULL|F|F|NULL|NULL|NULL|NULL|NULL|NULL|NULL|NULL|1|8|NONE
jw01257003001_02103_00001_nrcblong_uncal.fits|V01257003001P0000000002103|1257|3|1|01257003001|2|PRIME_TARGETED_FIXED|1|03|1|NRC_IMAGE|20|5|NIRCAM|NRCBLONG|LONG|5|HH211NIRCAM|NULL|FIXED|NIRCam Imaging|SCIENCE|5|1|2|1|1|B|F444W|F470N|1|INTRAMODULEX|NULL|4|NULL|1|1|NULL|NRCB5_FULL|2026_1b|FULL|NULL|NULL|NULL|NULL|NULL|[('o003', 'OBSERVATION')]|NULL|NULL|NULL|F|F|NULL|NULL|NULL|NULL|NULL|NULL|NULL|NULL|1|8|NONE
jw01257003001_02103_00002_nrca1_uncal.fits|V01257003001P0000000002103|1257|3|1|01257003001|2|PRIME_TARGETED_FIXED|1|03|2|NRC_IMAGE|20|5|NIRCAM|NRCA1|SHORT|5|HH211NIRCAM|NULL|FIXED|NIRCam Imaging|SCIENCE|6|1|2|2|1|A|F150W2|F164N|1|INTRAMODULEX|NULL|4|NULL|1|2|NULL|NRCA1_FULL|2026_1b|FULL|NULL|NULL|NULL|NULL|NULL|[('o003', 'OBSERVATION')]|NULL|NULL|NULL|F|F|NULL|NULL|NULL|NULL|NULL|NULL|NULL|NULL|1|8|NONE
jw01257003001_02103_00002_nrca2_uncal.fits|V01257003001P0000000002103|1257|3|1|01257003001|2|PRIME_TARGETED_FIXED|1|03|2|NRC_IMAGE|20|5|NIRCAM|NRCA2|SHORT|5|HH211NIRCAM|NULL|FIXED|NIRCam Imaging|SCIENCE|6|1|2|2|1|A|F150W2|F164N|1|INTRAMODULEX|NULL|4|NULL|1|2|NULL|NRCA2_FULL|2026_1b|FULL|NULL|NULL|NULL|NULL|NULL|[('o003', 'OBSERVATION')]|NULL|NULL|NULL|F|F|NULL|NULL|NULL|NULL|NULL|NULL|NULL|NULL|1|8|NONE
jw01257003001_02103_00002_nrca3_uncal.fits|V01257003001P0000000002103|1257|3|1|01257003001|2|PRIME_TARGETED_FIXED|1|03|2|NRC_IMAGE|20|5|NIRCAM|NRCA3|SHORT|5|HH211NIRCAM|NULL|FIXED|NIRCam Imaging|SCIENCE|6|1|2|2|1|A|F150W2|F164N|1|INTRAMODULEX|NULL|4|NULL|1|2|NULL|NRCA3_FULL|2026_1b|FULL|NULL|NULL|NULL|NULL|NULL|[('o003', 'OBSERVATION')]|NULL|NULL|NULL|F|F|NULL|NULL|NULL|NULL|NULL|NULL|NULL|NULL|1|8|NONE
jw01257003001_02103_00002_nrca4_uncal.fits|V01257003001P0000000002103|1257|3|1|01257003001|2|PRIME_TARGETED_FIXED|1|03|2|NRC_IMAGE|20|5|NIRCAM|NRCA4|SHORT|5|HH211NIRCAM|NULL|FIXED|NIRCam Imaging|SCIENCE|6|1|2|2|1|A|F150W2|F164N|1|INTRAMODULEX|NULL|4|NULL|1|2|NULL|NRCA4_FULL|2026_1b|FULL|NULL|NULL|NULL|NULL|NULL|[('o003', 'OBSERVATION')]|NULL|NULL|NULL|F|F|NULL|NULL|NULL|NULL|NULL|NULL|NULL|NULL|1|8|NONE
jw01257003001_02103_00002_nrcalong_uncal.fits|V01257003001P0000000002103|1257|3|1|01257003001|2|PRIME_TARGETED_FIXED|1|03|2|NRC_IMAGE|20|5|NIRCAM|NRCALONG|LONG|5|HH211NIRCAM|NULL|FIXED|NIRCam Imaging|SCIENCE|6|1|2|2|1|A|F444W|F470N|1|INTRAMODULEX|NULL|4|NULL|1|2|NULL|NRCA5_FULL|2026_1b|FULL|NULL|NULL|NULL|NULL|NULL|[('o003', 'OBSERVATION')]|NULL|NULL|NULL|F|F|NULL|NULL|NULL|NULL|NULL|NULL|NULL|NULL|1|8|NONE
jw01257003001_02103_00002_nrcb1_uncal.fits|V01257003001P0000000002103|1257|3|1|01257003001|2|PRIME_TARGETED_FIXED|1|03|2|NRC_IMAGE|20|5|NIRCAM|NRCB1|SHORT|5|HH211NIRCAM|NULL|FIXED|NIRCam Imaging|SCIENCE|6|1|2|2|1|B|F150W2|F164N|1|INTRAMODULEX|NULL|4|NULL|1|2|NULL|NRCB1_FULL|2026_1b|FULL|NULL|NULL|NULL|NULL|NULL|[('o003', 'OBSERVATION')]|NULL|NULL|NULL|F|F|NULL|NULL|NULL|NULL|NULL|NULL|NULL|NULL|1|8|NONE
jw01257003001_02103_00002_nrcb2_uncal.fits|V01257003001P0000000002103|1257|3|1|01257003001|2|PRIME_TARGETED_FIXED|1|03|2|NRC_IMAGE|20|5|NIRCAM|NRCB2|SHORT|5|HH211NIRCAM|NULL|FIXED|NIRCam Imaging|SCIENCE|6|1|2|2|1|B|F150W2|F164N|1|INTRAMODULEX|NULL|4|NULL|1|2|NULL|NRCB2_FULL|2026_1b|FULL|NULL|NULL|NULL|NULL|NULL|[('o003', 'OBSERVATION')]|NULL|NULL|NULL|F|F|NULL|NULL|NULL|NULL|NULL|NULL|NULL|NULL|1|8|NONE
jw01257003001_02103_00002_nrcb3_uncal.fits|V01257003001P0000000002103|1257|3|1|01257003001|2|PRIME_TARGETED_FIXED|1|03|2|NRC_IMAGE|20|5|NIRCAM|NRCB3|SHORT|5|HH211NIRCAM|NULL|FIXED|NIRCam Imaging|SCIENCE|6|1|2|2|1|B|F150W2|F164N|1|INTRAMODULEX|NULL|4|NULL|1|2|NULL|NRCB3_FULL|2026_1b|FULL|NULL|NULL|NULL|NULL|NULL|[('o003', 'OBSERVATION')]|NULL|NULL|NULL|F|F|NULL|NULL|NULL|NULL|NULL|NULL|NULL|NULL|1|8|NONE
jw01257003001_02103_00002_nrcb4_uncal.fits|V01257003001P0000000002103|1257|3|1|01257003001|2|PRIME_TARGETED_FIXED|1|03|2|NRC_IMAGE|20|5|NIRCAM|NRCB4|SHORT|5|HH211NIRCAM|NULL|FIXED|NIRCam Imaging|SCIENCE|6|1|2|2|1|B|F150W2|F164N|1|INTRAMODULEX|NULL|4|NULL|1|2|NULL|NRCB4_FULL|2026_1b|FULL|NULL|NULL|NULL|NULL|NULL|[('o003', 'OBSERVATION')]|NULL|NULL|NULL|F|F|NULL|NULL|NULL|NULL|NULL|NULL|NULL|NULL|1|8|NONE
jw01257003001_02103_00002_nrcblong_uncal.fits|V01257003001P0000000002103|1257|3|1|01257003001|2|PRIME_TARGETED_FIXED|1|03|2|NRC_IMAGE|20|5|NIRCAM|NRCBLONG|LONG|5|HH211NIRCAM|NULL|FIXED|NIRCam Imaging|SCIENCE|6|1|2|2|1|B|F444W|F470N|1|INTRAMODULEX|NULL|4|NULL|1|2|NULL|NRCB5_FULL|2026_1b|FULL|NULL|NULL|NULL|NULL|NULL|[('o003', 'OBSERVATION')]|NULL|NULL|NULL|F|F|NULL|NULL|NULL|NULL|NULL|NULL|NULL|NULL|1|8|NONE
jw01257003001_02103_00003_nrca1_uncal.fits|V01257003001P0000000002103|1257|3|1|01257003001|2|PRIME_TARGETED_FIXED|1|03|3|NRC_IMAGE|20|5|NIRCAM|NRCA1|SHORT|5|HH211NIRCAM|NULL|FIXED|NIRCam Imaging|SCIENCE|7|1|2|3|1|A|F150W2|F164N|1|INTRAMODULEX|NULL|4|NULL|1|3|NULL|NRCA1_FULL|2026_1b|FULL|NULL|NULL|NULL|NULL|NULL|[('o003', 'OBSERVATION')]|NULL|NULL|NULL|F|F|NULL|NULL|NULL|NULL|NULL|NULL|NULL|NULL|1|8|NONE
jw01257003001_02103_00003_nrca2_uncal.fits|V01257003001P0000000002103|1257|3|1|01257003001|2|PRIME_TARGETED_FIXED|1|03|3|NRC_IMAGE|20|5|NIRCAM|NRCA2|SHORT|5|HH211NIRCAM|NULL|FIXED|NIRCam Imaging|SCIENCE|7|1|2|3|1|A|F150W2|F164N|1|INTRAMODULEX|NULL|4|NULL|1|3|NULL|NRCA2_FULL|2026_1b|FULL|NULL|NULL|NULL|NULL|NULL|[('o003', 'OBSERVATION')]|NULL|NULL|NULL|F|F|NULL|NULL|NULL|NULL|NULL|NULL|NULL|NULL|1|8|NONE
jw01257003001_02103_00003_nrca3_uncal.fits|V01257003001P0000000002103|1257|3|1|01257003001|2|PRIME_TARGETED_FIXED|1|03|3|NRC_IMAGE|20|5|NIRCAM|NRCA3|SHORT|5|HH211NIRCAM|NULL|FIXED|NIRCam Imaging|SCIENCE|7|1|2|3|1|A|F150W2|F164N|1|INTRAMODULEX|NULL|4|NULL|1|3|NULL|NRCA3_FULL|2026_1b|FULL|NULL|NULL|NULL|NULL|NULL|[('o003', 'OBSERVATION')]|NULL|NULL|NULL|F|F|NULL|NULL|NULL|NULL|NULL|NULL|NULL|NULL|1|8|NONE
jw01257003001_02103_00003_nrca4_uncal.fits|V01257003001P0000000002103|1257|3|1|01257003001|2|PRIME_TARGETED_FIXED|1|03|3|NRC_IMAGE|20|5|NIRCAM|NRCA4|SHORT|5|HH211NIRCAM|NULL|FIXED|NIRCam Imaging|SCIENCE|7|1|2|3|1|A|F150W2|F164N|1|INTRAMODULEX|NULL|4|NULL|1|3|NULL|NRCA4_FULL|2026_1b|FULL|NULL|NULL|NULL|NULL|NULL|[('o003', 'OBSERVATION')]|NULL|NULL|NULL|F|F|NULL|NULL|NULL|NULL|NULL|NULL|NULL|NULL|1|8|NONE
jw01257003001_02103_00003_nrcalong_uncal.fits|V01257003001P0000000002103|1257|3|1|01257003001|2|PRIME_TARGETED_FIXED|1|03|3|NRC_IMAGE|20|5|NIRCAM|NRCALONG|LONG|5|HH211NIRCAM|NULL|FIXED|NIRCam Imaging|SCIENCE|7|1|2|3|1|A|F444W|F470N|1|INTRAMODULEX|NULL|4|NULL|1|3|NULL|NRCA5_FULL|2026_1b|FULL|NULL|NULL|NULL|NULL|NULL|[('o003', 'OBSERVATION')]|NULL|NULL|NULL|F|F|NULL|NULL|NULL|NULL|NULL|NULL|NULL|NULL|1|8|NONE
jw01257003001_02103_00003_nrcb1_uncal.fits|V01257003001P0000000002103|1257|3|1|01257003001|2|PRIME_TARGETED_FIXED|1|03|3|NRC_IMAGE|20|5|NIRCAM|NRCB1|SHORT|5|HH211NIRCAM|NULL|FIXED|NIRCam Imaging|SCIENCE|7|1|2|3|1|B|F150W2|F164N|1|INTRAMODULEX|NULL|4|NULL|1|3|NULL|NRCB1_FULL|2026_1b|FULL|NULL|NULL|NULL|NULL|NULL|[('o003', 'OBSERVATION')]|NULL|NULL|NULL|F|F|NULL|NULL|NULL|NULL|NULL|NULL|NULL|NULL|1|8|NONE
jw01257003001_02103_00003_nrcb2_uncal.fits|V01257003001P0000000002103|1257|3|1|01257003001|2|PRIME_TARGETED_FIXED|1|03|3|NRC_IMAGE|20|5|NIRCAM|NRCB2|SHORT|5|HH211NIRCAM|NULL|FIXED|NIRCam Imaging|SCIENCE|7|1|2|3|1|B|F150W2|F164N|1|INTRAMODULEX|NULL|4|NULL|1|3|NULL|NRCB2_FULL|2026_1b|FULL|NULL|NULL|NULL|NULL|NULL|[('o003', 'OBSERVATION')]|NULL|NULL|NULL|F|F|NULL|NULL|NULL|NULL|NULL|NULL|NULL|NULL|1|8|NONE
jw01257003001_02103_00003_nrcb3_uncal.fits|V01257003001P0000000002103|1257|3|1|01257003001|2|PRIME_TARGETED_FIXED|1|03|3|NRC_IMAGE|20|5|NIRCAM|NRCB3|SHORT|5|HH211NIRCAM|NULL|FIXED|NIRCam Imaging|SCIENCE|7|1|2|3|1|B|F150W2|F164N|1|INTRAMODULEX|NULL|4|NULL|1|3|NULL|NRCB3_FULL|2026_1b|FULL|NULL|NULL|NULL|NULL|NULL|[('o003', 'OBSERVATION')]|NULL|NULL|NULL|F|F|NULL|NULL|NULL|NULL|NULL|NULL|NULL|NULL|1|8|NONE
jw01257003001_02103_00003_nrcb4_uncal.fits|V01257003001P0000000002103|1257|3|1|01257003001|2|PRIME_TARGETED_FIXED|1|03|3|NRC_IMAGE|20|5|NIRCAM|NRCB4|SHORT|5|HH211NIRCAM|NULL|FIXED|NIRCam Imaging|SCIENCE|7|1|2|3|1|B|F150W2|F164N|1|INTRAMODULEX|NULL|4|NULL|1|3|NULL|NRCB4_FULL|2026_1b|FULL|NULL|NULL|NULL|NULL|NULL|[('o003', 'OBSERVATION')]|NULL|NULL|NULL|F|F|NULL|NULL|NULL|NULL|NULL|NULL|NULL|NULL|1|8|NONE
jw01257003001_02103_00003_nrcblong_uncal.fits|V01257003001P0000000002103|1257|3|1|01257003001|2|PRIME_TARGETED_FIXED|1|03|3|NRC_IMAGE|20|5|NIRCAM|NRCBLONG|LONG|5|HH211NIRCAM|NULL|FIXED|NIRCam Imaging|SCIENCE|7|1|2|3|1|B|F444W|F470N|1|INTRAMODULEX|NULL|4|NULL|1|3|NULL|NRCB5_FULL|2026_1b|FULL|NULL|NULL|NULL|NULL|NULL|[('o003', 'OBSERVATION')]|NULL|NULL|NULL|F|F|NULL|NULL|NULL|NULL|NULL|NULL|NULL|NULL|1|8|NONE
jw01257003001_02103_00004_nrca1_uncal.fits|V01257003001P0000000002103|1257|3|1|01257003001|2|PRIME_TARGETED_FIXED|1|03|4|NRC_IMAGE|20|5|NIRCAM|NRCA1|SHORT|5|HH211NIRCAM|NULL|FIXED|NIRCam Imaging|SCIENCE|8|1|2|4|1|A|F150W2|F164N|1|INTRAMODULEX|NULL|4|NULL|1|4|NULL|NRCA1_FULL|2026_1b|FULL|NULL|NULL|NULL|NULL|NULL|[('o003', 'OBSERVATION')]|NULL|NULL|NULL|F|F|NULL|NULL|NULL|NULL|NULL|NULL|NULL|NULL|1|8|NONE
jw01257003001_02103_00004_nrca2_uncal.fits|V01257003001P0000000002103|1257|3|1|01257003001|2|PRIME_TARGETED_FIXED|1|03|4|NRC_IMAGE|20|5|NIRCAM|NRCA2|SHORT|5|HH211NIRCAM|NULL|FIXED|NIRCam Imaging|SCIENCE|8|1|2|4|1|A|F150W2|F164N|1|INTRAMODULEX|NULL|4|NULL|1|4|NULL|NRCA2_FULL|2026_1b|FULL|NULL|NULL|NULL|NULL|NULL|[('o003', 'OBSERVATION')]|NULL|NULL|NULL|F|F|NULL|NULL|NULL|NULL|NULL|NULL|NULL|NULL|1|8|NONE
jw01257003001_02103_00004_nrca3_uncal.fits|V01257003001P0000000002103|1257|3|1|01257003001|2|PRIME_TARGETED_FIXED|1|03|4|NRC_IMAGE|20|5|NIRCAM|NRCA3|SHORT|5|HH211NIRCAM|NULL|FIXED|NIRCam Imaging|SCIENCE|8|1|2|4|1|A|F150W2|F164N|1|INTRAMODULEX|NULL|4|NULL|1|4|NULL|NRCA3_FULL|2026_1b|FULL|NULL|NULL|NULL|NULL|NULL|[('o003', 'OBSERVATION')]|NULL|NULL|NULL|F|F|NULL|NULL|NULL|NULL|NULL|NULL|NULL|NULL|1|8|NONE
jw01257003001_02103_00004_nrca4_uncal.fits|V01257003001P0000000002103|1257|3|1|01257003001|2|PRIME_TARGETED_FIXED|1|03|4|NRC_IMAGE|20|5|NIRCAM|NRCA4|SHORT|5|HH211NIRCAM|NULL|FIXED|NIRCam Imaging|SCIENCE|8|1|2|4|1|A|F150W2|F164N|1|INTRAMODULEX|NULL|4|NULL|1|4|NULL|NRCA4_FULL|2026_1b|FULL|NULL|NULL|NULL|NULL|NULL|[('o003', 'OBSERVATION')]|NULL|NULL|NULL|F|F|NULL|NULL|NULL|NULL|NULL|NULL|NULL|NULL|1|8|NONE
jw01257003001_02103_00004_nrcalong_uncal.fits|V01257003001P0000000002103|1257|3|1|01257003001|2|PRIME_TARGETED_FIXED|1|03|4|NRC_IMAGE|20|5|NIRCAM|NRCALONG|LONG|5|HH211NIRCAM|NULL|FIXED|NIRCam Imaging|SCIENCE|8|1|2|4|1|A|F444W|F470N|1|INTRAMODULEX|NULL|4|NULL|1|4|NULL|NRCA5_FULL|2026_1b|FULL|NULL|NULL|NULL|NULL|NULL|[('o003', 'OBSERVATION')]|NULL|NULL|NULL|F|F|NULL|NULL|NULL|NULL|NULL|NULL|NULL|NULL|1|8|NONE
jw01257003001_02103_00004_nrcb1_uncal.fits|V01257003001P0000000002103|1257|3|1|01257003001|2|PRIME_TARGETED_FIXED|1|03|4|NRC_IMAGE|20|5|NIRCAM|NRCB1|SHORT|5|HH211NIRCAM|NULL|FIXED|NIRCam Imaging|SCIENCE|8|1|2|4|1|B|F150W2|F164N|1|INTRAMODULEX|NULL|4|NULL|1|4|NULL|NRCB1_FULL|2026_1b|FULL|NULL|NULL|NULL|NULL|NULL|[('o003', 'OBSERVATION')]|NULL|NULL|NULL|F|F|NULL|NULL|NULL|NULL|NULL|NULL|NULL|NULL|1|8|NONE
jw01257003001_02103_00004_nrcb2_uncal.fits|V01257003001P0000000002103|1257|3|1|01257003001|2|PRIME_TARGETED_FIXED|1|03|4|NRC_IMAGE|20|5|NIRCAM|NRCB2|SHORT|5|HH211NIRCAM|NULL|FIXED|NIRCam Imaging|SCIENCE|8|1|2|4|1|B|F150W2|F164N|1|INTRAMODULEX|NULL|4|NULL|1|4|NULL|NRCB2_FULL|2026_1b|FULL|NULL|NULL|NULL|NULL|NULL|[('o003', 'OBSERVATION')]|NULL|NULL|NULL|F|F|NULL|NULL|NULL|NULL|NULL|NULL|NULL|NULL|1|8|NONE
jw01257003001_02103_00004_nrcb3_uncal.fits|V01257003001P0000000002103|1257|3|1|01257003001|2|PRIME_TARGETED_FIXED|1|03|4|NRC_IMAGE|20|5|NIRCAM|NRCB3|SHORT|5|HH211NIRCAM|NULL|FIXED|NIRCam Imaging|SCIENCE|8|1|2|4|1|B|F150W2|F164N|1|INTRAMODULEX|NULL|4|NULL|1|4|NULL|NRCB3_FULL|2026_1b|FULL|NULL|NULL|NULL|NULL|NULL|[('o003', 'OBSERVATION')]|NULL|NULL|NULL|F|F|NULL|NULL|NULL|NULL|NULL|NULL|NULL|NULL|1|8|NONE
jw01257003001_02103_00004_nrcb4_uncal.fits|V01257003001P0000000002103|1257|3|1|01257003001|2|PRIME_TARGETED_FIXED|1|03|4|NRC_IMAGE|20|5|NIRCAM|NRCB4|SHORT|5|HH211NIRCAM|NULL|FIXED|NIRCam Imaging|SCIENCE|8|1|2|4|1|B|F150W2|F164N|1|INTRAMODULEX|NULL|4|NULL|1|4|NULL|NRCB4_FULL|2026_1b|FULL|NULL|NULL|NULL|NULL|NULL|[('o003', 'OBSERVATION')]|NULL|NULL|NULL|F|F|NULL|NULL|NULL|NULL|NULL|NULL|NULL|NULL|1|8|NONE
jw01257003001_02103_00004_nrcblong_uncal.fits|V01257003001P0000000002103|1257|3|1|01257003001|2|PRIME_TARGETED_FIXED|1|03|4|NRC_IMAGE|20|5|NIRCAM|NRCBLONG|LONG|5|HH211NIRCAM|NULL|FIXED|NIRCam Imaging|SCIENCE|8|1|2|4|1|B|F444W|F470N|1|INTRAMODULEX|NULL|4|NULL|1|4|NULL|NRCB5_FULL|2026_1b|FULL|NULL|NULL|NULL|NULL|NULL|[('o003', 'OBSERVATION')]|NULL|NULL|NULL|F|F|NULL|NULL|NULL|NULL|NULL|NULL|NULL|NULL|1|8|NONE
jw01257003001_02105_00001_nrca1_uncal.fits|V01257003001P0000000002105|1257|3|1|01257003001|2|PRIME_TARGETED_FIXED|1|05|1|NRC_IMAGE|20|9|NIRCAM|NRCA1|SHORT|5|HH211NIRCAM|NULL|FIXED|NIRCam Imaging|SCIENCE|9|1|3|1|1|A|F212N|CLEAR|1|INTRAMODULEX|NULL|4|NULL|1|1|NULL|NRCA1_FULL|2026_1b|FULL|NULL|NULL|NULL|NULL|NULL|[('o003', 'OBSERVATION')]|NULL|NULL|NULL|F|F|NULL|NULL|NULL|NULL|NULL|NULL|NULL|NULL|1|8|NONE
jw01257003001_02105_00001_nrca2_uncal.fits|V01257003001P0000000002105|1257|3|1|01257003001|2|PRIME_TARGETED_FIXED|1|05|1|NRC_IMAGE|20|9|NIRCAM|NRCA2|SHORT|5|HH211NIRCAM|NULL|FIXED|NIRCam Imaging|SCIENCE|9|1|3|1|1|A|F212N|CLEAR|1|INTRAMODULEX|NULL|4|NULL|1|1|NULL|NRCA2_FULL|2026_1b|FULL|NULL|NULL|NULL|NULL|NULL|[('o003', 'OBSERVATION')]|NULL|NULL|NULL|F|F|NULL|NULL|NULL|NULL|NULL|NULL|NULL|NULL|1|8|NONE
jw01257003001_02105_00001_nrca3_uncal.fits|V01257003001P0000000002105|1257|3|1|01257003001|2|PRIME_TARGETED_FIXED|1|05|1|NRC_IMAGE|20|9|NIRCAM|NRCA3|SHORT|5|HH211NIRCAM|NULL|FIXED|NIRCam Imaging|SCIENCE|9|1|3|1|1|A|F212N|CLEAR|1|INTRAMODULEX|NULL|4|NULL|1|1|NULL|NRCA3_FULL|2026_1b|FULL|NULL|NULL|NULL|NULL|NULL|[('o003', 'OBSERVATION')]|NULL|NULL|NULL|F|F|NULL|NULL|NULL|NULL|NULL|NULL|NULL|NULL|1|8|NONE
jw01257003001_02105_00001_nrca4_uncal.fits|V01257003001P0000000002105|1257|3|1|01257003001|2|PRIME_TARGETED_FIXED|1|05|1|NRC_IMAGE|20|9|NIRCAM|NRCA4|SHORT|5|HH211NIRCAM|NULL|FIXED|NIRCam Imaging|SCIENCE|9|1|3|1|1|A|F212N|CLEAR|1|INTRAMODULEX|NULL|4|NULL|1|1|NULL|NRCA4_FULL|2026_1b|FULL|NULL|NULL|NULL|NULL|NULL|[('o003', 'OBSERVATION')]|NULL|NULL|NULL|F|F|NULL|NULL|NULL|NULL|NULL|NULL|NULL|NULL|1|8|NONE
jw01257003001_02105_00001_nrcalong_uncal.fits|V01257003001P0000000002105|1257|3|1|01257003001|2|PRIME_TARGETED_FIXED|1|05|1|NRC_IMAGE|20|9|NIRCAM|NRCALONG|LONG|5|HH211NIRCAM|NULL|FIXED|NIRCam Imaging|SCIENCE|9|1|3|1|1|A|F322W2|F323N|1|INTRAMODULEX|NULL|4|NULL|1|1|NULL|NRCA5_FULL|2026_1b|FULL|NULL|NULL|NULL|NULL|NULL|[('o003', 'OBSERVATION')]|NULL|NULL|NULL|F|F|NULL|NULL|NULL|NULL|NULL|NULL|NULL|NULL|1|8|NONE
jw01257003001_02105_00001_nrcb1_uncal.fits|V01257003001P0000000002105|1257|3|1|01257003001|2|PRIME_TARGETED_FIXED|1|05|1|NRC_IMAGE|20|9|NIRCAM|NRCB1|SHORT|5|HH211NIRCAM|NULL|FIXED|NIRCam Imaging|SCIENCE|9|1|3|1|1|B|F212N|CLEAR|1|INTRAMODULEX|NULL|4|NULL|1|1|NULL|NRCB1_FULL|2026_1b|FULL|NULL|NULL|NULL|NULL|NULL|[('o003', 'OBSERVATION')]|NULL|NULL|NULL|F|F|NULL|NULL|NULL|NULL|NULL|NULL|NULL|NULL|1|8|NONE
jw01257003001_02105_00001_nrcb2_uncal.fits|V01257003001P0000000002105|1257|3|1|01257003001|2|PRIME_TARGETED_FIXED|1|05|1|NRC_IMAGE|20|9|NIRCAM|NRCB2|SHORT|5|HH211NIRCAM|NULL|FIXED|NIRCam Imaging|SCIENCE|9|1|3|1|1|B|F212N|CLEAR|1|INTRAMODULEX|NULL|4|NULL|1|1|NULL|NRCB2_FULL|2026_1b|FULL|NULL|NULL|NULL|NULL|NULL|[('o003', 'OBSERVATION')]|NULL|NULL|NULL|F|F|NULL|NULL|NULL|NULL|NULL|NULL|NULL|NULL|1|8|NONE
jw01257003001_02105_00001_nrcb3_uncal.fits|V01257003001P0000000002105|1257|3|1|01257003001|2|PRIME_TARGETED_FIXED|1|05|1|NRC_IMAGE|20|9|NIRCAM|NRCB3|SHORT|5|HH211NIRCAM|NULL|FIXED|NIRCam Imaging|SCIENCE|9|1|3|1|1|B|F212N|CLEAR|1|INTRAMODULEX|NULL|4|NULL|1|1|NULL|NRCB3_FULL|2026_1b|FULL|NULL|NULL|NULL|NULL|NULL|[('o003', 'OBSERVATION')]|NULL|NULL|NULL|F|F|NULL|NULL|NULL|NULL|NULL|NULL|NULL|NULL|1|8|NONE
jw01257003001_02105_00001_nrcb4_uncal.fits|V01257003001P0000000002105|1257|3|1|01257003001|2|PRIME_TARGETED_FIXED|1|05|1|NRC_IMAGE|20|9|NIRCAM|NRCB4|SHORT|5|HH211NIRCAM|NULL|FIXED|NIRCam Imaging|SCIENCE|9|1|3|1|1|B|F212N|CLEAR|1|INTRAMODULEX|NULL|4|NULL|1|1|NULL|NRCB4_FULL|2026_1b|FULL|NULL|NULL|NULL|NULL|NULL|[('o003', 'OBSERVATION')]|NULL|NULL|NULL|F|F|NULL|NULL|NULL|NULL|NULL|NULL|NULL|NULL|1|8|NONE
jw01257003001_02105_00001_nrcblong_uncal.fits|V01257003001P0000000002105|1257|3|1|01257003001|2|PRIME_TARGETED_FIXED|1|05|1|NRC_IMAGE|20|9|NIRCAM|NRCBLONG|LONG|5|HH211NIRCAM|NULL|FIXED|NIRCam Imaging|SCIENCE|9|1|3|1|1|B|F322W2|F323N|1|INTRAMODULEX|NULL|4|NULL|1|1|NULL|NRCB5_FULL|2026_1b|FULL|NULL|NULL|NULL|NULL|NULL|[('o003', 'OBSERVATION')]|NULL|NULL|NULL|F|F|NULL|NULL|NULL|NULL|NULL|NULL|NULL|NULL|1|8|NONE
jw01257003001_02105_00002_nrca1_uncal.fits|V01257003001P0000000002105|1257|3|1|01257003001|2|PRIME_TARGETED_FIXED|1|05|2|NRC_IMAGE|20|9|NIRCAM|NRCA1|SHORT|5|HH211NIRCAM|NULL|FIXED|NIRCam Imaging|SCIENCE|10|1|3|2|1|A|F212N|CLEAR|1|INTRAMODULEX|NULL|4|NULL|1|2|NULL|NRCA1_FULL|2026_1b|FULL|NULL|NULL|NULL|NULL|NULL|[('o003', 'OBSERVATION')]|NULL|NULL|NULL|F|F|NULL|NULL|NULL|NULL|NULL|NULL|NULL|NULL|1|8|NONE
jw01257003001_02105_00002_nrca2_uncal.fits|V01257003001P0000000002105|1257|3|1|01257003001|2|PRIME_TARGETED_FIXED|1|05|2|NRC_IMAGE|20|9|NIRCAM|NRCA2|SHORT|5|HH211NIRCAM|NULL|FIXED|NIRCam Imaging|SCIENCE|10|1|3|2|1|A|F212N|CLEAR|1|INTRAMODULEX|NULL|4|NULL|1|2|NULL|NRCA2_FULL|2026_1b|FULL|NULL|NULL|NULL|NULL|NULL|[('o003', 'OBSERVATION')]|NULL|NULL|NULL|F|F|NULL|NULL|NULL|NULL|NULL|NULL|NULL|NULL|1|8|NONE
jw01257003001_02105_00002_nrca3_uncal.fits|V01257003001P0000000002105|1257|3|1|01257003001|2|PRIME_TARGETED_FIXED|1|05|2|NRC_IMAGE|20|9|NIRCAM|NRCA3|SHORT|5|HH211NIRCAM|NULL|FIXED|NIRCam Imaging|SCIENCE|10|1|3|2|1|A|F212N|CLEAR|1|INTRAMODULEX|NULL|4|NULL|1|2|NULL|NRCA3_FULL|2026_1b|FULL|NULL|NULL|NULL|NULL|NULL|[('o003', 'OBSERVATION')]|NULL|NULL|NULL|F|F|NULL|NULL|NULL|NULL|NULL|NULL|NULL|NULL|1|8|NONE
jw01257003001_02105_00002_nrca4_uncal.fits|V01257003001P0000000002105|1257|3|1|01257003001|2|PRIME_TARGETED_FIXED|1|05|2|NRC_IMAGE|20|9|NIRCAM|NRCA4|SHORT|5|HH211NIRCAM|NULL|FIXED|NIRCam Imaging|SCIENCE|10|1|3|2|1|A|F212N|CLEAR|1|INTRAMODULEX|NULL|4|NULL|1|2|NULL|NRCA4_FULL|2026_1b|FULL|NULL|NULL|NULL|NULL|NULL|[('o003', 'OBSERVATION')]|NULL|NULL|NULL|F|F|NULL|NULL|NULL|NULL|NULL|NULL|NULL|NULL|1|8|NONE
jw01257003001_02105_00002_nrcalong_uncal.fits|V01257003001P0000000002105|1257|3|1|01257003001|2|PRIME_TARGETED_FIXED|1|05|2|NRC_IMAGE|20|9|NIRCAM|NRCALONG|LONG|5|HH211NIRCAM|NULL|FIXED|NIRCam Imaging|SCIENCE|10|1|3|2|1|A|F322W2|F323N|1|INTRAMODULEX|NULL|4|NULL|1|2|NULL|NRCA5_FULL|2026_1b|FULL|NULL|NULL|NULL|NULL|NULL|[('o003', 'OBSERVATION')]|NULL|NULL|NULL|F|F|NULL|NULL|NULL|NULL|NULL|NULL|NULL|NULL|1|8|NONE
jw01257003001_02105_00002_nrcb1_uncal.fits|V01257003001P0000000002105|1257|3|1|01257003001|2|PRIME_TARGETED_FIXED|1|05|2|NRC_IMAGE|20|9|NIRCAM|NRCB1|SHORT|5|HH211NIRCAM|NULL|FIXED|NIRCam Imaging|SCIENCE|10|1|3|2|1|B|F212N|CLEAR|1|INTRAMODULEX|NULL|4|NULL|1|2|NULL|NRCB1_FULL|2026_1b|FULL|NULL|NULL|NULL|NULL|NULL|[('o003', 'OBSERVATION')]|NULL|NULL|NULL|F|F|NULL|NULL|NULL|NULL|NULL|NULL|NULL|NULL|1|8|NONE
jw01257003001_02105_00002_nrcb2_uncal.fits|V01257003001P0000000002105|1257|3|1|01257003001|2|PRIME_TARGETED_FIXED|1|05|2|NRC_IMAGE|20|9|NIRCAM|NRCB2|SHORT|5|HH211NIRCAM|NULL|FIXED|NIRCam Imaging|SCIENCE|10|1|3|2|1|B|F212N|CLEAR|1|INTRAMODULEX|NULL|4|NULL|1|2|NULL|NRCB2_FULL|2026_1b|FULL|NULL|NULL|NULL|NULL|NULL|[('o003', 'OBSERVATION')]|NULL|NULL|NULL|F|F|NULL|NULL|NULL|NULL|NULL|NULL|NULL|NULL|1|8|NONE
jw01257003001_02105_00002_nrcb3_uncal.fits|V01257003001P0000000002105|1257|3|1|01257003001|2|PRIME_TARGETED_FIXED|1|05|2|NRC_IMAGE|20|9|NIRCAM|NRCB3|SHORT|5|HH211NIRCAM|NULL|FIXED|NIRCam Imaging|SCIENCE|10|1|3|2|1|B|F212N|CLEAR|1|INTRAMODULEX|NULL|4|NULL|1|2|NULL|NRCB3_FULL|2026_1b|FULL|NULL|NULL|NULL|NULL|NULL|[('o003', 'OBSERVATION')]|NULL|NULL|NULL|F|F|NULL|NULL|NULL|NULL|NULL|NULL|NULL|NULL|1|8|NONE
jw01257003001_02105_00002_nrcb4_uncal.fits|V01257003001P0000000002105|1257|3|1|01257003001|2|PRIME_TARGETED_FIXED|1|05|2|NRC_IMAGE|20|9|NIRCAM|NRCB4|SHORT|5|HH211NIRCAM|NULL|FIXED|NIRCam Imaging|SCIENCE|10|1|3|2|1|B|F212N|CLEAR|1|INTRAMODULEX|NULL|4|NULL|1|2|NULL|NRCB4_FULL|2026_1b|FULL|NULL|NULL|NULL|NULL|NULL|[('o003', 'OBSERVATION')]|NULL|NULL|NULL|F|F|NULL|NULL|NULL|NULL|NULL|NULL|NULL|NULL|1|8|NONE
jw01257003001_02105_00002_nrcblong_uncal.fits|V01257003001P0000000002105|1257|3|1|01257003001|2|PRIME_TARGETED_FIXED|1|05|2|NRC_IMAGE|20|9|NIRCAM|NRCBLONG|LONG|5|HH211NIRCAM|NULL|FIXED|NIRCam Imaging|SCIENCE|10|1|3|2|1|B|F322W2|F323N|1|INTRAMODULEX|NULL|4|NULL|1|2|NULL|NRCB5_FULL|2026_1b|FULL|NULL|NULL|NULL|NULL|NULL|[('o003', 'OBSERVATION')]|NULL|NULL|NULL|F|F|NULL|NULL|NULL|NULL|NULL|NULL|NULL|NULL|1|8|NONE
jw01257003001_02105_00003_nrca1_uncal.fits|V01257003001P0000000002105|1257|3|1|01257003001|2|PRIME_TARGETED_FIXED|1|05|3|NRC_IMAGE|20|9|NIRCAM|NRCA1|SHORT|5|HH211NIRCAM|NULL|FIXED|NIRCam Imaging|SCIENCE|11|1|3|3|1|A|F212N|CLEAR|1|INTRAMODULEX|NULL|4|NULL|1|3|NULL|NRCA1_FULL|2026_1b|FULL|NULL|NULL|NULL|NULL|NULL|[('o003', 'OBSERVATION')]|NULL|NULL|NULL|F|F|NULL|NULL|NULL|NULL|NULL|NULL|NULL|NULL|1|8|NONE
jw01257003001_02105_00003_nrca2_uncal.fits|V01257003001P0000000002105|1257|3|1|01257003001|2|PRIME_TARGETED_FIXED|1|05|3|NRC_IMAGE|20|9|NIRCAM|NRCA2|SHORT|5|HH211NIRCAM|NULL|FIXED|NIRCam Imaging|SCIENCE|11|1|3|3|1|A|F212N|CLEAR|1|INTRAMODULEX|NULL|4|NULL|1|3|NULL|NRCA2_FULL|2026_1b|FULL|NULL|NULL|NULL|NULL|NULL|[('o003', 'OBSERVATION')]|NULL|NULL|NULL|F|F|NULL|NULL|NULL|NULL|NULL|NULL|NULL|NULL|1|8|NONE
jw01257003001_02105_00003_nrca3_uncal.fits|V01257003001P0000000002105|1257|3|1|01257003001|2|PRIME_TARGETED_FIXED|1|05|3|NRC_IMAGE|20|9|NIRCAM|NRCA3|SHORT|5|HH211NIRCAM|NULL|FIXED|NIRCam Imaging|SCIENCE|11|1|3|3|1|A|F212N|CLEAR|1|INTRAMODULEX|NULL|4|NULL|1|3|NULL|NRCA3_FULL|2026_1b|FULL|NULL|NULL|NULL|NULL|NULL|[('o003', 'OBSERVATION')]|NULL|NULL|NULL|F|F|NULL|NULL|NULL|NULL|NULL|NULL|NULL|NULL|1|8|NONE
jw01257003001_02105_00003_nrca4_uncal.fits|V01257003001P0000000002105|1257|3|1|01257003001|2|PRIME_TARGETED_FIXED|1|05|3|NRC_IMAGE|20|9|NIRCAM|NRCA4|SHORT|5|HH211NIRCAM|NULL|FIXED|NIRCam Imaging|SCIENCE|11|1|3|3|1|A|F212N|CLEAR|1|INTRAMODULEX|NULL|4|NULL|1|3|NULL|NRCA4_FULL|2026_1b|FULL|NULL|NULL|NULL|NULL|NULL|[('o003', 'OBSERVATION')]|NULL|NULL|NULL|F|F|NULL|NULL|NULL|NULL|NULL|NULL|NULL|NULL|1|8|NONE
jw01257003001_02105_00003_nrcalong_uncal.fits|V01257003001P0000000002105|1257|3|1|01257003001|2|PRIME_TARGETED_FIXED|1|05|3|NRC_IMAGE|20|9|NIRCAM|NRCALONG|LONG|5|HH211NIRCAM|NULL|FIXED|NIRCam Imaging|SCIENCE|11|1|3|3|1|A|F322W2|F323N|1|INTRAMODULEX|NULL|4|NULL|1|3|NULL|NRCA5_FULL|2026_1b|FULL|NULL|NULL|NULL|NULL|NULL|[('o003', 'OBSERVATION')]|NULL|NULL|NULL|F|F|NULL|NULL|NULL|NULL|NULL|NULL|NULL|NULL|1|8|NONE
jw01257003001_02105_00003_nrcb1_uncal.fits|V01257003001P0000000002105|1257|3|1|01257003001|2|PRIME_TARGETED_FIXED|1|05|3|NRC_IMAGE|20|9|NIRCAM|NRCB1|SHORT|5|HH211NIRCAM|NULL|FIXED|NIRCam Imaging|SCIENCE|11|1|3|3|1|B|F212N|CLEAR|1|INTRAMODULEX|NULL|4|NULL|1|3|NULL|NRCB1_FULL|2026_1b|FULL|NULL|NULL|NULL|NULL|NULL|[('o003', 'OBSERVATION')]|NULL|NULL|NULL|F|F|NULL|NULL|NULL|NULL|NULL|NULL|NULL|NULL|1|8|NONE
jw01257003001_02105_00003_nrcb2_uncal.fits|V01257003001P0000000002105|1257|3|1|01257003001|2|PRIME_TARGETED_FIXED|1|05|3|NRC_IMAGE|20|9|NIRCAM|NRCB2|SHORT|5|HH211NIRCAM|NULL|FIXED|NIRCam Imaging|SCIENCE|11|1|3|3|1|B|F212N|CLEAR|1|INTRAMODULEX|NULL|4|NULL|1|3|NULL|NRCB2_FULL|2026_1b|FULL|NULL|NULL|NULL|NULL|NULL|[('o003', 'OBSERVATION')]|NULL|NULL|NULL|F|F|NULL|NULL|NULL|NULL|NULL|NULL|NULL|NULL|1|8|NONE
jw01257003001_02105_00003_nrcb3_uncal.fits|V01257003001P0000000002105|1257|3|1|01257003001|2|PRIME_TARGETED_FIXED|1|05|3|NRC_IMAGE|20|9|NIRCAM|NRCB3|SHORT|5|HH211NIRCAM|NULL|FIXED|NIRCam Imaging|SCIENCE|11|1|3|3|1|B|F212N|CLEAR|1|INTRAMODULEX|NULL|4|NULL|1|3|NULL|NRCB3_FULL|2026_1b|FULL|NULL|NULL|NULL|NULL|NULL|[('o003', 'OBSERVATION')]|NULL|NULL|NULL|F|F|NULL|NULL|NULL|NULL|NULL|NULL|NULL|NULL|1|8|NONE
jw01257003001_02105_00003_nrcb4_uncal.fits|V01257003001P0000000002105|1257|3|1|01257003001|2|PRIME_TARGETED_FIXED|1|05|3|NRC_IMAGE|20|9|NIRCAM|NRCB4|SHORT|5|HH211NIRCAM|NULL|FIXED|NIRCam Imaging|SCIENCE|11|1|3|3|1|B|F212N|CLEAR|1|INTRAMODULEX|NULL|4|NULL|1|3|NULL|NRCB4_FULL|2026_1b|FULL|NULL|NULL|NULL|NULL|NULL|[('o003', 'OBSERVATION')]|NULL|NULL|NULL|F|F|NULL|NULL|NULL|NULL|NULL|NULL|NULL|NULL|1|8|NONE
jw01257003001_02105_00003_nrcblong_uncal.fits|V01257003001P0000000002105|1257|3|1|01257003001|2|PRIME_TARGETED_FIXED|1|05|3|NRC_IMAGE|20|9|NIRCAM|NRCBLONG|LONG|5|HH211NIRCAM|NULL|FIXED|NIRCam Imaging|SCIENCE|11|1|3|3|1|B|F322W2|F323N|1|INTRAMODULEX|NULL|4|NULL|1|3|NULL|NRCB5_FULL|2026_1b|FULL|NULL|NULL|NULL|NULL|NULL|[('o003', 'OBSERVATION')]|NULL|NULL|NULL|F|F|NULL|NULL|NULL|NULL|NULL|NULL|NULL|NULL|1|8|NONE
jw01257003001_02105_00004_nrca1_uncal.fits|V01257003001P0000000002105|1257|3|1|01257003001|2|PRIME_TARGETED_FIXED|1|05|4|NRC_IMAGE|20|9|NIRCAM|NRCA1|SHORT|5|HH211NIRCAM|NULL|FIXED|NIRCam Imaging|SCIENCE|12|1|3|4|1|A|F212N|CLEAR|1|INTRAMODULEX|NULL|4|NULL|1|4|NULL|NRCA1_FULL|2026_1b|FULL|NULL|NULL|NULL|NULL|NULL|[('o003', 'OBSERVATION')]|NULL|NULL|NULL|F|F|NULL|NULL|NULL|NULL|NULL|NULL|NULL|NULL|1|8|NONE
jw01257003001_02105_00004_nrca2_uncal.fits|V01257003001P0000000002105|1257|3|1|01257003001|2|PRIME_TARGETED_FIXED|1|05|4|NRC_IMAGE|20|9|NIRCAM|NRCA2|SHORT|5|HH211NIRCAM|NULL|FIXED|NIRCam Imaging|SCIENCE|12|1|3|4|1|A|F212N|CLEAR|1|INTRAMODULEX|NULL|4|NULL|1|4|NULL|NRCA2_FULL|2026_1b|FULL|NULL|NULL|NULL|NULL|NULL|[('o003', 'OBSERVATION')]|NULL|NULL|NULL|F|F|NULL|NULL|NULL|NULL|NULL|NULL|NULL|NULL|1|8|NONE
jw01257003001_02105_00004_nrca3_uncal.fits|V01257003001P0000000002105|1257|3|1|01257003001|2|PRIME_TARGETED_FIXED|1|05|4|NRC_IMAGE|20|9|NIRCAM|NRCA3|SHORT|5|HH211NIRCAM|NULL|FIXED|NIRCam Imaging|SCIENCE|12|1|3|4|1|A|F212N|CLEAR|1|INTRAMODULEX|NULL|4|NULL|1|4|NULL|NRCA3_FULL|2026_1b|FULL|NULL|NULL|NULL|NULL|NULL|[('o003', 'OBSERVATION')]|NULL|NULL|NULL|F|F|NULL|NULL|NULL|NULL|NULL|NULL|NULL|NULL|1|8|NONE
jw01257003001_02105_00004_nrca4_uncal.fits|V01257003001P0000000002105|1257|3|1|01257003001|2|PRIME_TARGETED_FIXED|1|05|4|NRC_IMAGE|20|9|NIRCAM|NRCA4|SHORT|5|HH211NIRCAM|NULL|FIXED|NIRCam Imaging|SCIENCE|12|1|3|4|1|A|F212N|CLEAR|1|INTRAMODULEX|NULL|4|NULL|1|4|NULL|NRCA4_FULL|2026_1b|FULL|NULL|NULL|NULL|NULL|NULL|[('o003', 'OBSERVATION')]|NULL|NULL|NULL|F|F|NULL|NULL|NULL|NULL|NULL|NULL|NULL|NULL|1|8|NONE
jw01257003001_02105_00004_nrcalong_uncal.fits|V01257003001P0000000002105|1257|3|1|01257003001|2|PRIME_TARGETED_FIXED|1|05|4|NRC_IMAGE|20|9|NIRCAM|NRCALONG|LONG|5|HH211NIRCAM|NULL|FIXED|NIRCam Imaging|SCIENCE|12|1|3|4|1|A|F322W2|F323N|1|INTRAMODULEX|NULL|4|NULL|1|4|NULL|NRCA5_FULL|2026_1b|FULL|NULL|NULL|NULL|NULL|NULL|[('o003', 'OBSERVATION')]|NULL|NULL|NULL|F|F|NULL|NULL|NULL|NULL|NULL|NULL|NULL|NULL|1|8|NONE
jw01257003001_02105_00004_nrcb1_uncal.fits|V01257003001P0000000002105|1257|3|1|01257003001|2|PRIME_TARGETED_FIXED|1|05|4|NRC_IMAGE|20|9|NIRCAM|NRCB1|SHORT|5|HH211NIRCAM|NULL|FIXED|NIRCam Imaging|SCIENCE|12|1|3|4|1|B|F212N|CLEAR|1|INTRAMODULEX|NULL|4|NULL|1|4|NULL|NRCB1_FULL|2026_1b|FULL|NULL|NULL|NULL|NULL|NULL|[('o003', 'OBSERVATION')]|NULL|NULL|NULL|F|F|NULL|NULL|NULL|NULL|NULL|NULL|NULL|NULL|1|8|NONE
jw01257003001_02105_00004_nrcb2_uncal.fits|V01257003001P0000000002105|1257|3|1|01257003001|2|PRIME_TARGETED_FIXED|1|05|4|NRC_IMAGE|20|9|NIRCAM|NRCB2|SHORT|5|HH211NIRCAM|NULL|FIXED|NIRCam Imaging|SCIENCE|12|1|3|4|1|B|F212N|CLEAR|1|INTRAMODULEX|NULL|4|NULL|1|4|NULL|NRCB2_FULL|2026_1b|FULL|NULL|NULL|NULL|NULL|NULL|[('o003', 'OBSERVATION')]|NULL|NULL|NULL|F|F|NULL|NULL|NULL|NULL|NULL|NULL|NULL|NULL|1|8|NONE
jw01257003001_02105_00004_nrcb3_uncal.fits|V01257003001P0000000002105|1257|3|1|01257003001|2|PRIME_TARGETED_FIXED|1|05|4|NRC_IMAGE|20|9|NIRCAM|NRCB3|SHORT|5|HH211NIRCAM|NULL|FIXED|NIRCam Imaging|SCIENCE|12|1|3|4|1|B|F212N|CLEAR|1|INTRAMODULEX|NULL|4|NULL|1|4|NULL|NRCB3_FULL|2026_1b|FULL|NULL|NULL|NULL|NULL|NULL|[('o003', 'OBSERVATION')]|NULL|NULL|NULL|F|F|NULL|NULL|NULL|NULL|NULL|NULL|NULL|NULL|1|8|NONE
jw01257003001_02105_00004_nrcb4_uncal.fits|V01257003001P0000000002105|1257|3|1|01257003001|2|PRIME_TARGETED_FIXED|1|05|4|NRC_IMAGE|20|9|NIRCAM|NRCB4|SHORT|5|HH211NIRCAM|NULL|FIXED|NIRCam Imaging|SCIENCE|12|1|3|4|1|B|F212N|CLEAR|1|INTRAMODULEX|NULL|4|NULL|1|4|NULL|NRCB4_FULL|2026_1b|FULL|NULL|NULL|NULL|NULL|NULL|[('o003', 'OBSERVATION')]|NULL|NULL|NULL|F|F|NULL|NULL|NULL|NULL|NULL|NULL|NULL|NULL|1|8|NONE
jw01257003001_02105_00004_nrcblong_uncal.fits|V01257003001P0000000002105|1257|3|1|01257003001|2|PRIME_TARGETED_FIXED|1|05|4|NRC_IMAGE|20|9|NIRCAM|NRCBLONG|LONG|5|HH211NIRCAM|NULL|FIXED|NIRCam Imaging|SCIENCE|12|1|3|4|1|B|F322W2|F323N|1|INTRAMODULEX|NULL|4|NULL|1|4|NULL|NRCB5_FULL|2026_1b|FULL|NULL|NULL|NULL|NULL|NULL|[('o003', 'OBSERVATION')]|NULL|NULL|NULL|F|F|NULL|NULL|NULL|NULL|NULL|NULL|NULL|NULL|1|8|NONE
jw01257003001_02107_00001_nrca1_uncal.fits|V01257003001P0000000002107|1257|3|1|01257003001|2|PRIME_TARGETED_FIXED|1|07|1|NRC_IMAGE|20|13|NIRCAM|NRCA1|SHORT|5|HH211NIRCAM|NULL|FIXED|NIRCam Imaging|SCIENCE|13|1|4|1|1|A|F210M|CLEAR|1|INTRAMODULEX|NULL|4|NULL|1|1|NULL|NRCA1_FULL|2026_1b|FULL|NULL|NULL|NULL|NULL|NULL|[('o003', 'OBSERVATION')]|NULL|NULL|NULL|F|F|NULL|NULL|NULL|NULL|NULL|NULL|NULL|NULL|1|4|NONE
jw01257003001_02107_00001_nrca2_uncal.fits|V01257003001P0000000002107|1257|3|1|01257003001|2|PRIME_TARGETED_FIXED|1|07|1|NRC_IMAGE|20|13|NIRCAM|NRCA2|SHORT|5|HH211NIRCAM|NULL|FIXED|NIRCam Imaging|SCIENCE|13|1|4|1|1|A|F210M|CLEAR|1|INTRAMODULEX|NULL|4|NULL|1|1|NULL|NRCA2_FULL|2026_1b|FULL|NULL|NULL|NULL|NULL|NULL|[('o003', 'OBSERVATION')]|NULL|NULL|NULL|F|F|NULL|NULL|NULL|NULL|NULL|NULL|NULL|NULL|1|4|NONE
jw01257003001_02107_00001_nrca3_uncal.fits|V01257003001P0000000002107|1257|3|1|01257003001|2|PRIME_TARGETED_FIXED|1|07|1|NRC_IMAGE|20|13|NIRCAM|NRCA3|SHORT|5|HH211NIRCAM|NULL|FIXED|NIRCam Imaging|SCIENCE|13|1|4|1|1|A|F210M|CLEAR|1|INTRAMODULEX|NULL|4|NULL|1|1|NULL|NRCA3_FULL|2026_1b|FULL|NULL|NULL|NULL|NULL|NULL|[('o003', 'OBSERVATION')]|NULL|NULL|NULL|F|F|NULL|NULL|NULL|NULL|NULL|NULL|NULL|NULL|1|4|NONE
jw01257003001_02107_00001_nrca4_uncal.fits|V01257003001P0000000002107|1257|3|1|01257003001|2|PRIME_TARGETED_FIXED|1|07|1|NRC_IMAGE|20|13|NIRCAM|NRCA4|SHORT|5|HH211NIRCAM|NULL|FIXED|NIRCam Imaging|SCIENCE|13|1|4|1|1|A|F210M|CLEAR|1|INTRAMODULEX|NULL|4|NULL|1|1|NULL|NRCA4_FULL|2026_1b|FULL|NULL|NULL|NULL|NULL|NULL|[('o003', 'OBSERVATION')]|NULL|NULL|NULL|F|F|NULL|NULL|NULL|NULL|NULL|NULL|NULL|NULL|1|4|NONE
jw01257003001_02107_00001_nrcalong_uncal.fits|V01257003001P0000000002107|1257|3|1|01257003001|2|PRIME_TARGETED_FIXED|1|07|1|NRC_IMAGE|20|13|NIRCAM|NRCALONG|LONG|5|HH211NIRCAM|NULL|FIXED|NIRCam Imaging|SCIENCE|13|1|4|1|1|A|F460M|CLEAR|1|INTRAMODULEX|NULL|4|NULL|1|1|NULL|NRCA5_FULL|2026_1b|FULL|NULL|NULL|NULL|NULL|NULL|[('o003', 'OBSERVATION')]|NULL|NULL|NULL|F|F|NULL|NULL|NULL|NULL|NULL|NULL|NULL|NULL|1|4|NONE
jw01257003001_02107_00001_nrcb1_uncal.fits|V01257003001P0000000002107|1257|3|1|01257003001|2|PRIME_TARGETED_FIXED|1|07|1|NRC_IMAGE|20|13|NIRCAM|NRCB1|SHORT|5|HH211NIRCAM|NULL|FIXED|NIRCam Imaging|SCIENCE|13|1|4|1|1|B|F210M|CLEAR|1|INTRAMODULEX|NULL|4|NULL|1|1|NULL|NRCB1_FULL|2026_1b|FULL|NULL|NULL|NULL|NULL|NULL|[('o003', 'OBSERVATION')]|NULL|NULL|NULL|F|F|NULL|NULL|NULL|NULL|NULL|NULL|NULL|NULL|1|4|NONE
jw01257003001_02107_00001_nrcb2_uncal.fits|V01257003001P0000000002107|1257|3|1|01257003001|2|PRIME_TARGETED_FIXED|1|07|1|NRC_IMAGE|20|13|NIRCAM|NRCB2|SHORT|5|HH211NIRCAM|NULL|FIXED|NIRCam Imaging|SCIENCE|13|1|4|1|1|B|F210M|CLEAR|1|INTRAMODULEX|NULL|4|NULL|1|1|NULL|NRCB2_FULL|2026_1b|FULL|NULL|NULL|NULL|NULL|NULL|[('o003', 'OBSERVATION')]|NULL|NULL|NULL|F|F|NULL|NULL|NULL|NULL|NULL|NULL|NULL|NULL|1|4|NONE
jw01257003001_02107_00001_nrcb3_uncal.fits|V01257003001P0000000002107|1257|3|1|01257003001|2|PRIME_TARGETED_FIXED|1|07|1|NRC_IMAGE|20|13|NIRCAM|NRCB3|SHORT|5|HH211NIRCAM|NULL|FIXED|NIRCam Imaging|SCIENCE|13|1|4|1|1|B|F210M|CLEAR|1|INTRAMODULEX|NULL|4|NULL|1|1|NULL|NRCB3_FULL|2026_1b|FULL|NULL|NULL|NULL|NULL|NULL|[('o003', 'OBSERVATION')]|NULL|NULL|NULL|F|F|NULL|NULL|NULL|NULL|NULL|NULL|NULL|NULL|1|4|NONE
jw01257003001_02107_00001_nrcb4_uncal.fits|V01257003001P0000000002107|1257|3|1|01257003001|2|PRIME_TARGETED_FIXED|1|07|1|NRC_IMAGE|20|13|NIRCAM|NRCB4|SHORT|5|HH211NIRCAM|NULL|FIXED|NIRCam Imaging|SCIENCE|13|1|4|1|1|B|F210M|CLEAR|1|INTRAMODULEX|NULL|4|NULL|1|1|NULL|NRCB4_FULL|2026_1b|FULL|NULL|NULL|NULL|NULL|NULL|[('o003', 'OBSERVATION')]|NULL|NULL|NULL|F|F|NULL|NULL|NULL|NULL|NULL|NULL|NULL|NULL|1|4|NONE
jw01257003001_02107_00001_nrcblong_uncal.fits|V01257003001P0000000002107|1257|3|1|01257003001|2|PRIME_TARGETED_FIXED|1|07|1|NRC_IMAGE|20|13|NIRCAM|NRCBLONG|LONG|5|HH211NIRCAM|NULL|FIXED|NIRCam Imaging|SCIENCE|13|1|4|1|1|B|F460M|CLEAR|1|INTRAMODULEX|NULL|4|NULL|1|1|NULL|NRCB5_FULL|2026_1b|FULL|NULL|NULL|NULL|NULL|NULL|[('o003', 'OBSERVATION')]|NULL|NULL|NULL|F|F|NULL|NULL|NULL|NULL|NULL|NULL|NULL|NULL|1|4|NONE
jw01257003001_02107_00002_nrca1_uncal.fits|V01257003001P0000000002107|1257|3|1|01257003001|2|PRIME_TARGETED_FIXED|1|07|2|NRC_IMAGE|20|13|NIRCAM|NRCA1|SHORT|5|HH211NIRCAM|NULL|FIXED|NIRCam Imaging|SCIENCE|14|1|4|2|1|A|F210M|CLEAR|1|INTRAMODULEX|NULL|4|NULL|1|2|NULL|NRCA1_FULL|2026_1b|FULL|NULL|NULL|NULL|NULL|NULL|[('o003', 'OBSERVATION')]|NULL|NULL|NULL|F|F|NULL|NULL|NULL|NULL|NULL|NULL|NULL|NULL|1|4|NONE
jw01257003001_02107_00002_nrca2_uncal.fits|V01257003001P0000000002107|1257|3|1|01257003001|2|PRIME_TARGETED_FIXED|1|07|2|NRC_IMAGE|20|13|NIRCAM|NRCA2|SHORT|5|HH211NIRCAM|NULL|FIXED|NIRCam Imaging|SCIENCE|14|1|4|2|1|A|F210M|CLEAR|1|INTRAMODULEX|NULL|4|NULL|1|2|NULL|NRCA2_FULL|2026_1b|FULL|NULL|NULL|NULL|NULL|NULL|[('o003', 'OBSERVATION')]|NULL|NULL|NULL|F|F|NULL|NULL|NULL|NULL|NULL|NULL|NULL|NULL|1|4|NONE
jw01257003001_02107_00002_nrca3_uncal.fits|V01257003001P0000000002107|1257|3|1|01257003001|2|PRIME_TARGETED_FIXED|1|07|2|NRC_IMAGE|20|13|NIRCAM|NRCA3|SHORT|5|HH211NIRCAM|NULL|FIXED|NIRCam Imaging|SCIENCE|14|1|4|2|1|A|F210M|CLEAR|1|INTRAMODULEX|NULL|4|NULL|1|2|NULL|NRCA3_FULL|2026_1b|FULL|NULL|NULL|NULL|NULL|NULL|[('o003', 'OBSERVATION')]|NULL|NULL|NULL|F|F|NULL|NULL|NULL|NULL|NULL|NULL|NULL|NULL|1|4|NONE
jw01257003001_02107_00002_nrca4_uncal.fits|V01257003001P0000000002107|1257|3|1|01257003001|2|PRIME_TARGETED_FIXED|1|07|2|NRC_IMAGE|20|13|NIRCAM|NRCA4|SHORT|5|HH211NIRCAM|NULL|FIXED|NIRCam Imaging|SCIENCE|14|1|4|2|1|A|F210M|CLEAR|1|INTRAMODULEX|NULL|4|NULL|1|2|NULL|NRCA4_FULL|2026_1b|FULL|NULL|NULL|NULL|NULL|NULL|[('o003', 'OBSERVATION')]|NULL|NULL|NULL|F|F|NULL|NULL|NULL|NULL|NULL|NULL|NULL|NULL|1|4|NONE
jw01257003001_02107_00002_nrcalong_uncal.fits|V01257003001P0000000002107|1257|3|1|01257003001|2|PRIME_TARGETED_FIXED|1|07|2|NRC_IMAGE|20|13|NIRCAM|NRCALONG|LONG|5|HH211NIRCAM|NULL|FIXED|NIRCam Imaging|SCIENCE|14|1|4|2|1|A|F460M|CLEAR|1|INTRAMODULEX|NULL|4|NULL|1|2|NULL|NRCA5_FULL|2026_1b|FULL|NULL|NULL|NULL|NULL|NULL|[('o003', 'OBSERVATION')]|NULL|NULL|NULL|F|F|NULL|NULL|NULL|NULL|NULL|NULL|NULL|NULL|1|4|NONE
jw01257003001_02107_00002_nrcb1_uncal.fits|V01257003001P0000000002107|1257|3|1|01257003001|2|PRIME_TARGETED_FIXED|1|07|2|NRC_IMAGE|20|13|NIRCAM|NRCB1|SHORT|5|HH211NIRCAM|NULL|FIXED|NIRCam Imaging|SCIENCE|14|1|4|2|1|B|F210M|CLEAR|1|INTRAMODULEX|NULL|4|NULL|1|2|NULL|NRCB1_FULL|2026_1b|FULL|NULL|NULL|NULL|NULL|NULL|[('o003', 'OBSERVATION')]|NULL|NULL|NULL|F|F|NULL|NULL|NULL|NULL|NULL|NULL|NULL|NULL|1|4|NONE
jw01257003001_02107_00002_nrcb2_uncal.fits|V01257003001P0000000002107|1257|3|1|01257003001|2|PRIME_TARGETED_FIXED|1|07|2|NRC_IMAGE|20|13|NIRCAM|NRCB2|SHORT|5|HH211NIRCAM|NULL|FIXED|NIRCam Imaging|SCIENCE|14|1|4|2|1|B|F210M|CLEAR|1|INTRAMODULEX|NULL|4|NULL|1|2|NULL|NRCB2_FULL|2026_1b|FULL|NULL|NULL|NULL|NULL|NULL|[('o003', 'OBSERVATION')]|NULL|NULL|NULL|F|F|NULL|NULL|NULL|NULL|NULL|NULL|NULL|NULL|1|4|NONE
jw01257003001_02107_00002_nrcb3_uncal.fits|V01257003001P0000000002107|1257|3|1|01257003001|2|PRIME_TARGETED_FIXED|1|07|2|NRC_IMAGE|20|13|NIRCAM|NRCB3|SHORT|5|HH211NIRCAM|NULL|FIXED|NIRCam Imaging|SCIENCE|14|1|4|2|1|B|F210M|CLEAR|1|INTRAMODULEX|NULL|4|NULL|1|2|NULL|NRCB3_FULL|2026_1b|FULL|NULL|NULL|NULL|NULL|NULL|[('o003', 'OBSERVATION')]|NULL|NULL|NULL|F|F|NULL|NULL|NULL|NULL|NULL|NULL|NULL|NULL|1|4|NONE
jw01257003001_02107_00002_nrcb4_uncal.fits|V01257003001P0000000002107|1257|3|1|01257003001|2|PRIME_TARGETED_FIXED|1|07|2|NRC_IMAGE|20|13|NIRCAM|NRCB4|SHORT|5|HH211NIRCAM|NULL|FIXED|NIRCam Imaging|SCIENCE|14|1|4|2|1|B|F210M|CLEAR|1|INTRAMODULEX|NULL|4|NULL|1|2|NULL|NRCB4_FULL|2026_1b|FULL|NULL|NULL|NULL|NULL|NULL|[('o003', 'OBSERVATION')]|NULL|NULL|NULL|F|F|NULL|NULL|NULL|NULL|NULL|NULL|NULL|NULL|1|4|NONE
jw01257003001_02107_00002_nrcblong_uncal.fits|V01257003001P0000000002107|1257|3|1|01257003001|2|PRIME_TARGETED_FIXED|1|07|2|NRC_IMAGE|20|13|NIRCAM|NRCBLONG|LONG|5|HH211NIRCAM|NULL|FIXED|NIRCam Imaging|SCIENCE|14|1|4|2|1|B|F460M|CLEAR|1|INTRAMODULEX|NULL|4|NULL|1|2|NULL|NRCB5_FULL|2026_1b|FULL|NULL|NULL|NULL|NULL|NULL|[('o003', 'OBSERVATION')]|NULL|NULL|NULL|F|F|NULL|NULL|NULL|NULL|NULL|NULL|NULL|NULL|1|4|NONE
jw01257003001_02107_00003_nrca1_uncal.fits|V01257003001P0000000002107|1257|3|1|01257003001|2|PRIME_TARGETED_FIXED|1|07|3|NRC_IMAGE|20|13|NIRCAM|NRCA1|SHORT|5|HH211NIRCAM|NULL|FIXED|NIRCam Imaging|SCIENCE|15|1|4|3|1|A|F210M|CLEAR|1|INTRAMODULEX|NULL|4|NULL|1|3|NULL|NRCA1_FULL|2026_1b|FULL|NULL|NULL|NULL|NULL|NULL|[('o003', 'OBSERVATION')]|NULL|NULL|NULL|F|F|NULL|NULL|NULL|NULL|NULL|NULL|NULL|NULL|1|4|NONE
jw01257003001_02107_00003_nrca2_uncal.fits|V01257003001P0000000002107|1257|3|1|01257003001|2|PRIME_TARGETED_FIXED|1|07|3|NRC_IMAGE|20|13|NIRCAM|NRCA2|SHORT|5|HH211NIRCAM|NULL|FIXED|NIRCam Imaging|SCIENCE|15|1|4|3|1|A|F210M|CLEAR|1|INTRAMODULEX|NULL|4|NULL|1|3|NULL|NRCA2_FULL|2026_1b|FULL|NULL|NULL|NULL|NULL|NULL|[('o003', 'OBSERVATION')]|NULL|NULL|NULL|F|F|NULL|NULL|NULL|NULL|NULL|NULL|NULL|NULL|1|4|NONE
jw01257003001_02107_00003_nrca3_uncal.fits|V01257003001P0000000002107|1257|3|1|01257003001|2|PRIME_TARGETED_FIXED|1|07|3|NRC_IMAGE|20|13|NIRCAM|NRCA3|SHORT|5|HH211NIRCAM|NULL|FIXED|NIRCam Imaging|SCIENCE|15|1|4|3|1|A|F210M|CLEAR|1|INTRAMODULEX|NULL|4|NULL|1|3|NULL|NRCA3_FULL|2026_1b|FULL|NULL|NULL|NULL|NULL|NULL|[('o003', 'OBSERVATION')]|NULL|NULL|NULL|F|F|NULL|NULL|NULL|NULL|NULL|NULL|NULL|NULL|1|4|NONE
jw01257003001_02107_00003_nrca4_uncal.fits|V01257003001P0000000002107|1257|3|1|01257003001|2|PRIME_TARGETED_FIXED|1|07|3|NRC_IMAGE|20|13|NIRCAM|NRCA4|SHORT|5|HH211NIRCAM|NULL|FIXED|NIRCam Imaging|SCIENCE|15|1|4|3|1|A|F210M|CLEAR|1|INTRAMODULEX|NULL|4|NULL|1|3|NULL|NRCA4_FULL|2026_1b|FULL|NULL|NULL|NULL|NULL|NULL|[('o003', 'OBSERVATION')]|NULL|NULL|NULL|F|F|NULL|NULL|NULL|NULL|NULL|NULL|NULL|NULL|1|4|NONE
jw01257003001_02107_00003_nrcalong_uncal.fits|V01257003001P0000000002107|1257|3|1|01257003001|2|PRIME_TARGETED_FIXED|1|07|3|NRC_IMAGE|20|13|NIRCAM|NRCALONG|LONG|5|HH211NIRCAM|NULL|FIXED|NIRCam Imaging|SCIENCE|15|1|4|3|1|A|F460M|CLEAR|1|INTRAMODULEX|NULL|4|NULL|1|3|NULL|NRCA5_FULL|2026_1b|FULL|NULL|NULL|NULL|NULL|NULL|[('o003', 'OBSERVATION')]|NULL|NULL|NULL|F|F|NULL|NULL|NULL|NULL|NULL|NULL|NULL|NULL|1|4|NONE
jw01257003001_02107_00003_nrcb1_uncal.fits|V01257003001P0000000002107|1257|3|1|01257003001|2|PRIME_TARGETED_FIXED|1|07|3|NRC_IMAGE|20|13|NIRCAM|NRCB1|SHORT|5|HH211NIRCAM|NULL|FIXED|NIRCam Imaging|SCIENCE|15|1|4|3|1|B|F210M|CLEAR|1|INTRAMODULEX|NULL|4|NULL|1|3|NULL|NRCB1_FULL|2026_1b|FULL|NULL|NULL|NULL|NULL|NULL|[('o003', 'OBSERVATION')]|NULL|NULL|NULL|F|F|NULL|NULL|NULL|NULL|NULL|NULL|NULL|NULL|1|4|NONE
jw01257003001_02107_00003_nrcb2_uncal.fits|V01257003001P0000000002107|1257|3|1|01257003001|2|PRIME_TARGETED_FIXED|1|07|3|NRC_IMAGE|20|13|NIRCAM|NRCB2|SHORT|5|HH211NIRCAM|NULL|FIXED|NIRCam Imaging|SCIENCE|15|1|4|3|1|B|F210M|CLEAR|1|INTRAMODULEX|NULL|4|NULL|1|3|NULL|NRCB2_FULL|2026_1b|FULL|NULL|NULL|NULL|NULL|NULL|[('o003', 'OBSERVATION')]|NULL|NULL|NULL|F|F|NULL|NULL|NULL|NULL|NULL|NULL|NULL|NULL|1|4|NONE
jw01257003001_02107_00003_nrcb3_uncal.fits|V01257003001P0000000002107|1257|3|1|01257003001|2|PRIME_TARGETED_FIXED|1|07|3|NRC_IMAGE|20|13|NIRCAM|NRCB3|SHORT|5|HH211NIRCAM|NULL|FIXED|NIRCam Imaging|SCIENCE|15|1|4|3|1|B|F210M|CLEAR|1|INTRAMODULEX|NULL|4|NULL|1|3|NULL|NRCB3_FULL|2026_1b|FULL|NULL|NULL|NULL|NULL|NULL|[('o003', 'OBSERVATION')]|NULL|NULL|NULL|F|F|NULL|NULL|NULL|NULL|NULL|NULL|NULL|NULL|1|4|NONE
jw01257003001_02107_00003_nrcb4_uncal.fits|V01257003001P0000000002107|1257|3|1|01257003001|2|PRIME_TARGETED_FIXED|1|07|3|NRC_IMAGE|20|13|NIRCAM|NRCB4|SHORT|5|HH211NIRCAM|NULL|FIXED|NIRCam Imaging|SCIENCE|15|1|4|3|1|B|F210M|CLEAR|1|INTRAMODULEX|NULL|4|NULL|1|3|NULL|NRCB4_FULL|2026_1b|FULL|NULL|NULL|NULL|NULL|NULL|[('o003', 'OBSERVATION')]|NULL|NULL|NULL|F|F|NULL|NULL|NULL|NULL|NULL|NULL|NULL|NULL|1|4|NONE
jw01257003001_02107_00003_nrcblong_uncal.fits|V01257003001P0000000002107|1257|3|1|01257003001|2|PRIME_TARGETED_FIXED|1|07|3|NRC_IMAGE|20|13|NIRCAM|NRCBLONG|LONG|5|HH211NIRCAM|NULL|FIXED|NIRCam Imaging|SCIENCE|15|1|4|3|1|B|F460M|CLEAR|1|INTRAMODULEX|NULL|4|NULL|1|3|NULL|NRCB5_FULL|2026_1b|FULL|NULL|NULL|NULL|NULL|NULL|[('o003', 'OBSERVATION')]|NULL|NULL|NULL|F|F|NULL|NULL|NULL|NULL|NULL|NULL|NULL|NULL|1|4|NONE
jw01257003001_02107_00004_nrca1_uncal.fits|V01257003001P0000000002107|1257|3|1|01257003001|2|PRIME_TARGETED_FIXED|1|07|4|NRC_IMAGE|20|13|NIRCAM|NRCA1|SHORT|5|HH211NIRCAM|NULL|FIXED|NIRCam Imaging|SCIENCE|16|1|4|4|1|A|F210M|CLEAR|1|INTRAMODULEX|NULL|4|NULL|1|4|NULL|NRCA1_FULL|2026_1b|FULL|NULL|NULL|NULL|NULL|NULL|[('o003', 'OBSERVATION')]|NULL|NULL|NULL|F|F|NULL|NULL|NULL|NULL|NULL|NULL|NULL|NULL|1|4|NONE
jw01257003001_02107_00004_nrca2_uncal.fits|V01257003001P0000000002107|1257|3|1|01257003001|2|PRIME_TARGETED_FIXED|1|07|4|NRC_IMAGE|20|13|NIRCAM|NRCA2|SHORT|5|HH211NIRCAM|NULL|FIXED|NIRCam Imaging|SCIENCE|16|1|4|4|1|A|F210M|CLEAR|1|INTRAMODULEX|NULL|4|NULL|1|4|NULL|NRCA2_FULL|2026_1b|FULL|NULL|NULL|NULL|NULL|NULL|[('o003', 'OBSERVATION')]|NULL|NULL|NULL|F|F|NULL|NULL|NULL|NULL|NULL|NULL|NULL|NULL|1|4|NONE
jw01257003001_02107_00004_nrca3_uncal.fits|V01257003001P0000000002107|1257|3|1|01257003001|2|PRIME_TARGETED_FIXED|1|07|4|NRC_IMAGE|20|13|NIRCAM|NRCA3|SHORT|5|HH211NIRCAM|NULL|FIXED|NIRCam Imaging|SCIENCE|16|1|4|4|1|A|F210M|CLEAR|1|INTRAMODULEX|NULL|4|NULL|1|4|NULL|NRCA3_FULL|2026_1b|FULL|NULL|NULL|NULL|NULL|NULL|[('o003', 'OBSERVATION')]|NULL|NULL|NULL|F|F|NULL|NULL|NULL|NULL|NULL|NULL|NULL|NULL|1|4|NONE
jw01257003001_02107_00004_nrca4_uncal.fits|V01257003001P0000000002107|1257|3|1|01257003001|2|PRIME_TARGETED_FIXED|1|07|4|NRC_IMAGE|20|13|NIRCAM|NRCA4|SHORT|5|HH211NIRCAM|NULL|FIXED|NIRCam Imaging|SCIENCE|16|1|4|4|1|A|F210M|CLEAR|1|INTRAMODULEX|NULL|4|NULL|1|4|NULL|NRCA4_FULL|2026_1b|FULL|NULL|NULL|NULL|NULL|NULL|[('o003', 'OBSERVATION')]|NULL|NULL|NULL|F|F|NULL|NULL|NULL|NULL|NULL|NULL|NULL|NULL|1|4|NONE
jw01257003001_02107_00004_nrcalong_uncal.fits|V01257003001P0000000002107|1257|3|1|01257003001|2|PRIME_TARGETED_FIXED|1|07|4|NRC_IMAGE|20|13|NIRCAM|NRCALONG|LONG|5|HH211NIRCAM|NULL|FIXED|NIRCam Imaging|SCIENCE|16|1|4|4|1|A|F460M|CLEAR|1|INTRAMODULEX|NULL|4|NULL|1|4|NULL|NRCA5_FULL|2026_1b|FULL|NULL|NULL|NULL|NULL|NULL|[('o003', 'OBSERVATION')]|NULL|NULL|NULL|F|F|NULL|NULL|NULL|NULL|NULL|NULL|NULL|NULL|1|4|NONE
jw01257003001_02107_00004_nrcb1_uncal.fits|V01257003001P0000000002107|1257|3|1|01257003001|2|PRIME_TARGETED_FIXED|1|07|4|NRC_IMAGE|20|13|NIRCAM|NRCB1|SHORT|5|HH211NIRCAM|NULL|FIXED|NIRCam Imaging|SCIENCE|16|1|4|4|1|B|F210M|CLEAR|1|INTRAMODULEX|NULL|4|NULL|1|4|NULL|NRCB1_FULL|2026_1b|FULL|NULL|NULL|NULL|NULL|NULL|[('o003', 'OBSERVATION')]|NULL|NULL|NULL|F|F|NULL|NULL|NULL|NULL|NULL|NULL|NULL|NULL|1|4|NONE
jw01257003001_02107_00004_nrcb2_uncal.fits|V01257003001P0000000002107|1257|3|1|01257003001|2|PRIME_TARGETED_FIXED|1|07|4|NRC_IMAGE|20|13|NIRCAM|NRCB2|SHORT|5|HH211NIRCAM|NULL|FIXED|NIRCam Imaging|SCIENCE|16|1|4|4|1|B|F210M|CLEAR|1|INTRAMODULEX|NULL|4|NULL|1|4|NULL|NRCB2_FULL|2026_1b|FULL|NULL|NULL|NULL|NULL|NULL|[('o003', 'OBSERVATION')]|NULL|NULL|NULL|F|F|NULL|NULL|NULL|NULL|NULL|NULL|NULL|NULL|1|4|NONE
jw01257003001_02107_00004_nrcb3_uncal.fits|V01257003001P0000000002107|1257|3|1|01257003001|2|PRIME_TARGETED_FIXED|1|07|4|NRC_IMAGE|20|13|NIRCAM|NRCB3|SHORT|5|HH211NIRCAM|NULL|FIXED|NIRCam Imaging|SCIENCE|16|1|4|4|1|B|F210M|CLEAR|1|INTRAMODULEX|NULL|4|NULL|1|4|NULL|NRCB3_FULL|2026_1b|FULL|NULL|NULL|NULL|NULL|NULL|[('o003', 'OBSERVATION')]|NULL|NULL|NULL|F|F|NULL|NULL|NULL|NULL|NULL|NULL|NULL|NULL|1|4|NONE
jw01257003001_02107_00004_nrcb4_uncal.fits|V01257003001P0000000002107|1257|3|1|01257003001|2|PRIME_TARGETED_FIXED|1|07|4|NRC_IMAGE|20|13|NIRCAM|NRCB4|SHORT|5|HH211NIRCAM|NULL|FIXED|NIRCam Imaging|SCIENCE|16|1|4|4|1|B|F210M|CLEAR|1|INTRAMODULEX|NULL|4|NULL|1|4|NULL|NRCB4_FULL|2026_1b|FULL|NULL|NULL|NULL|NULL|NULL|[('o003', 'OBSERVATION')]|NULL|NULL|NULL|F|F|NULL|NULL|NULL|NULL|NULL|NULL|NULL|NULL|1|4|NONE
jw01257003001_02107_00004_nrcblong_uncal.fits|V01257003001P0000000002107|1257|3|1|01257003001|2|PRIME_TARGETED_FIXED|1|07|4|NRC_IMAGE|20|13|NIRCAM|NRCBLONG|LONG|5|HH211NIRCAM|NULL|FIXED|NIRCam Imaging|SCIENCE|16|1|4|4|1|B|F460M|CLEAR|1|INTRAMODULEX|NULL|4|NULL|1|4|NULL|NRCB5_FULL|2026_1b|FULL|NULL|NULL|NULL|NULL|NULL|[('o003', 'OBSERVATION')]|NULL|NULL|NULL|F|F|NULL|NULL|NULL|NULL|NULL|NULL|NULL|NULL|1|4|NONE
jw01257003001_02109_00001_nrca1_uncal.fits|V01257003001P0000000002109|1257|3|1|01257003001|2|PRIME_TARGETED_FIXED|1|09|1|NRC_IMAGE|20|17|NIRCAM|NRCA1|SHORT|5|HH211NIRCAM|NULL|FIXED|NIRCam Imaging|SCIENCE|17|1|5|1|1|A|F150W2|F162M|1|INTRAMODULEX|NULL|4|NULL|1|1|NULL|NRCA1_FULL|2026_1b|FULL|NULL|NULL|NULL|NULL|NULL|[('o003', 'OBSERVATION')]|NULL|NULL|NULL|F|F|NULL|NULL|NULL|NULL|NULL|NULL|NULL|NULL|1|4|NONE
jw01257003001_02109_00001_nrca2_uncal.fits|V01257003001P0000000002109|1257|3|1|01257003001|2|PRIME_TARGETED_FIXED|1|09|1|NRC_IMAGE|20|17|NIRCAM|NRCA2|SHORT|5|HH211NIRCAM|NULL|FIXED|NIRCam Imaging|SCIENCE|17|1|5|1|1|A|F150W2|F162M|1|INTRAMODULEX|NULL|4|NULL|1|1|NULL|NRCA2_FULL|2026_1b|FULL|NULL|NULL|NULL|NULL|NULL|[('o003', 'OBSERVATION')]|NULL|NULL|NULL|F|F|NULL|NULL|NULL|NULL|NULL|NULL|NULL|NULL|1|4|NONE
jw01257003001_02109_00001_nrca3_uncal.fits|V01257003001P0000000002109|1257|3|1|01257003001|2|PRIME_TARGETED_FIXED|1|09|1|NRC_IMAGE|20|17|NIRCAM|NRCA3|SHORT|5|HH211NIRCAM|NULL|FIXED|NIRCam Imaging|SCIENCE|17|1|5|1|1|A|F150W2|F162M|1|INTRAMODULEX|NULL|4|NULL|1|1|NULL|NRCA3_FULL|2026_1b|FULL|NULL|NULL|NULL|NULL|NULL|[('o003', 'OBSERVATION')]|NULL|NULL|NULL|F|F|NULL|NULL|NULL|NULL|NULL|NULL|NULL|NULL|1|4|NONE
jw01257003001_02109_00001_nrca4_uncal.fits|V01257003001P0000000002109|1257|3|1|01257003001|2|PRIME_TARGETED_FIXED|1|09|1|NRC_IMAGE|20|17|NIRCAM|NRCA4|SHORT|5|HH211NIRCAM|NULL|FIXED|NIRCam Imaging|SCIENCE|17|1|5|1|1|A|F150W2|F162M|1|INTRAMODULEX|NULL|4|NULL|1|1|NULL|NRCA4_FULL|2026_1b|FULL|NULL|NULL|NULL|NULL|NULL|[('o003', 'OBSERVATION')]|NULL|NULL|NULL|F|F|NULL|NULL|NULL|NULL|NULL|NULL|NULL|NULL|1|4|NONE
jw01257003001_02109_00001_nrcalong_uncal.fits|V01257003001P0000000002109|1257|3|1|01257003001|2|PRIME_TARGETED_FIXED|1|09|1|NRC_IMAGE|20|17|NIRCAM|NRCALONG|LONG|5|HH211NIRCAM|NULL|FIXED|NIRCam Imaging|SCIENCE|17|1|5|1|1|A|F335M|CLEAR|1|INTRAMODULEX|NULL|4|NULL|1|1|NULL|NRCA5_FULL|2026_1b|FULL|NULL|NULL|NULL|NULL|NULL|[('o003', 'OBSERVATION')]|NULL|NULL|NULL|F|F|NULL|NULL|NULL|NULL|NULL|NULL|NULL|NULL|1|4|NONE
jw01257003001_02109_00001_nrcb1_uncal.fits|V01257003001P0000000002109|1257|3|1|01257003001|2|PRIME_TARGETED_FIXED|1|09|1|NRC_IMAGE|20|17|NIRCAM|NRCB1|SHORT|5|HH211NIRCAM|NULL|FIXED|NIRCam Imaging|SCIENCE|17|1|5|1|1|B|F150W2|F162M|1|INTRAMODULEX|NULL|4|NULL|1|1|NULL|NRCB1_FULL|2026_1b|FULL|NULL|NULL|NULL|NULL|NULL|[('o003', 'OBSERVATION')]|NULL|NULL|NULL|F|F|NULL|NULL|NULL|NULL|NULL|NULL|NULL|NULL|1|4|NONE
jw01257003001_02109_00001_nrcb2_uncal.fits|V01257003001P0000000002109|1257|3|1|01257003001|2|PRIME_TARGETED_FIXED|1|09|1|NRC_IMAGE|20|17|NIRCAM|NRCB2|SHORT|5|HH211NIRCAM|NULL|FIXED|NIRCam Imaging|SCIENCE|17|1|5|1|1|B|F150W2|F162M|1|INTRAMODULEX|NULL|4|NULL|1|1|NULL|NRCB2_FULL|2026_1b|FULL|NULL|NULL|NULL|NULL|NULL|[('o003', 'OBSERVATION')]|NULL|NULL|NULL|F|F|NULL|NULL|NULL|NULL|NULL|NULL|NULL|NULL|1|4|NONE
jw01257003001_02109_00001_nrcb3_uncal.fits|V01257003001P0000000002109|1257|3|1|01257003001|2|PRIME_TARGETED_FIXED|1|09|1|NRC_IMAGE|20|17|NIRCAM|NRCB3|SHORT|5|HH211NIRCAM|NULL|FIXED|NIRCam Imaging|SCIENCE|17|1|5|1|1|B|F150W2|F162M|1|INTRAMODULEX|NULL|4|NULL|1|1|NULL|NRCB3_FULL|2026_1b|FULL|NULL|NULL|NULL|NULL|NULL|[('o003', 'OBSERVATION')]|NULL|NULL|NULL|F|F|NULL|NULL|NULL|NULL|NULL|NULL|NULL|NULL|1|4|NONE
jw01257003001_02109_00001_nrcb4_uncal.fits|V01257003001P0000000002109|1257|3|1|01257003001|2|PRIME_TARGETED_FIXED|1|09|1|NRC_IMAGE|20|17|NIRCAM|NRCB4|SHORT|5|HH211NIRCAM|NULL|FIXED|NIRCam Imaging|SCIENCE|17|1|5|1|1|B|F150W2|F162M|1|INTRAMODULEX|NULL|4|NULL|1|1|NULL|NRCB4_FULL|2026_1b|FULL|NULL|NULL|NULL|NULL|NULL|[('o003', 'OBSERVATION')]|NULL|NULL|NULL|F|F|NULL|NULL|NULL|NULL|NULL|NULL|NULL|NULL|1|4|NONE
jw01257003001_02109_00001_nrcblong_uncal.fits|V01257003001P0000000002109|1257|3|1|01257003001|2|PRIME_TARGETED_FIXED|1|09|1|NRC_IMAGE|20|17|NIRCAM|NRCBLONG|LONG|5|HH211NIRCAM|NULL|FIXED|NIRCam Imaging|SCIENCE|17|1|5|1|1|B|F335M|CLEAR|1|INTRAMODULEX|NULL|4|NULL|1|1|NULL|NRCB5_FULL|2026_1b|FULL|NULL|NULL|NULL|NULL|NULL|[('o003', 'OBSERVATION')]|NULL|NULL|NULL|F|F|NULL|NULL|NULL|NULL|NULL|NULL|NULL|NULL|1|4|NONE
jw01257003001_02109_00002_nrca1_uncal.fits|V01257003001P0000000002109|1257|3|1|01257003001|2|PRIME_TARGETED_FIXED|1|09|2|NRC_IMAGE|20|17|NIRCAM|NRCA1|SHORT|5|HH211NIRCAM|NULL|FIXED|NIRCam Imaging|SCIENCE|18|1|5|2|1|A|F150W2|F162M|1|INTRAMODULEX|NULL|4|NULL|1|2|NULL|NRCA1_FULL|2026_1b|FULL|NULL|NULL|NULL|NULL|NULL|[('o003', 'OBSERVATION')]|NULL|NULL|NULL|F|F|NULL|NULL|NULL|NULL|NULL|NULL|NULL|NULL|1|4|NONE
jw01257003001_02109_00002_nrca2_uncal.fits|V01257003001P0000000002109|1257|3|1|01257003001|2|PRIME_TARGETED_FIXED|1|09|2|NRC_IMAGE|20|17|NIRCAM|NRCA2|SHORT|5|HH211NIRCAM|NULL|FIXED|NIRCam Imaging|SCIENCE|18|1|5|2|1|A|F150W2|F162M|1|INTRAMODULEX|NULL|4|NULL|1|2|NULL|NRCA2_FULL|2026_1b|FULL|NULL|NULL|NULL|NULL|NULL|[('o003', 'OBSERVATION')]|NULL|NULL|NULL|F|F|NULL|NULL|NULL|NULL|NULL|NULL|NULL|NULL|1|4|NONE
jw01257003001_02109_00002_nrca3_uncal.fits|V01257003001P0000000002109|1257|3|1|01257003001|2|PRIME_TARGETED_FIXED|1|09|2|NRC_IMAGE|20|17|NIRCAM|NRCA3|SHORT|5|HH211NIRCAM|NULL|FIXED|NIRCam Imaging|SCIENCE|18|1|5|2|1|A|F150W2|F162M|1|INTRAMODULEX|NULL|4|NULL|1|2|NULL|NRCA3_FULL|2026_1b|FULL|NULL|NULL|NULL|NULL|NULL|[('o003', 'OBSERVATION')]|NULL|NULL|NULL|F|F|NULL|NULL|NULL|NULL|NULL|NULL|NULL|NULL|1|4|NONE
jw01257003001_02109_00002_nrca4_uncal.fits|V01257003001P0000000002109|1257|3|1|01257003001|2|PRIME_TARGETED_FIXED|1|09|2|NRC_IMAGE|20|17|NIRCAM|NRCA4|SHORT|5|HH211NIRCAM|NULL|FIXED|NIRCam Imaging|SCIENCE|18|1|5|2|1|A|F150W2|F162M|1|INTRAMODULEX|NULL|4|NULL|1|2|NULL|NRCA4_FULL|2026_1b|FULL|NULL|NULL|NULL|NULL|NULL|[('o003', 'OBSERVATION')]|NULL|NULL|NULL|F|F|NULL|NULL|NULL|NULL|NULL|NULL|NULL|NULL|1|4|NONE
jw01257003001_02109_00002_nrcalong_uncal.fits|V01257003001P0000000002109|1257|3|1|01257003001|2|PRIME_TARGETED_FIXED|1|09|2|NRC_IMAGE|20|17|NIRCAM|NRCALONG|LONG|5|HH211NIRCAM|NULL|FIXED|NIRCam Imaging|SCIENCE|18|1|5|2|1|A|F335M|CLEAR|1|INTRAMODULEX|NULL|4|NULL|1|2|NULL|NRCA5_FULL|2026_1b|FULL|NULL|NULL|NULL|NULL|NULL|[('o003', 'OBSERVATION')]|NULL|NULL|NULL|F|F|NULL|NULL|NULL|NULL|NULL|NULL|NULL|NULL|1|4|NONE
jw01257003001_02109_00002_nrcb1_uncal.fits|V01257003001P0000000002109|1257|3|1|01257003001|2|PRIME_TARGETED_FIXED|1|09|2|NRC_IMAGE|20|17|NIRCAM|NRCB1|SHORT|5|HH211NIRCAM|NULL|FIXED|NIRCam Imaging|SCIENCE|18|1|5|2|1|B|F150W2|F162M|1|INTRAMODULEX|NULL|4|NULL|1|2|NULL|NRCB1_FULL|2026_1b|FULL|NULL|NULL|NULL|NULL|NULL|[('o003', 'OBSERVATION')]|NULL|NULL|NULL|F|F|NULL|NULL|NULL|NULL|NULL|NULL|NULL|NULL|1|4|NONE
jw01257003001_02109_00002_nrcb2_uncal.fits|V01257003001P0000000002109|1257|3|1|01257003001|2|PRIME_TARGETED_FIXED|1|09|2|NRC_IMAGE|20|17|NIRCAM|NRCB2|SHORT|5|HH211NIRCAM|NULL|FIXED|NIRCam Imaging|SCIENCE|18|1|5|2|1|B|F150W2|F162M|1|INTRAMODULEX|NULL|4|NULL|1|2|NULL|NRCB2_FULL|2026_1b|FULL|NULL|NULL|NULL|NULL|NULL|[('o003', 'OBSERVATION')]|NULL|NULL|NULL|F|F|NULL|NULL|NULL|NULL|NULL|NULL|NULL|NULL|1|4|NONE
jw01257003001_02109_00002_nrcb3_uncal.fits|V01257003001P0000000002109|1257|3|1|01257003001|2|PRIME_TARGETED_FIXED|1|09|2|NRC_IMAGE|20|17|NIRCAM|NRCB3|SHORT|5|HH211NIRCAM|NULL|FIXED|NIRCam Imaging|SCIENCE|18|1|5|2|1|B|F150W2|F162M|1|INTRAMODULEX|NULL|4|NULL|1|2|NULL|NRCB3_FULL|2026_1b|FULL|NULL|NULL|NULL|NULL|NULL|[('o003', 'OBSERVATION')]|NULL|NULL|NULL|F|F|NULL|NULL|NULL|NULL|NULL|NULL|NULL|NULL|1|4|NONE
jw01257003001_02109_00002_nrcb4_uncal.fits|V01257003001P0000000002109|1257|3|1|01257003001|2|PRIME_TARGETED_FIXED|1|09|2|NRC_IMAGE|20|17|NIRCAM|NRCB4|SHORT|5|HH211NIRCAM|NULL|FIXED|NIRCam Imaging|SCIENCE|18|1|5|2|1|B|F150W2|F162M|1|INTRAMODULEX|NULL|4|NULL|1|2|NULL|NRCB4_FULL|2026_1b|FULL|NULL|NULL|NULL|NULL|NULL|[('o003', 'OBSERVATION')]|NULL|NULL|NULL|F|F|NULL|NULL|NULL|NULL|NULL|NULL|NULL|NULL|1|4|NONE
jw01257003001_02109_00002_nrcblong_uncal.fits|V01257003001P0000000002109|1257|3|1|01257003001|2|PRIME_TARGETED_FIXED|1|09|2|NRC_IMAGE|20|17|NIRCAM|NRCBLONG|LONG|5|HH211NIRCAM|NULL|FIXED|NIRCam Imaging|SCIENCE|18|1|5|2|1|B|F335M|CLEAR|1|INTRAMODULEX|NULL|4|NULL|1|2|NULL|NRCB5_FULL|2026_1b|FULL|NULL|NULL|NULL|NULL|NULL|[('o003', 'OBSERVATION')]|NULL|NULL|NULL|F|F|NULL|NULL|NULL|NULL|NULL|NULL|NULL|NULL|1|4|NONE
jw01257003001_02109_00003_nrca1_uncal.fits|V01257003001P0000000002109|1257|3|1|01257003001|2|PRIME_TARGETED_FIXED|1|09|3|NRC_IMAGE|20|17|NIRCAM|NRCA1|SHORT|5|HH211NIRCAM|NULL|FIXED|NIRCam Imaging|SCIENCE|19|1|5|3|1|A|F150W2|F162M|1|INTRAMODULEX|NULL|4|NULL|1|3|NULL|NRCA1_FULL|2026_1b|FULL|NULL|NULL|NULL|NULL|NULL|[('o003', 'OBSERVATION')]|NULL|NULL|NULL|F|F|NULL|NULL|NULL|NULL|NULL|NULL|NULL|NULL|1|4|NONE
jw01257003001_02109_00003_nrca2_uncal.fits|V01257003001P0000000002109|1257|3|1|01257003001|2|PRIME_TARGETED_FIXED|1|09|3|NRC_IMAGE|20|17|NIRCAM|NRCA2|SHORT|5|HH211NIRCAM|NULL|FIXED|NIRCam Imaging|SCIENCE|19|1|5|3|1|A|F150W2|F162M|1|INTRAMODULEX|NULL|4|NULL|1|3|NULL|NRCA2_FULL|2026_1b|FULL|NULL|NULL|NULL|NULL|NULL|[('o003', 'OBSERVATION')]|NULL|NULL|NULL|F|F|NULL|NULL|NULL|NULL|NULL|NULL|NULL|NULL|1|4|NONE
jw01257003001_02109_00003_nrca3_uncal.fits|V01257003001P0000000002109|1257|3|1|01257003001|2|PRIME_TARGETED_FIXED|1|09|3|NRC_IMAGE|20|17|NIRCAM|NRCA3|SHORT|5|HH211NIRCAM|NULL|FIXED|NIRCam Imaging|SCIENCE|19|1|5|3|1|A|F150W2|F162M|1|INTRAMODULEX|NULL|4|NULL|1|3|NULL|NRCA3_FULL|2026_1b|FULL|NULL|NULL|NULL|NULL|NULL|[('o003', 'OBSERVATION')]|NULL|NULL|NULL|F|F|NULL|NULL|NULL|NULL|NULL|NULL|NULL|NULL|1|4|NONE
jw01257003001_02109_00003_nrca4_uncal.fits|V01257003001P0000000002109|1257|3|1|01257003001|2|PRIME_TARGETED_FIXED|1|09|3|NRC_IMAGE|20|17|NIRCAM|NRCA4|SHORT|5|HH211NIRCAM|NULL|FIXED|NIRCam Imaging|SCIENCE|19|1|5|3|1|A|F150W2|F162M|1|INTRAMODULEX|NULL|4|NULL|1|3|NULL|NRCA4_FULL|2026_1b|FULL|NULL|NULL|NULL|NULL|NULL|[('o003', 'OBSERVATION')]|NULL|NULL|NULL|F|F|NULL|NULL|NULL|NULL|NULL|NULL|NULL|NULL|1|4|NONE
jw01257003001_02109_00003_nrcalong_uncal.fits|V01257003001P0000000002109|1257|3|1|01257003001|2|PRIME_TARGETED_FIXED|1|09|3|NRC_IMAGE|20|17|NIRCAM|NRCALONG|LONG|5|HH211NIRCAM|NULL|FIXED|NIRCam Imaging|SCIENCE|19|1|5|3|1|A|F335M|CLEAR|1|INTRAMODULEX|NULL|4|NULL|1|3|NULL|NRCA5_FULL|2026_1b|FULL|NULL|NULL|NULL|NULL|NULL|[('o003', 'OBSERVATION')]|NULL|NULL|NULL|F|F|NULL|NULL|NULL|NULL|NULL|NULL|NULL|NULL|1|4|NONE
jw01257003001_02109_00003_nrcb1_uncal.fits|V01257003001P0000000002109|1257|3|1|01257003001|2|PRIME_TARGETED_FIXED|1|09|3|NRC_IMAGE|20|17|NIRCAM|NRCB1|SHORT|5|HH211NIRCAM|NULL|FIXED|NIRCam Imaging|SCIENCE|19|1|5|3|1|B|F150W2|F162M|1|INTRAMODULEX|NULL|4|NULL|1|3|NULL|NRCB1_FULL|2026_1b|FULL|NULL|NULL|NULL|NULL|NULL|[('o003', 'OBSERVATION')]|NULL|NULL|NULL|F|F|NULL|NULL|NULL|NULL|NULL|NULL|NULL|NULL|1|4|NONE
jw01257003001_02109_00003_nrcb2_uncal.fits|V01257003001P0000000002109|1257|3|1|01257003001|2|PRIME_TARGETED_FIXED|1|09|3|NRC_IMAGE|20|17|NIRCAM|NRCB2|SHORT|5|HH211NIRCAM|NULL|FIXED|NIRCam Imaging|SCIENCE|19|1|5|3|1|B|F150W2|F162M|1|INTRAMODULEX|NULL|4|NULL|1|3|NULL|NRCB2_FULL|2026_1b|FULL|NULL|NULL|NULL|NULL|NULL|[('o003', 'OBSERVATION')]|NULL|NULL|NULL|F|F|NULL|NULL|NULL|NULL|NULL|NULL|NULL|NULL|1|4|NONE
jw01257003001_02109_00003_nrcb3_uncal.fits|V01257003001P0000000002109|1257|3|1|01257003001|2|PRIME_TARGETED_FIXED|1|09|3|NRC_IMAGE|20|17|NIRCAM|NRCB3|SHORT|5|HH211NIRCAM|NULL|FIXED|NIRCam Imaging|SCIENCE|19|1|5|3|1|B|F150W2|F162M|1|INTRAMODULEX|NULL|4|NULL|1|3|NULL|NRCB3_FULL|2026_1b|FULL|NULL|NULL|NULL|NULL|NULL|[('o003', 'OBSERVATION')]|NULL|NULL|NULL|F|F|NULL|NULL|NULL|NULL|NULL|NULL|NULL|NULL|1|4|NONE
jw01257003001_02109_00003_nrcb4_uncal.fits|V01257003001P0000000002109|1257|3|1|01257003001|2|PRIME_TARGETED_FIXED|1|09|3|NRC_IMAGE|20|17|NIRCAM|NRCB4|SHORT|5|HH211NIRCAM|NULL|FIXED|NIRCam Imaging|SCIENCE|19|1|5|3|1|B|F150W2|F162M|1|INTRAMODULEX|NULL|4|NULL|1|3|NULL|NRCB4_FULL|2026_1b|FULL|NULL|NULL|NULL|NULL|NULL|[('o003', 'OBSERVATION')]|NULL|NULL|NULL|F|F|NULL|NULL|NULL|NULL|NULL|NULL|NULL|NULL|1|4|NONE
jw01257003001_02109_00003_nrcblong_uncal.fits|V01257003001P0000000002109|1257|3|1|01257003001|2|PRIME_TARGETED_FIXED|1|09|3|NRC_IMAGE|20|17|NIRCAM|NRCBLONG|LONG|5|HH211NIRCAM|NULL|FIXED|NIRCam Imaging|SCIENCE|19|1|5|3|1|B|F335M|CLEAR|1|INTRAMODULEX|NULL|4|NULL|1|3|NULL|NRCB5_FULL|2026_1b|FULL|NULL|NULL|NULL|NULL|NULL|[('o003', 'OBSERVATION')]|NULL|NULL|NULL|F|F|NULL|NULL|NULL|NULL|NULL|NULL|NULL|NULL|1|4|NONE
jw01257003001_02109_00004_nrca1_uncal.fits|V01257003001P0000000002109|1257|3|1|01257003001|2|PRIME_TARGETED_FIXED|1|09|4|NRC_IMAGE|20|17|NIRCAM|NRCA1|SHORT|5|HH211NIRCAM|NULL|FIXED|NIRCam Imaging|SCIENCE|20|1|5|4|1|A|F150W2|F162M|1|INTRAMODULEX|NULL|4|NULL|1|4|NULL|NRCA1_FULL|2026_1b|FULL|NULL|NULL|NULL|NULL|NULL|[('o003', 'OBSERVATION')]|NULL|NULL|NULL|F|F|NULL|NULL|NULL|NULL|NULL|NULL|NULL|NULL|1|4|NONE
jw01257003001_02109_00004_nrca2_uncal.fits|V01257003001P0000000002109|1257|3|1|01257003001|2|PRIME_TARGETED_FIXED|1|09|4|NRC_IMAGE|20|17|NIRCAM|NRCA2|SHORT|5|HH211NIRCAM|NULL|FIXED|NIRCam Imaging|SCIENCE|20|1|5|4|1|A|F150W2|F162M|1|INTRAMODULEX|NULL|4|NULL|1|4|NULL|NRCA2_FULL|2026_1b|FULL|NULL|NULL|NULL|NULL|NULL|[('o003', 'OBSERVATION')]|NULL|NULL|NULL|F|F|NULL|NULL|NULL|NULL|NULL|NULL|NULL|NULL|1|4|NONE
jw01257003001_02109_00004_nrca3_uncal.fits|V01257003001P0000000002109|1257|3|1|01257003001|2|PRIME_TARGETED_FIXED|1|09|4|NRC_IMAGE|20|17|NIRCAM|NRCA3|SHORT|5|HH211NIRCAM|NULL|FIXED|NIRCam Imaging|SCIENCE|20|1|5|4|1|A|F150W2|F162M|1|INTRAMODULEX|NULL|4|NULL|1|4|NULL|NRCA3_FULL|2026_1b|FULL|NULL|NULL|NULL|NULL|NULL|[('o003', 'OBSERVATION')]|NULL|NULL|NULL|F|F|NULL|NULL|NULL|NULL|NULL|NULL|NULL|NULL|1|4|NONE
jw01257003001_02109_00004_nrca4_uncal.fits|V01257003001P0000000002109|1257|3|1|01257003001|2|PRIME_TARGETED_FIXED|1|09|4|NRC_IMAGE|20|17|NIRCAM|NRCA4|SHORT|5|HH211NIRCAM|NULL|FIXED|NIRCam Imaging|SCIENCE|20|1|5|4|1|A|F150W2|F162M|1|INTRAMODULEX|NULL|4|NULL|1|4|NULL|NRCA4_FULL|2026_1b|FULL|NULL|NULL|NULL|NULL|NULL|[('o003', 'OBSERVATION')]|NULL|NULL|NULL|F|F|NULL|NULL|NULL|NULL|NULL|NULL|NULL|NULL|1|4|NONE
jw01257003001_02109_00004_nrcalong_uncal.fits|V01257003001P0000000002109|1257|3|1|01257003001|2|PRIME_TARGETED_FIXED|1|09|4|NRC_IMAGE|20|17|NIRCAM|NRCALONG|LONG|5|HH211NIRCAM|NULL|FIXED|NIRCam Imaging|SCIENCE|20|1|5|4|1|A|F335M|CLEAR|1|INTRAMODULEX|NULL|4|NULL|1|4|NULL|NRCA5_FULL|2026_1b|FULL|NULL|NULL|NULL|NULL|NULL|[('o003', 'OBSERVATION')]|NULL|NULL|NULL|F|F|NULL|NULL|NULL|NULL|NULL|NULL|NULL|NULL|1|4|NONE
jw01257003001_02109_00004_nrcb1_uncal.fits|V01257003001P0000000002109|1257|3|1|01257003001|2|PRIME_TARGETED_FIXED|1|09|4|NRC_IMAGE|20|17|NIRCAM|NRCB1|SHORT|5|HH211NIRCAM|NULL|FIXED|NIRCam Imaging|SCIENCE|20|1|5|4|1|B|F150W2|F162M|1|INTRAMODULEX|NULL|4|NULL|1|4|NULL|NRCB1_FULL|2026_1b|FULL|NULL|NULL|NULL|NULL|NULL|[('o003', 'OBSERVATION')]|NULL|NULL|NULL|F|F|NULL|NULL|NULL|NULL|NULL|NULL|NULL|NULL|1|4|NONE
jw01257003001_02109_00004_nrcb2_uncal.fits|V01257003001P0000000002109|1257|3|1|01257003001|2|PRIME_TARGETED_FIXED|1|09|4|NRC_IMAGE|20|17|NIRCAM|NRCB2|SHORT|5|HH211NIRCAM|NULL|FIXED|NIRCam Imaging|SCIENCE|20|1|5|4|1|B|F150W2|F162M|1|INTRAMODULEX|NULL|4|NULL|1|4|NULL|NRCB2_FULL|2026_1b|FULL|NULL|NULL|NULL|NULL|NULL|[('o003', 'OBSERVATION')]|NULL|NULL|NULL|F|F|NULL|NULL|NULL|NULL|NULL|NULL|NULL|NULL|1|4|NONE
jw01257003001_02109_00004_nrcb3_uncal.fits|V01257003001P0000000002109|1257|3|1|01257003001|2|PRIME_TARGETED_FIXED|1|09|4|NRC_IMAGE|20|17|NIRCAM|NRCB3|SHORT|5|HH211NIRCAM|NULL|FIXED|NIRCam Imaging|SCIENCE|20|1|5|4|1|B|F150W2|F162M|1|INTRAMODULEX|NULL|4|NULL|1|4|NULL|NRCB3_FULL|2026_1b|FULL|NULL|NULL|NULL|NULL|NULL|[('o003', 'OBSERVATION')]|NULL|NULL|NULL|F|F|NULL|NULL|NULL|NULL|NULL|NULL|NULL|NULL|1|4|NONE
jw01257003001_02109_00004_nrcb4_uncal.fits|V01257003001P0000000002109|1257|3|1|01257003001|2|PRIME_TARGETED_FIXED|1|09|4|NRC_IMAGE|20|17|NIRCAM|NRCB4|SHORT|5|HH211NIRCAM|NULL|FIXED|NIRCam Imaging|SCIENCE|20|1|5|4|1|B|F150W2|F162M|1|INTRAMODULEX|NULL|4|NULL|1|4|NULL|NRCB4_FULL|2026_1b|FULL|NULL|NULL|NULL|NULL|NULL|[('o003', 'OBSERVATION')]|NULL|NULL|NULL|F|F|NULL|NULL|NULL|NULL|NULL|NULL|NULL|NULL|1|4|NONE
jw01257003001_02109_00004_nrcblong_uncal.fits|V01257003001P0000000002109|1257|3|1|01257003001|2|PRIME_TARGETED_FIXED|1|09|4|NRC_IMAGE|20|17|NIRCAM|NRCBLONG|LONG|5|HH211NIRCAM|NULL|FIXED|NIRCam Imaging|SCIENCE|20|1|5|4|1|B|F335M|CLEAR|1|INTRAMODULEX|NULL|4|NULL|1|4|NULL|NRCB5_FULL|2026_1b|FULL|NULL|NULL|NULL|NULL|NULL|[('o003', 'OBSERVATION')]|NULL|NULL|NULL|F|F|NULL|NULL|NULL|NULL|NULL|NULL|NULL|NULL|1|4|NONE
jw01257004001_02101_00001_nrs1_uncal.fits|V01257004001P0000000002101|1257|4|1|01257004001|2|PRIME_TARGETED_FIXED|1|01|1|NRS_IFU|48|1|NIRSPEC|NRS1|NULL|4|HH211-SW-BOW-SHOCK|HH211-SW-BOW-SHOCK|FIXED|NIRSpec IFU Spectroscopy|SCIENCE|1|1|1|1|1|NULL|F290LP|NULL|1|2-POINT-NOD|NULL|2|NULL|NULL|1|NULL|NRS_FULL_IFU|2026_1b|FULL|G395H|NULL|NULL|0.3194569|0.144763887|[('o004', 'OBSERVATION')]|NULL|NULL|F|F|F|NULL|NULL|IFU|NONE|NULL|NULL|NULL|NULL|2|6|NONE
jw01257004001_02101_00001_nrs2_uncal.fits|V01257004001P0000000002101|1257|4|1|01257004001|2|PRIME_TARGETED_FIXED|1|01|1|NRS_IFU|48|1|NIRSPEC|NRS2|NULL|4|HH211-SW-BOW-SHOCK|HH211-SW-BOW-SHOCK|FIXED|NIRSpec IFU Spectroscopy|SCIENCE|1|1|1|1|1|NULL|F290LP|NULL|1|2-POINT-NOD|NULL|2|NULL|NULL|1|NULL|NRS_FULL_IFU|2026_1b|FULL|G395H|NULL|NULL|0.3194569|0.144763887|[('o004', 'OBSERVATION')]|NULL|NULL|F|F|F|NULL|NULL|IFU|NONE|NULL|NULL|NULL|NULL|2|6|NONE
jw01257004001_02101_00002_nrs1_uncal.fits|V01257004001P0000000002101|1257|4|1|01257004001|2|PRIME_TARGETED_FIXED|1|01|2|NRS_IFU|48|1|NIRSPEC|NRS1|NULL|4|HH211-SW-BOW-SHOCK|HH211-SW-BOW-SHOCK|FIXED|NIRSpec IFU Spectroscopy|SCIENCE|2|1|1|2|1|NULL|F290LP|NULL|1|2-POINT-NOD|NULL|2|NULL|NULL|2|NULL|NRS_FULL_IFU|2026_1b|FULL|G395H|NULL|NULL|0.3194569|0.144763887|[('o004', 'OBSERVATION')]|NULL|NULL|F|F|F|NULL|NULL|IFU|NONE|NULL|NULL|NULL|NULL|2|6|NONE
jw01257004001_02101_00002_nrs2_uncal.fits|V01257004001P0000000002101|1257|4|1|01257004001|2|PRIME_TARGETED_FIXED|1|01|2|NRS_IFU|48|1|NIRSPEC|NRS2|NULL|4|HH211-SW-BOW-SHOCK|HH211-SW-BOW-SHOCK|FIXED|NIRSpec IFU Spectroscopy|SCIENCE|2|1|1|2|1|NULL|F290LP|NULL|1|2-POINT-NOD|NULL|2|NULL|NULL|2|NULL|NRS_FULL_IFU|2026_1b|FULL|G395H|NULL|NULL|0.3194569|0.144763887|[('o004', 'OBSERVATION')]|NULL|NULL|F|F|F|NULL|NULL|IFU|NONE|NULL|NULL|NULL|NULL|2|6|NONE
jw01257004001_02103_00001_nrs1_uncal.fits|V01257004001P0000000002103|1257|4|1|01257004001|2|PRIME_TARGETED_FIXED|1|03|1|NRS_IFU|48|3|NIRSPEC|NRS1|NULL|4|HH211-SW-BOW-SHOCK|HH211-SW-BOW-SHOCK|FIXED|NIRSpec IFU Spectroscopy|SCIENCE|3|1|1|1|2|NULL|F290LP|NULL|1|2-POINT-NOD|NULL|2|NULL|NULL|1|NULL|NRS_FULL_IFU|2026_1b|FULL|G395H|NULL|NULL|0.3194569|0.144763887|[('o004', 'OBSERVATION')]|NULL|NULL|F|F|F|NULL|NULL|IFU|NONE|NULL|NULL|NULL|NULL|2|6|NONE
jw01257004001_02103_00001_nrs2_uncal.fits|V01257004001P0000000002103|1257|4|1|01257004001|2|PRIME_TARGETED_FIXED|1|03|1|NRS_IFU|48|3|NIRSPEC|NRS2|NULL|4|HH211-SW-BOW-SHOCK|HH211-SW-BOW-SHOCK|FIXED|NIRSpec IFU Spectroscopy|SCIENCE|3|1|1|1|2|NULL|F290LP|NULL|1|2-POINT-NOD|NULL|2|NULL|NULL|1|NULL|NRS_FULL_IFU|2026_1b|FULL|G395H|NULL|NULL|0.3194569|0.144763887|[('o004', 'OBSERVATION')]|NULL|NULL|F|F|F|NULL|NULL|IFU|NONE|NULL|NULL|NULL|NULL|2|6|NONE
jw01257004001_02103_00002_nrs1_uncal.fits|V01257004001P0000000002103|1257|4|1|01257004001|2|PRIME_TARGETED_FIXED|1|03|2|NRS_IFU|48|3|NIRSPEC|NRS1|NULL|4|HH211-SW-BOW-SHOCK|HH211-SW-BOW-SHOCK|FIXED|NIRSpec IFU Spectroscopy|SCIENCE|4|1|1|2|2|NULL|F290LP|NULL|1|2-POINT-NOD|NULL|2|NULL|NULL|2|NULL|NRS_FULL_IFU|2026_1b|FULL|G395H|NULL|NULL|0.3194569|0.144763887|[('o004', 'OBSERVATION')]|NULL|NULL|F|F|F|NULL|NULL|IFU|NONE|NULL|NULL|NULL|NULL|2|6|NONE
jw01257004001_02103_00002_nrs2_uncal.fits|V01257004001P0000000002103|1257|4|1|01257004001|2|PRIME_TARGETED_FIXED|1|03|2|NRS_IFU|48|3|NIRSPEC|NRS2|NULL|4|HH211-SW-BOW-SHOCK|HH211-SW-BOW-SHOCK|FIXED|NIRSpec IFU Spectroscopy|SCIENCE|4|1|1|2|2|NULL|F290LP|NULL|1|2-POINT-NOD|NULL|2|NULL|NULL|2|NULL|NRS_FULL_IFU|2026_1b|FULL|G395H|NULL|NULL|0.3194569|0.144763887|[('o004', 'OBSERVATION')]|NULL|NULL|F|F|F|NULL|NULL|IFU|NONE|NULL|NULL|NULL|NULL|2|6|NONE
jw01257004001_02105_00001_nrs1_uncal.fits|V01257004001P0000000002105|1257|4|1|01257004001|2|PRIME_TARGETED_FIXED|1|05|1|NRS_IFU|48|5|NIRSPEC|NRS1|NULL|4|HH211-SW-BOW-SHOCK|HH211-SW-BOW-SHOCK|FIXED|NIRSpec IFU Spectroscopy|SCIENCE|5|1|1|1|3|NULL|F290LP|NULL|1|2-POINT-NOD|NULL|2|NULL|NULL|1|NULL|NRS_FULL_IFU|2026_1b|FULL|G395H|NULL|NULL|0.3194569|0.144763887|[('o004', 'OBSERVATION')]|NULL|NULL|F|F|F|NULL|NULL|IFU|NONE|NULL|NULL|NULL|NULL|2|6|NONE
jw01257004001_02105_00001_nrs2_uncal.fits|V01257004001P0000000002105|1257|4|1|01257004001|2|PRIME_TARGETED_FIXED|1|05|1|NRS_IFU|48|5|NIRSPEC|NRS2|NULL|4|HH211-SW-BOW-SHOCK|HH211-SW-BOW-SHOCK|FIXED|NIRSpec IFU Spectroscopy|SCIENCE|5|1|1|1|3|NULL|F290LP|NULL|1|2-POINT-NOD|NULL|2|NULL|NULL|1|NULL|NRS_FULL_IFU|2026_1b|FULL|G395H|NULL|NULL|0.3194569|0.144763887|[('o004', 'OBSERVATION')]|NULL|NULL|F|F|F|NULL|NULL|IFU|NONE|NULL|NULL|NULL|NULL|2|6|NONE
jw01257004001_02105_00002_nrs1_uncal.fits|V01257004001P0000000002105|1257|4|1|01257004001|2|PRIME_TARGETED_FIXED|1|05|2|NRS_IFU|48|5|NIRSPEC|NRS1|NULL|4|HH211-SW-BOW-SHOCK|HH211-SW-BOW-SHOCK|FIXED|NIRSpec IFU Spectroscopy|SCIENCE|6|1|1|2|3|NULL|F290LP|NULL|1|2-POINT-NOD|NULL|2|NULL|NULL|2|NULL|NRS_FULL_IFU|2026_1b|FULL|G395H|NULL|NULL|0.3194569|0.144763887|[('o004', 'OBSERVATION')]|NULL|NULL|F|F|F|NULL|NULL|IFU|NONE|NULL|NULL|NULL|NULL|2|6|NONE
jw01257004001_02105_00002_nrs2_uncal.fits|V01257004001P0000000002105|1257|4|1|01257004001|2|PRIME_TARGETED_FIXED|1|05|2|NRS_IFU|48|5|NIRSPEC|NRS2|NULL|4|HH211-SW-BOW-SHOCK|HH211-SW-BOW-SHOCK|FIXED|NIRSpec IFU Spectroscopy|SCIENCE|6|1|1|2|3|NULL|F290LP|NULL|1|2-POINT-NOD|NULL|2|NULL|NULL|2|NULL|NRS_FULL_IFU|2026_1b|FULL|G395H|NULL|NULL|0.3194569|0.144763887|[('o004', 'OBSERVATION')]|NULL|NULL|F|F|F|NULL|NULL|IFU|NONE|NULL|NULL|NULL|NULL|2|6|NONE
jw01257004001_02107_00001_nrs1_uncal.fits|V01257004001P0000000002107|1257|4|1|01257004001|2|PRIME_TARGETED_FIXED|1|07|1|NRS_IFU|48|7|NIRSPEC|NRS1|NULL|4|HH211-SW-BOW-SHOCK|HH211-SW-BOW-SHOCK|FIXED|NIRSpec IFU Spectroscopy|SCIENCE|7|1|1|1|6|NULL|F290LP|NULL|1|2-POINT-NOD|NULL|2|NULL|NULL|1|NULL|NRS_FULL_IFU|2026_1b|FULL|G395H|NULL|NULL|0.3194569|0.144763887|[('o004', 'OBSERVATION')]|NULL|NULL|F|F|F|NULL|NULL|IFU|NONE|NULL|NULL|NULL|NULL|2|6|NONE
jw01257004001_02107_00001_nrs2_uncal.fits|V01257004001P0000000002107|1257|4|1|01257004001|2|PRIME_TARGETED_FIXED|1|07|1|NRS_IFU|48|7|NIRSPEC|NRS2|NULL|4|HH211-SW-BOW-SHOCK|HH211-SW-BOW-SHOCK|FIXED|NIRSpec IFU Spectroscopy|SCIENCE|7|1|1|1|6|NULL|F290LP|NULL|1|2-POINT-NOD|NULL|2|NULL|NULL|1|NULL|NRS_FULL_IFU|2026_1b|FULL|G395H|NULL|NULL|0.3194569|0.144763887|[('o004', 'OBSERVATION')]|NULL|NULL|F|F|F|NULL|NULL|IFU|NONE|NULL|NULL|NULL|NULL|2|6|NONE
jw01257004001_02107_00002_nrs1_uncal.fits|V01257004001P0000000002107|1257|4|1|01257004001|2|PRIME_TARGETED_FIXED|1|07|2|NRS_IFU|48|7|NIRSPEC|NRS1|NULL|4|HH211-SW-BOW-SHOCK|HH211-SW-BOW-SHOCK|FIXED|NIRSpec IFU Spectroscopy|SCIENCE|8|1|1|2|6|NULL|F290LP|NULL|1|2-POINT-NOD|NULL|2|NULL|NULL|2|NULL|NRS_FULL_IFU|2026_1b|FULL|G395H|NULL|NULL|0.3194569|0.144763887|[('o004', 'OBSERVATION')]|NULL|NULL|F|F|F|NULL|NULL|IFU|NONE|NULL|NULL|NULL|NULL|2|6|NONE
jw01257004001_02107_00002_nrs2_uncal.fits|V01257004001P0000000002107|1257|4|1|01257004001|2|PRIME_TARGETED_FIXED|1|07|2|NRS_IFU|48|7|NIRSPEC|NRS2|NULL|4|HH211-SW-BOW-SHOCK|HH211-SW-BOW-SHOCK|FIXED|NIRSpec IFU Spectroscopy|SCIENCE|8|1|1|2|6|NULL|F290LP|NULL|1|2-POINT-NOD|NULL|2|NULL|NULL|2|NULL|NRS_FULL_IFU|2026_1b|FULL|G395H|NULL|NULL|0.3194569|0.144763887|[('o004', 'OBSERVATION')]|NULL|NULL|F|F|F|NULL|NULL|IFU|NONE|NULL|NULL|NULL|NULL|2|6|NONE
jw01257004001_02109_00001_nrs1_uncal.fits|V01257004001P0000000002109|1257|4|1|01257004001|2|PRIME_TARGETED_FIXED|1|09|1|NRS_IFU|48|9|NIRSPEC|NRS1|NULL|4|HH211-SW-BOW-SHOCK|HH211-SW-BOW-SHOCK|FIXED|NIRSpec IFU Spectroscopy|SCIENCE|9|1|1|1|7|NULL|F290LP|NULL|1|2-POINT-NOD|NULL|2|NULL|NULL|1|NULL|NRS_FULL_IFU|2026_1b|FULL|G395H|NULL|NULL|0.3194569|0.144763887|[('o004', 'OBSERVATION')]|NULL|NULL|F|F|F|NULL|NULL|IFU|NONE|NULL|NULL|NULL|NULL|2|6|NONE
jw01257004001_02109_00001_nrs2_uncal.fits|V01257004001P0000000002109|1257|4|1|01257004001|2|PRIME_TARGETED_FIXED|1|09|1|NRS_IFU|48|9|NIRSPEC|NRS2|NULL|4|HH211-SW-BOW-SHOCK|HH211-SW-BOW-SHOCK|FIXED|NIRSpec IFU Spectroscopy|SCIENCE|9|1|1|1|7|NULL|F290LP|NULL|1|2-POINT-NOD|NULL|2|NULL|NULL|1|NULL|NRS_FULL_IFU|2026_1b|FULL|G395H|NULL|NULL|0.3194569|0.144763887|[('o004', 'OBSERVATION')]|NULL|NULL|F|F|F|NULL|NULL|IFU|NONE|NULL|NULL|NULL|NULL|2|6|NONE
jw01257004001_02109_00002_nrs1_uncal.fits|V01257004001P0000000002109|1257|4|1|01257004001|2|PRIME_TARGETED_FIXED|1|09|2|NRS_IFU|48|9|NIRSPEC|NRS1|NULL|4|HH211-SW-BOW-SHOCK|HH211-SW-BOW-SHOCK|FIXED|NIRSpec IFU Spectroscopy|SCIENCE|10|1|1|2|7|NULL|F290LP|NULL|1|2-POINT-NOD|NULL|2|NULL|NULL|2|NULL|NRS_FULL_IFU|2026_1b|FULL|G395H|NULL|NULL|0.3194569|0.144763887|[('o004', 'OBSERVATION')]|NULL|NULL|F|F|F|NULL|NULL|IFU|NONE|NULL|NULL|NULL|NULL|2|6|NONE
jw01257004001_02109_00002_nrs2_uncal.fits|V01257004001P0000000002109|1257|4|1|01257004001|2|PRIME_TARGETED_FIXED|1|09|2|NRS_IFU|48|9|NIRSPEC|NRS2|NULL|4|HH211-SW-BOW-SHOCK|HH211-SW-BOW-SHOCK|FIXED|NIRSpec IFU Spectroscopy|SCIENCE|10|1|1|2|7|NULL|F290LP|NULL|1|2-POINT-NOD|NULL|2|NULL|NULL|2|NULL|NRS_FULL_IFU|2026_1b|FULL|G395H|NULL|NULL|0.3194569|0.144763887|[('o004', 'OBSERVATION')]|NULL|NULL|F|F|F|NULL|NULL|IFU|NONE|NULL|NULL|NULL|NULL|2|6|NONE
jw01257004001_0210b_00001_nrs1_uncal.fits|V01257004001P000000000210B|1257|4|1|01257004001|2|PRIME_TARGETED_FIXED|1|0B|1|NRS_IFU|48|11|NIRSPEC|NRS1|NULL|4|HH211-SW-BOW-SHOCK|HH211-SW-BOW-SHOCK|FIXED|NIRSpec IFU Spectroscopy|SCIENCE|11|1|1|1|8|NULL|F290LP|NULL|1|2-POINT-NOD|NULL|2|NULL|NULL|1|NULL|NRS_FULL_IFU|2026_1b|FULL|G395H|NULL|NULL|0.3194569|0.144763887|[('o004', 'OBSERVATION')]|NULL|NULL|F|F|F|NULL|NULL|IFU|NONE|NULL|NULL|NULL|NULL|2|6|NONE
jw01257004001_0210b_00001_nrs2_uncal.fits|V01257004001P000000000210B|1257|4|1|01257004001|2|PRIME_TARGETED_FIXED|1|0B|1|NRS_IFU|48|11|NIRSPEC|NRS2|NULL|4|HH211-SW-BOW-SHOCK|HH211-SW-BOW-SHOCK|FIXED|NIRSpec IFU Spectroscopy|SCIENCE|11|1|1|1|8|NULL|F290LP|NULL|1|2-POINT-NOD|NULL|2|NULL|NULL|1|NULL|NRS_FULL_IFU|2026_1b|FULL|G395H|NULL|NULL|0.3194569|0.144763887|[('o004', 'OBSERVATION')]|NULL|NULL|F|F|F|NULL|NULL|IFU|NONE|NULL|NULL|NULL|NULL|2|6|NONE
jw01257004001_0210b_00002_nrs1_uncal.fits|V01257004001P000000000210B|1257|4|1|01257004001|2|PRIME_TARGETED_FIXED|1|0B|2|NRS_IFU|48|11|NIRSPEC|NRS1|NULL|4|HH211-SW-BOW-SHOCK|HH211-SW-BOW-SHOCK|FIXED|NIRSpec IFU Spectroscopy|SCIENCE|12|1|1|2|8|NULL|F290LP|NULL|1|2-POINT-NOD|NULL|2|NULL|NULL|2|NULL|NRS_FULL_IFU|2026_1b|FULL|G395H|NULL|NULL|0.3194569|0.144763887|[('o004', 'OBSERVATION')]|NULL|NULL|F|F|F|NULL|NULL|IFU|NONE|NULL|NULL|NULL|NULL|2|6|NONE
jw01257004001_0210b_00002_nrs2_uncal.fits|V01257004001P000000000210B|1257|4|1|01257004001|2|PRIME_TARGETED_FIXED|1|0B|2|NRS_IFU|48|11|NIRSPEC|NRS2|NULL|4|HH211-SW-BOW-SHOCK|HH211-SW-BOW-SHOCK|FIXED|NIRSpec IFU Spectroscopy|SCIENCE|12|1|1|2|8|NULL|F290LP|NULL|1|2-POINT-NOD|NULL|2|NULL|NULL|2|NULL|NRS_FULL_IFU|2026_1b|FULL|G395H|NULL|NULL|0.3194569|0.144763887|[('o004', 'OBSERVATION')]|NULL|NULL|F|F|F|NULL|NULL|IFU|NONE|NULL|NULL|NULL|NULL|2|6|NONE
jw01257004001_0210d_00001_nrs1_uncal.fits|V01257004001P000000000210D|1257|4|1|01257004001|2|PRIME_TARGETED_FIXED|1|0D|1|NRS_IFU|48|13|NIRSPEC|NRS1|NULL|4|HH211-SW-BOW-SHOCK|HH211-SW-BOW-SHOCK|FIXED|NIRSpec IFU Spectroscopy|SCIENCE|13|1|2|1|1|NULL|F290LP|NULL|1|2-POINT-NOD|NULL|2|NULL|NULL|1|NULL|NRS_FULL_IFU|2026_1b|FULL|G395H|NULL|NULL|0.3194569|0.144763887|[('o004', 'OBSERVATION')]|NULL|NULL|T|F|F|NULL|NULL|IFU|NONE|NULL|NULL|NULL|NULL|1|6|NONE
jw01257004001_0210d_00001_nrs2_uncal.fits|V01257004001P000000000210D|1257|4|1|01257004001|2|PRIME_TARGETED_FIXED|1|0D|1|NRS_IFU|48|13|NIRSPEC|NRS2|NULL|4|HH211-SW-BOW-SHOCK|HH211-SW-BOW-SHOCK|FIXED|NIRSpec IFU Spectroscopy|SCIENCE|13|1|2|1|1|NULL|F290LP|NULL|1|2-POINT-NOD|NULL|2|NULL|NULL|1|NULL|NRS_FULL_IFU|2026_1b|FULL|G395H|NULL|NULL|0.3194569|0.144763887|[('o004', 'OBSERVATION')]|NULL|NULL|T|F|F|NULL|NULL|IFU|NONE|NULL|NULL|NULL|NULL|1|6|NONE
jw01257004001_0210d_00002_nrs1_uncal.fits|V01257004001P000000000210D|1257|4|1|01257004001|2|PRIME_TARGETED_FIXED|1|0D|2|NRS_IFU|48|13|NIRSPEC|NRS1|NULL|4|HH211-SW-BOW-SHOCK|HH211-SW-BOW-SHOCK|FIXED|NIRSpec IFU Spectroscopy|SCIENCE|14|1|2|2|1|NULL|F290LP|NULL|1|2-POINT-NOD|NULL|2|NULL|NULL|2|NULL|NRS_FULL_IFU|2026_1b|FULL|G395H|NULL|NULL|0.3194569|0.144763887|[('o004', 'OBSERVATION')]|NULL|NULL|T|F|F|NULL|NULL|IFU|NONE|NULL|NULL|NULL|NULL|1|6|NONE
jw01257004001_0210d_00002_nrs2_uncal.fits|V01257004001P000000000210D|1257|4|1|01257004001|2|PRIME_TARGETED_FIXED|1|0D|2|NRS_IFU|48|13|NIRSPEC|NRS2|NULL|4|HH211-SW-BOW-SHOCK|HH211-SW-BOW-SHOCK|FIXED|NIRSpec IFU Spectroscopy|SCIENCE|14|1|2|2|1|NULL|F290LP|NULL|1|2-POINT-NOD|NULL|2|NULL|NULL|2|NULL|NRS_FULL_IFU|2026_1b|FULL|G395H|NULL|NULL|0.3194569|0.144763887|[('o004', 'OBSERVATION')]|NULL|NULL|T|F|F|NULL|NULL|IFU|NONE|NULL|NULL|NULL|NULL|1|6|NONE
jw01257004001_0210f_00001_nrs1_uncal.fits|V01257004001P000000000210F|1257|4|1|01257004001|2|PRIME_TARGETED_FIXED|1|0F|1|NRS_IFU|48|15|NIRSPEC|NRS1|NULL|4|HH211-SW-BOW-SHOCK|HH211-SW-BOW-SHOCK|FIXED|NIRSpec IFU Spectroscopy|SCIENCE|15|1|2|1|2|NULL|F290LP|NULL|1|2-POINT-NOD|NULL|2|NULL|NULL|1|NULL|NRS_FULL_IFU|2026_1b|FULL|G395H|NULL|NULL|0.3194569|0.144763887|[('o004', 'OBSERVATION')]|NULL|NULL|T|F|F|NULL|NULL|IFU|NONE|NULL|NULL|NULL|NULL|1|6|NONE
jw01257004001_0210f_00001_nrs2_uncal.fits|V01257004001P000000000210F|1257|4|1|01257004001|2|PRIME_TARGETED_FIXED|1|0F|1|NRS_IFU|48|15|NIRSPEC|NRS2|NULL|4|HH211-SW-BOW-SHOCK|HH211-SW-BOW-SHOCK|FIXED|NIRSpec IFU Spectroscopy|SCIENCE|15|1|2|1|2|NULL|F290LP|NULL|1|2-POINT-NOD|NULL|2|NULL|NULL|1|NULL|NRS_FULL_IFU|2026_1b|FULL|G395H|NULL|NULL|0.3194569|0.144763887|[('o004', 'OBSERVATION')]|NULL|NULL|T|F|F|NULL|NULL|IFU|NONE|NULL|NULL|NULL|NULL|1|6|NONE
jw01257004001_0210f_00002_nrs1_uncal.fits|V01257004001P000000000210F|1257|4|1|01257004001|2|PRIME_TARGETED_FIXED|1|0F|2|NRS_IFU|48|15|NIRSPEC|NRS1|NULL|4|HH211-SW-BOW-SHOCK|HH211-SW-BOW-SHOCK|FIXED|NIRSpec IFU Spectroscopy|SCIENCE|16|1|2|2|2|NULL|F290LP|NULL|1|2-POINT-NOD|NULL|2|NULL|NULL|2|NULL|NRS_FULL_IFU|2026_1b|FULL|G395H|NULL|NULL|0.3194569|0.144763887|[('o004', 'OBSERVATION')]|NULL|NULL|T|F|F|NULL|NULL|IFU|NONE|NULL|NULL|NULL|NULL|1|6|NONE
jw01257004001_0210f_00002_nrs2_uncal.fits|V01257004001P000000000210F|1257|4|1|01257004001|2|PRIME_TARGETED_FIXED|1|0F|2|NRS_IFU|48|15|NIRSPEC|NRS2|NULL|4|HH211-SW-BOW-SHOCK|HH211-SW-BOW-SHOCK|FIXED|NIRSpec IFU Spectroscopy|SCIENCE|16|1|2|2|2|NULL|F290LP|NULL|1|2-POINT-NOD|NULL|2|NULL|NULL|2|NULL|NRS_FULL_IFU|2026_1b|FULL|G395H|NULL|NULL|0.3194569|0.144763887|[('o004', 'OBSERVATION')]|NULL|NULL|T|F|F|NULL|NULL|IFU|NONE|NULL|NULL|NULL|NULL|1|6|NONE
jw01257004001_0210h_00001_nrs1_uncal.fits|V01257004001P000000000210H|1257|4|1|01257004001|2|PRIME_TARGETED_FIXED|1|0H|1|NRS_IFU|48|17|NIRSPEC|NRS1|NULL|4|HH211-SW-BOW-SHOCK|HH211-SW-BOW-SHOCK|FIXED|NIRSpec IFU Spectroscopy|SCIENCE|17|1|2|1|3|NULL|F290LP|NULL|1|2-POINT-NOD|NULL|2|NULL|NULL|1|NULL|NRS_FULL_IFU|2026_1b|FULL|G395H|NULL|NULL|0.3194569|0.144763887|[('o004', 'OBSERVATION')]|NULL|NULL|T|F|F|NULL|NULL|IFU|NONE|NULL|NULL|NULL|NULL|1|6|NONE
jw01257004001_0210h_00001_nrs2_uncal.fits|V01257004001P000000000210H|1257|4|1|01257004001|2|PRIME_TARGETED_FIXED|1|0H|1|NRS_IFU|48|17|NIRSPEC|NRS2|NULL|4|HH211-SW-BOW-SHOCK|HH211-SW-BOW-SHOCK|FIXED|NIRSpec IFU Spectroscopy|SCIENCE|17|1|2|1|3|NULL|F290LP|NULL|1|2-POINT-NOD|NULL|2|NULL|NULL|1|NULL|NRS_FULL_IFU|2026_1b|FULL|G395H|NULL|NULL|0.3194569|0.144763887|[('o004', 'OBSERVATION')]|NULL|NULL|T|F|F|NULL|NULL|IFU|NONE|NULL|NULL|NULL|NULL|1|6|NONE
jw01257004001_0210h_00002_nrs1_uncal.fits|V01257004001P000000000210H|1257|4|1|01257004001|2|PRIME_TARGETED_FIXED|1|0H|2|NRS_IFU|48|17|NIRSPEC|NRS1|NULL|4|HH211-SW-BOW-SHOCK|HH211-SW-BOW-SHOCK|FIXED|NIRSpec IFU Spectroscopy|SCIENCE|18|1|2|2|3|NULL|F290LP|NULL|1|2-POINT-NOD|NULL|2|NULL|NULL|2|NULL|NRS_FULL_IFU|2026_1b|FULL|G395H|NULL|NULL|0.3194569|0.144763887|[('o004', 'OBSERVATION')]|NULL|NULL|T|F|F|NULL|NULL|IFU|NONE|NULL|NULL|NULL|NULL|1|6|NONE
jw01257004001_0210h_00002_nrs2_uncal.fits|V01257004001P000000000210H|1257|4|1|01257004001|2|PRIME_TARGETED_FIXED|1|0H|2|NRS_IFU|48|17|NIRSPEC|NRS2|NULL|4|HH211-SW-BOW-SHOCK|HH211-SW-BOW-SHOCK|FIXED|NIRSpec IFU Spectroscopy|SCIENCE|18|1|2|2|3|NULL|F290LP|NULL|1|2-POINT-NOD|NULL|2|NULL|NULL|2|NULL|NRS_FULL_IFU|2026_1b|FULL|G395H|NULL|NULL|0.3194569|0.144763887|[('o004', 'OBSERVATION')]|NULL|NULL|T|F|F|NULL|NULL|IFU|NONE|NULL|NULL|NULL|NULL|1|6|NONE
jw01257004001_0210j_00001_nrs1_uncal.fits|V01257004001P000000000210J|1257|4|1|01257004001|2|PRIME_TARGETED_FIXED|1|0J|1|NRS_IFU|48|19|NIRSPEC|NRS1|NULL|4|HH211-SW-BOW-SHOCK|HH211-SW-BOW-SHOCK|FIXED|NIRSpec IFU Spectroscopy|SCIENCE|19|1|2|1|6|NULL|F290LP|NULL|1|2-POINT-NOD|NULL|2|NULL|NULL|1|NULL|NRS_FULL_IFU|2026_1b|FULL|G395H|NULL|NULL|0.3194569|0.144763887|[('o004', 'OBSERVATION')]|NULL|NULL|T|F|F|NULL|NULL|IFU|NONE|NULL|NULL|NULL|NULL|1|6|NONE
jw01257004001_0210j_00001_nrs2_uncal.fits|V01257004001P000000000210J|1257|4|1|01257004001|2|PRIME_TARGETED_FIXED|1|0J|1|NRS_IFU|48|19|NIRSPEC|NRS2|NULL|4|HH211-SW-BOW-SHOCK|HH211-SW-BOW-SHOCK|FIXED|NIRSpec IFU Spectroscopy|SCIENCE|19|1|2|1|6|NULL|F290LP|NULL|1|2-POINT-NOD|NULL|2|NULL|NULL|1|NULL|NRS_FULL_IFU|2026_1b|FULL|G395H|NULL|NULL|0.3194569|0.144763887|[('o004', 'OBSERVATION')]|NULL|NULL|T|F|F|NULL|NULL|IFU|NONE|NULL|NULL|NULL|NULL|1|6|NONE
jw01257004001_0210j_00002_nrs1_uncal.fits|V01257004001P000000000210J|1257|4|1|01257004001|2|PRIME_TARGETED_FIXED|1|0J|2|NRS_IFU|48|19|NIRSPEC|NRS1|NULL|4|HH211-SW-BOW-SHOCK|HH211-SW-BOW-SHOCK|FIXED|NIRSpec IFU Spectroscopy|SCIENCE|20|1|2|2|6|NULL|F290LP|NULL|1|2-POINT-NOD|NULL|2|NULL|NULL|2|NULL|NRS_FULL_IFU|2026_1b|FULL|G395H|NULL|NULL|0.3194569|0.144763887|[('o004', 'OBSERVATION')]|NULL|NULL|T|F|F|NULL|NULL|IFU|NONE|NULL|NULL|NULL|NULL|1|6|NONE
jw01257004001_0210j_00002_nrs2_uncal.fits|V01257004001P000000000210J|1257|4|1|01257004001|2|PRIME_TARGETED_FIXED|1|0J|2|NRS_IFU|48|19|NIRSPEC|NRS2|NULL|4|HH211-SW-BOW-SHOCK|HH211-SW-BOW-SHOCK|FIXED|NIRSpec IFU Spectroscopy|SCIENCE|20|1|2|2|6|NULL|F290LP|NULL|1|2-POINT-NOD|NULL|2|NULL|NULL|2|NULL|NRS_FULL_IFU|2026_1b|FULL|G395H|NULL|NULL|0.3194569|0.144763887|[('o004', 'OBSERVATION')]|NULL|NULL|T|F|F|NULL|NULL|IFU|NONE|NULL|NULL|NULL|NULL|1|6|NONE
jw01257004001_0210l_00001_nrs1_uncal.fits|V01257004001P000000000210L|1257|4|1|01257004001|2|PRIME_TARGETED_FIXED|1|0L|1|NRS_IFU|48|21|NIRSPEC|NRS1|NULL|4|HH211-SW-BOW-SHOCK|HH211-SW-BOW-SHOCK|FIXED|NIRSpec IFU Spectroscopy|SCIENCE|21|1|2|1|7|NULL|F290LP|NULL|1|2-POINT-NOD|NULL|2|NULL|NULL|1|NULL|NRS_FULL_IFU|2026_1b|FULL|G395H|NULL|NULL|0.3194569|0.144763887|[('o004', 'OBSERVATION')]|NULL|NULL|T|F|F|NULL|NULL|IFU|NONE|NULL|NULL|NULL|NULL|1|6|NONE
jw01257004001_0210l_00001_nrs2_uncal.fits|V01257004001P000000000210L|1257|4|1|01257004001|2|PRIME_TARGETED_FIXED|1|0L|1|NRS_IFU|48|21|NIRSPEC|NRS2|NULL|4|HH211-SW-BOW-SHOCK|HH211-SW-BOW-SHOCK|FIXED|NIRSpec IFU Spectroscopy|SCIENCE|21|1|2|1|7|NULL|F290LP|NULL|1|2-POINT-NOD|NULL|2|NULL|NULL|1|NULL|NRS_FULL_IFU|2026_1b|FULL|G395H|NULL|NULL|0.3194569|0.144763887|[('o004', 'OBSERVATION')]|NULL|NULL|T|F|F|NULL|NULL|IFU|NONE|NULL|NULL|NULL|NULL|1|6|NONE
jw01257004001_0210l_00002_nrs1_uncal.fits|V01257004001P000000000210L|1257|4|1|01257004001|2|PRIME_TARGETED_FIXED|1|0L|2|NRS_IFU|48|21|NIRSPEC|NRS1|NULL|4|HH211-SW-BOW-SHOCK|HH211-SW-BOW-SHOCK|FIXED|NIRSpec IFU Spectroscopy|SCIENCE|22|1|2|2|7|NULL|F290LP|NULL|1|2-POINT-NOD|NULL|2|NULL|NULL|2|NULL|NRS_FULL_IFU|2026_1b|FULL|G395H|NULL|NULL|0.3194569|0.144763887|[('o004', 'OBSERVATION')]|NULL|NULL|T|F|F|NULL|NULL|IFU|NONE|NULL|NULL|NULL|NULL|1|6|NONE
jw01257004001_0210l_00002_nrs2_uncal.fits|V01257004001P000000000210L|1257|4|1|01257004001|2|PRIME_TARGETED_FIXED|1|0L|2|NRS_IFU|48|21|NIRSPEC|NRS2|NULL|4|HH211-SW-BOW-SHOCK|HH211-SW-BOW-SHOCK|FIXED|NIRSpec IFU Spectroscopy|SCIENCE|22|1|2|2|7|NULL|F290LP|NULL|1|2-POINT-NOD|NULL|2|NULL|NULL|2|NULL|NRS_FULL_IFU|2026_1b|FULL|G395H|NULL|NULL|0.3194569|0.144763887|[('o004', 'OBSERVATION')]|NULL|NULL|T|F|F|NULL|NULL|IFU|NONE|NULL|NULL|NULL|NULL|1|6|NONE
jw01257004001_0210n_00001_nrs1_uncal.fits|V01257004001P000000000210N|1257|4|1|01257004001|2|PRIME_TARGETED_FIXED|1|0N|1|NRS_IFU|48|23|NIRSPEC|NRS1|NULL|4|HH211-SW-BOW-SHOCK|HH211-SW-BOW-SHOCK|FIXED|NIRSpec IFU Spectroscopy|SCIENCE|23|1|2|1|8|NULL|F290LP|NULL|1|2-POINT-NOD|NULL|2|NULL|NULL|1|NULL|NRS_FULL_IFU|2026_1b|FULL|G395H|NULL|NULL|0.3194569|0.144763887|[('o004', 'OBSERVATION')]|NULL|NULL|T|F|F|NULL|NULL|IFU|NONE|NULL|NULL|NULL|NULL|1|6|NONE
jw01257004001_0210n_00001_nrs2_uncal.fits|V01257004001P000000000210N|1257|4|1|01257004001|2|PRIME_TARGETED_FIXED|1|0N|1|NRS_IFU|48|23|NIRSPEC|NRS2|NULL|4|HH211-SW-BOW-SHOCK|HH211-SW-BOW-SHOCK|FIXED|NIRSpec IFU Spectroscopy|SCIENCE|23|1|2|1|8|NULL|F290LP|NULL|1|2-POINT-NOD|NULL|2|NULL|NULL|1|NULL|NRS_FULL_IFU|2026_1b|FULL|G395H|NULL|NULL|0.3194569|0.144763887|[('o004', 'OBSERVATION')]|NULL|NULL|T|F|F|NULL|NULL|IFU|NONE|NULL|NULL|NULL|NULL|1|6|NONE
jw01257004001_0210n_00002_nrs1_uncal.fits|V01257004001P000000000210N|1257|4|1|01257004001|2|PRIME_TARGETED_FIXED|1|0N|2|NRS_IFU|48|23|NIRSPEC|NRS1|NULL|4|HH211-SW-BOW-SHOCK|HH211-SW-BOW-SHOCK|FIXED|NIRSpec IFU Spectroscopy|SCIENCE|24|1|2|2|8|NULL|F290LP|NULL|1|2-POINT-NOD|NULL|2|NULL|NULL|2|NULL|NRS_FULL_IFU|2026_1b|FULL|G395H|NULL|NULL|0.3194569|0.144763887|[('o004', 'OBSERVATION')]|NULL|NULL|T|F|F|NULL|NULL|IFU|NONE|NULL|NULL|NULL|NULL|1|6|NONE
jw01257004001_0210n_00002_nrs2_uncal.fits|V01257004001P000000000210N|1257|4|1|01257004001|2|PRIME_TARGETED_FIXED|1|0N|2|NRS_IFU|48|23|NIRSPEC|NRS2|NULL|4|HH211-SW-BOW-SHOCK|HH211-SW-BOW-SHOCK|FIXED|NIRSpec IFU Spectroscopy|SCIENCE|24|1|2|2|8|NULL|F290LP|NULL|1|2-POINT-NOD|NULL|2|NULL|NULL|2|NULL|NRS_FULL_IFU|2026_1b|FULL|G395H|NULL|NULL|0.3194569|0.144763887|[('o004', 'OBSERVATION')]|NULL|NULL|T|F|F|NULL|NULL|IFU|NONE|NULL|NULL|NULL|NULL|1|6|NONE
jw01257004001_0210p_00001_nrs1_uncal.fits|V01257004001P000000000210P|1257|4|1|01257004001|2|PRIME_TARGETED_FIXED|1|0P|1|NRS_IFU|48|25|NIRSPEC|NRS1|NULL|4|HH211-SW-BOW-SHOCK|HH211-SW-BOW-SHOCK|FIXED|NIRSpec IFU Spectroscopy|SCIENCE|25|1|3|1|1|NULL|F170LP|NULL|1|2-POINT-NOD|NULL|2|NULL|NULL|1|NULL|NRS_FULL_IFU|2026_1b|FULL|G235H|NULL|NULL|0.351370662|0.1378291|[('o004', 'OBSERVATION')]|NULL|NULL|F|F|F|NULL|NULL|IFU|NONE|NULL|NULL|NULL|NULL|2|6|NONE
jw01257004001_0210p_00001_nrs2_uncal.fits|V01257004001P000000000210P|1257|4|1|01257004001|2|PRIME_TARGETED_FIXED|1|0P|1|NRS_IFU|48|25|NIRSPEC|NRS2|NULL|4|HH211-SW-BOW-SHOCK|HH211-SW-BOW-SHOCK|FIXED|NIRSpec IFU Spectroscopy|SCIENCE|25|1|3|1|1|NULL|F170LP|NULL|1|2-POINT-NOD|NULL|2|NULL|NULL|1|NULL|NRS_FULL_IFU|2026_1b|FULL|G235H|NULL|NULL|0.351370662|0.1378291|[('o004', 'OBSERVATION')]|NULL|NULL|F|F|F|NULL|NULL|IFU|NONE|NULL|NULL|NULL|NULL|2|6|NONE
jw01257004001_0210p_00002_nrs1_uncal.fits|V01257004001P000000000210P|1257|4|1|01257004001|2|PRIME_TARGETED_FIXED|1|0P|2|NRS_IFU|48|25|NIRSPEC|NRS1|NULL|4|HH211-SW-BOW-SHOCK|HH211-SW-BOW-SHOCK|FIXED|NIRSpec IFU Spectroscopy|SCIENCE|26|1|3|2|1|NULL|F170LP|NULL|1|2-POINT-NOD|NULL|2|NULL|NULL|2|NULL|NRS_FULL_IFU|2026_1b|FULL|G235H|NULL|NULL|0.351370662|0.1378291|[('o004', 'OBSERVATION')]|NULL|NULL|F|F|F|NULL|NULL|IFU|NONE|NULL|NULL|NULL|NULL|2|6|NONE
jw01257004001_0210p_00002_nrs2_uncal.fits|V01257004001P000000000210P|1257|4|1|01257004001|2|PRIME_TARGETED_FIXED|1|0P|2|NRS_IFU|48|25|NIRSPEC|NRS2|NULL|4|HH211-SW-BOW-SHOCK|HH211-SW-BOW-SHOCK|FIXED|NIRSpec IFU Spectroscopy|SCIENCE|26|1|3|2|1|NULL|F170LP|NULL|1|2-POINT-NOD|NULL|2|NULL|NULL|2|NULL|NRS_FULL_IFU|2026_1b|FULL|G235H|NULL|NULL|0.351370662|0.1378291|[('o004', 'OBSERVATION')]|NULL|NULL|F|F|F|NULL|NULL|IFU|NONE|NULL|NULL|NULL|NULL|2|6|NONE
jw01257004001_0210r_00001_nrs1_uncal.fits|V01257004001P000000000210R|1257|4|1|01257004001|2|PRIME_TARGETED_FIXED|1|0R|1|NRS_IFU|48|27|NIRSPEC|NRS1|NULL|4|HH211-SW-BOW-SHOCK|HH211-SW-BOW-SHOCK|FIXED|NIRSpec IFU Spectroscopy|SCIENCE|27|1|3|1|2|NULL|F170LP|NULL|1|2-POINT-NOD|NULL|2|NULL|NULL|1|NULL|NRS_FULL_IFU|2026_1b|FULL|G235H|NULL|NULL|0.351370662|0.1378291|[('o004', 'OBSERVATION')]|NULL|NULL|F|F|F|NULL|NULL|IFU|NONE|NULL|NULL|NULL|NULL|2|6|NONE
jw01257004001_0210r_00001_nrs2_uncal.fits|V01257004001P000000000210R|1257|4|1|01257004001|2|PRIME_TARGETED_FIXED|1|0R|1|NRS_IFU|48|27|NIRSPEC|NRS2|NULL|4|HH211-SW-BOW-SHOCK|HH211-SW-BOW-SHOCK|FIXED|NIRSpec IFU Spectroscopy|SCIENCE|27|1|3|1|2|NULL|F170LP|NULL|1|2-POINT-NOD|NULL|2|NULL|NULL|1|NULL|NRS_FULL_IFU|2026_1b|FULL|G235H|NULL|NULL|0.351370662|0.1378291|[('o004', 'OBSERVATION')]|NULL|NULL|F|F|F|NULL|NULL|IFU|NONE|NULL|NULL|NULL|NULL|2|6|NONE
jw01257004001_0210r_00002_nrs1_uncal.fits|V01257004001P000000000210R|1257|4|1|01257004001|2|PRIME_TARGETED_FIXED|1|0R|2|NRS_IFU|48|27|NIRSPEC|NRS1|NULL|4|HH211-SW-BOW-SHOCK|HH211-SW-BOW-SHOCK|FIXED|NIRSpec IFU Spectroscopy|SCIENCE|28|1|3|2|2|NULL|F170LP|NULL|1|2-POINT-NOD|NULL|2|NULL|NULL|2|NULL|NRS_FULL_IFU|2026_1b|FULL|G235H|NULL|NULL|0.351370662|0.1378291|[('o004', 'OBSERVATION')]|NULL|NULL|F|F|F|NULL|NULL|IFU|NONE|NULL|NULL|NULL|NULL|2|6|NONE
jw01257004001_0210r_00002_nrs2_uncal.fits|V01257004001P000000000210R|1257|4|1|01257004001|2|PRIME_TARGETED_FIXED|1|0R|2|NRS_IFU|48|27|NIRSPEC|NRS2|NULL|4|HH211-SW-BOW-SHOCK|HH211-SW-BOW-SHOCK|FIXED|NIRSpec IFU Spectroscopy|SCIENCE|28|1|3|2|2|NULL|F170LP|NULL|1|2-POINT-NOD|NULL|2|NULL|NULL|2|NULL|NRS_FULL_IFU|2026_1b|FULL|G235H|NULL|NULL|0.351370662|0.1378291|[('o004', 'OBSERVATION')]|NULL|NULL|F|F|F|NULL|NULL|IFU|NONE|NULL|NULL|NULL|NULL|2|6|NONE
jw01257004001_0210t_00001_nrs1_uncal.fits|V01257004001P000000000210T|1257|4|1|01257004001|2|PRIME_TARGETED_FIXED|1|0T|1|NRS_IFU|48|29|NIRSPEC|NRS1|NULL|4|HH211-SW-BOW-SHOCK|HH211-SW-BOW-SHOCK|FIXED|NIRSpec IFU Spectroscopy|SCIENCE|29|1|3|1|3|NULL|F170LP|NULL|1|2-POINT-NOD|NULL|2|NULL|NULL|1|NULL|NRS_FULL_IFU|2026_1b|FULL|G235H|NULL|NULL|0.351370662|0.1378291|[('o004', 'OBSERVATION')]|NULL|NULL|F|F|F|NULL|NULL|IFU|NONE|NULL|NULL|NULL|NULL|2|6|NONE
jw01257004001_0210t_00001_nrs2_uncal.fits|V01257004001P000000000210T|1257|4|1|01257004001|2|PRIME_TARGETED_FIXED|1|0T|1|NRS_IFU|48|29|NIRSPEC|NRS2|NULL|4|HH211-SW-BOW-SHOCK|HH211-SW-BOW-SHOCK|FIXED|NIRSpec IFU Spectroscopy|SCIENCE|29|1|3|1|3|NULL|F170LP|NULL|1|2-POINT-NOD|NULL|2|NULL|NULL|1|NULL|NRS_FULL_IFU|2026_1b|FULL|G235H|NULL|NULL|0.351370662|0.1378291|[('o004', 'OBSERVATION')]|NULL|NULL|F|F|F|NULL|NULL|IFU|NONE|NULL|NULL|NULL|NULL|2|6|NONE
jw01257004001_0210t_00002_nrs1_uncal.fits|V01257004001P000000000210T|1257|4|1|01257004001|2|PRIME_TARGETED_FIXED|1|0T|2|NRS_IFU|48|29|NIRSPEC|NRS1|NULL|4|HH211-SW-BOW-SHOCK|HH211-SW-BOW-SHOCK|FIXED|NIRSpec IFU Spectroscopy|SCIENCE|30|1|3|2|3|NULL|F170LP|NULL|1|2-POINT-NOD|NULL|2|NULL|NULL|2|NULL|NRS_FULL_IFU|2026_1b|FULL|G235H|NULL|NULL|0.351370662|0.1378291|[('o004', 'OBSERVATION')]|NULL|NULL|F|F|F|NULL|NULL|IFU|NONE|NULL|NULL|NULL|NULL|2|6|NONE
jw01257004001_0210t_00002_nrs2_uncal.fits|V01257004001P000000000210T|1257|4|1|01257004001|2|PRIME_TARGETED_FIXED|1|0T|2|NRS_IFU|48|29|NIRSPEC|NRS2|NULL|4|HH211-SW-BOW-SHOCK|HH211-SW-BOW-SHOCK|FIXED|NIRSpec IFU Spectroscopy|SCIENCE|30|1|3|2|3|NULL|F170LP|NULL|1|2-POINT-NOD|NULL|2|NULL|NULL|2|NULL|NRS_FULL_IFU|2026_1b|FULL|G235H|NULL|NULL|0.351370662|0.1378291|[('o004', 'OBSERVATION')]|NULL|NULL|F|F|F|NULL|NULL|IFU|NONE|NULL|NULL|NULL|NULL|2|6|NONE
jw01257004001_0210v_00001_nrs1_uncal.fits|V01257004001P000000000210V|1257|4|1|01257004001|2|PRIME_TARGETED_FIXED|1|0V|1|NRS_IFU|48|31|NIRSPEC|NRS1|NULL|4|HH211-SW-BOW-SHOCK|HH211-SW-BOW-SHOCK|FIXED|NIRSpec IFU Spectroscopy|SCIENCE|31|1|3|1|6|NULL|F170LP|NULL|1|2-POINT-NOD|NULL|2|NULL|NULL|1|NULL|NRS_FULL_IFU|2026_1b|FULL|G235H|NULL|NULL|0.351370662|0.1378291|[('o004', 'OBSERVATION')]|NULL|NULL|F|F|F|NULL|NULL|IFU|NONE|NULL|NULL|NULL|NULL|2|6|NONE
jw01257004001_0210v_00001_nrs2_uncal.fits|V01257004001P000000000210V|1257|4|1|01257004001|2|PRIME_TARGETED_FIXED|1|0V|1|NRS_IFU|48|31|NIRSPEC|NRS2|NULL|4|HH211-SW-BOW-SHOCK|HH211-SW-BOW-SHOCK|FIXED|NIRSpec IFU Spectroscopy|SCIENCE|31|1|3|1|6|NULL|F170LP|NULL|1|2-POINT-NOD|NULL|2|NULL|NULL|1|NULL|NRS_FULL_IFU|2026_1b|FULL|G235H|NULL|NULL|0.351370662|0.1378291|[('o004', 'OBSERVATION')]|NULL|NULL|F|F|F|NULL|NULL|IFU|NONE|NULL|NULL|NULL|NULL|2|6|NONE
jw01257004001_0210v_00002_nrs1_uncal.fits|V01257004001P000000000210V|1257|4|1|01257004001|2|PRIME_TARGETED_FIXED|1|0V|2|NRS_IFU|48|31|NIRSPEC|NRS1|NULL|4|HH211-SW-BOW-SHOCK|HH211-SW-BOW-SHOCK|FIXED|NIRSpec IFU Spectroscopy|SCIENCE|32|1|3|2|6|NULL|F170LP|NULL|1|2-POINT-NOD|NULL|2|NULL|NULL|2|NULL|NRS_FULL_IFU|2026_1b|FULL|G235H|NULL|NULL|0.351370662|0.1378291|[('o004', 'OBSERVATION')]|NULL|NULL|F|F|F|NULL|NULL|IFU|NONE|NULL|NULL|NULL|NULL|2|6|NONE
jw01257004001_0210v_00002_nrs2_uncal.fits|V01257004001P000000000210V|1257|4|1|01257004001|2|PRIME_TARGETED_FIXED|1|0V|2|NRS_IFU|48|31|NIRSPEC|NRS2|NULL|4|HH211-SW-BOW-SHOCK|HH211-SW-BOW-SHOCK|FIXED|NIRSpec IFU Spectroscopy|SCIENCE|32|1|3|2|6|NULL|F170LP|NULL|1|2-POINT-NOD|NULL|2|NULL|NULL|2|NULL|NRS_FULL_IFU|2026_1b|FULL|G235H|NULL|NULL|0.351370662|0.1378291|[('o004', 'OBSERVATION')]|NULL|NULL|F|F|F|NULL|NULL|IFU|NONE|NULL|NULL|NULL|NULL|2|6|NONE
jw01257004001_0210x_00001_nrs1_uncal.fits|V01257004001P000000000210X|1257|4|1|01257004001|2|PRIME_TARGETED_FIXED|1|0X|1|NRS_IFU|48|33|NIRSPEC|NRS1|NULL|4|HH211-SW-BOW-SHOCK|HH211-SW-BOW-SHOCK|FIXED|NIRSpec IFU Spectroscopy|SCIENCE|33|1|3|1|7|NULL|F170LP|NULL|1|2-POINT-NOD|NULL|2|NULL|NULL|1|NULL|NRS_FULL_IFU|2026_1b|FULL|G235H|NULL|NULL|0.351370662|0.1378291|[('o004', 'OBSERVATION')]|NULL|NULL|F|F|F|NULL|NULL|IFU|NONE|NULL|NULL|NULL|NULL|2|6|NONE
jw01257004001_0210x_00001_nrs2_uncal.fits|V01257004001P000000000210X|1257|4|1|01257004001|2|PRIME_TARGETED_FIXED|1|0X|1|NRS_IFU|48|33|NIRSPEC|NRS2|NULL|4|HH211-SW-BOW-SHOCK|HH211-SW-BOW-SHOCK|FIXED|NIRSpec IFU Spectroscopy|SCIENCE|33|1|3|1|7|NULL|F170LP|NULL|1|2-POINT-NOD|NULL|2|NULL|NULL|1|NULL|NRS_FULL_IFU|2026_1b|FULL|G235H|NULL|NULL|0.351370662|0.1378291|[('o004', 'OBSERVATION')]|NULL|NULL|F|F|F|NULL|NULL|IFU|NONE|NULL|NULL|NULL|NULL|2|6|NONE
jw01257004001_0210x_00002_nrs1_uncal.fits|V01257004001P000000000210X|1257|4|1|01257004001|2|PRIME_TARGETED_FIXED|1|0X|2|NRS_IFU|48|33|NIRSPEC|NRS1|NULL|4|HH211-SW-BOW-SHOCK|HH211-SW-BOW-SHOCK|FIXED|NIRSpec IFU Spectroscopy|SCIENCE|34|1|3|2|7|NULL|F170LP|NULL|1|2-POINT-NOD|NULL|2|NULL|NULL|2|NULL|NRS_FULL_IFU|2026_1b|FULL|G235H|NULL|NULL|0.351370662|0.1378291|[('o004', 'OBSERVATION')]|NULL|NULL|F|F|F|NULL|NULL|IFU|NONE|NULL|NULL|NULL|NULL|2|6|NONE
jw01257004001_0210x_00002_nrs2_uncal.fits|V01257004001P000000000210X|1257|4|1|01257004001|2|PRIME_TARGETED_FIXED|1|0X|2|NRS_IFU|48|33|NIRSPEC|NRS2|NULL|4|HH211-SW-BOW-SHOCK|HH211-SW-BOW-SHOCK|FIXED|NIRSpec IFU Spectroscopy|SCIENCE|34|1|3|2|7|NULL|F170LP|NULL|1|2-POINT-NOD|NULL|2|NULL|NULL|2|NULL|NRS_FULL_IFU|2026_1b|FULL|G235H|NULL|NULL|0.351370662|0.1378291|[('o004', 'OBSERVATION')]|NULL|NULL|F|F|F|NULL|NULL|IFU|NONE|NULL|NULL|NULL|NULL|2|6|NONE
jw01257004001_0210z_00001_nrs1_uncal.fits|V01257004001P000000000210Z|1257|4|1|01257004001|2|PRIME_TARGETED_FIXED|1|0Z|1|NRS_IFU|48|35|NIRSPEC|NRS1|NULL|4|HH211-SW-BOW-SHOCK|HH211-SW-BOW-SHOCK|FIXED|NIRSpec IFU Spectroscopy|SCIENCE|35|1|3|1|8|NULL|F170LP|NULL|1|2-POINT-NOD|NULL|2|NULL|NULL|1|NULL|NRS_FULL_IFU|2026_1b|FULL|G235H|NULL|NULL|0.351370662|0.1378291|[('o004', 'OBSERVATION')]|NULL|NULL|F|F|F|NULL|NULL|IFU|NONE|NULL|NULL|NULL|NULL|2|6|NONE
jw01257004001_0210z_00001_nrs2_uncal.fits|V01257004001P000000000210Z|1257|4|1|01257004001|2|PRIME_TARGETED_FIXED|1|0Z|1|NRS_IFU|48|35|NIRSPEC|NRS2|NULL|4|HH211-SW-BOW-SHOCK|HH211-SW-BOW-SHOCK|FIXED|NIRSpec IFU Spectroscopy|SCIENCE|35|1|3|1|8|NULL|F170LP|NULL|1|2-POINT-NOD|NULL|2|NULL|NULL|1|NULL|NRS_FULL_IFU|2026_1b|FULL|G235H|NULL|NULL|0.351370662|0.1378291|[('o004', 'OBSERVATION')]|NULL|NULL|F|F|F|NULL|NULL|IFU|NONE|NULL|NULL|NULL|NULL|2|6|NONE
jw01257004001_0210z_00002_nrs1_uncal.fits|V01257004001P000000000210Z|1257|4|1|01257004001|2|PRIME_TARGETED_FIXED|1|0Z|2|NRS_IFU|48|35|NIRSPEC|NRS1|NULL|4|HH211-SW-BOW-SHOCK|HH211-SW-BOW-SHOCK|FIXED|NIRSpec IFU Spectroscopy|SCIENCE|36|1|3|2|8|NULL|F170LP|NULL|1|2-POINT-NOD|NULL|2|NULL|NULL|2|NULL|NRS_FULL_IFU|2026_1b|FULL|G235H|NULL|NULL|0.351370662|0.1378291|[('o004', 'OBSERVATION')]|NULL|NULL|F|F|F|NULL|NULL|IFU|NONE|NULL|NULL|NULL|NULL|2|6|NONE
jw01257004001_0210z_00002_nrs2_uncal.fits|V01257004001P000000000210Z|1257|4|1|01257004001|2|PRIME_TARGETED_FIXED|1|0Z|2|NRS_IFU|48|35|NIRSPEC|NRS2|NULL|4|HH211-SW-BOW-SHOCK|HH211-SW-BOW-SHOCK|FIXED|NIRSpec IFU Spectroscopy|SCIENCE|36|1|3|2|8|NULL|F170LP|NULL|1|2-POINT-NOD|NULL|2|NULL|NULL|2|NULL|NRS_FULL_IFU|2026_1b|FULL|G235H|NULL|NULL|0.351370662|0.1378291|[('o004', 'OBSERVATION')]|NULL|NULL|F|F|F|NULL|NULL|IFU|NONE|NULL|NULL|NULL|NULL|2|6|NONE
jw01257004001_02111_00001_nrs1_uncal.fits|V01257004001P0000000002111|1257|4|1|01257004001|2|PRIME_TARGETED_FIXED|1|11|1|NRS_IFU|48|37|NIRSPEC|NRS1|NULL|4|HH211-SW-BOW-SHOCK|HH211-SW-BOW-SHOCK|FIXED|NIRSpec IFU Spectroscopy|SCIENCE|37|1|4|1|1|NULL|F170LP|NULL|1|2-POINT-NOD|NULL|2|NULL|NULL|1|NULL|NRS_FULL_IFU|2026_1b|FULL|G235H|NULL|NULL|0.351370662|0.1378291|[('o004', 'OBSERVATION')]|NULL|NULL|T|F|F|NULL|NULL|IFU|NONE|NULL|NULL|NULL|NULL|1|6|NONE
jw01257004001_02111_00001_nrs2_uncal.fits|V01257004001P0000000002111|1257|4|1|01257004001|2|PRIME_TARGETED_FIXED|1|11|1|NRS_IFU|48|37|NIRSPEC|NRS2|NULL|4|HH211-SW-BOW-SHOCK|HH211-SW-BOW-SHOCK|FIXED|NIRSpec IFU Spectroscopy|SCIENCE|37|1|4|1|1|NULL|F170LP|NULL|1|2-POINT-NOD|NULL|2|NULL|NULL|1|NULL|NRS_FULL_IFU|2026_1b|FULL|G235H|NULL|NULL|0.351370662|0.1378291|[('o004', 'OBSERVATION')]|NULL|NULL|T|F|F|NULL|NULL|IFU|NONE|NULL|NULL|NULL|NULL|1|6|NONE
jw01257004001_02111_00002_nrs1_uncal.fits|V01257004001P0000000002111|1257|4|1|01257004001|2|PRIME_TARGETED_FIXED|1|11|2|NRS_IFU|48|37|NIRSPEC|NRS1|NULL|4|HH211-SW-BOW-SHOCK|HH211-SW-BOW-SHOCK|FIXED|NIRSpec IFU Spectroscopy|SCIENCE|38|1|4|2|1|NULL|F170LP|NULL|1|2-POINT-NOD|NULL|2|NULL|NULL|2|NULL|NRS_FULL_IFU|2026_1b|FULL|G235H|NULL|NULL|0.351370662|0.1378291|[('o004', 'OBSERVATION')]|NULL|NULL|T|F|F|NULL|NULL|IFU|NONE|NULL|NULL|NULL|NULL|1|6|NONE
jw01257004001_02111_00002_nrs2_uncal.fits|V01257004001P0000000002111|1257|4|1|01257004001|2|PRIME_TARGETED_FIXED|1|11|2|NRS_IFU|48|37|NIRSPEC|NRS2|NULL|4|HH211-SW-BOW-SHOCK|HH211-SW-BOW-SHOCK|FIXED|NIRSpec IFU Spectroscopy|SCIENCE|38|1|4|2|1|NULL|F170LP|NULL|1|2-POINT-NOD|NULL|2|NULL|NULL|2|NULL|NRS_FULL_IFU|2026_1b|FULL|G235H|NULL|NULL|0.351370662|0.1378291|[('o004', 'OBSERVATION')]|NULL|NULL|T|F|F|NULL|NULL|IFU|NONE|NULL|NULL|NULL|NULL|1|6|NONE
jw01257004001_02113_00001_nrs1_uncal.fits|V01257004001P0000000002113|1257|4|1|01257004001|2|PRIME_TARGETED_FIXED|1|13|1|NRS_IFU|48|39|NIRSPEC|NRS1|NULL|4|HH211-SW-BOW-SHOCK|HH211-SW-BOW-SHOCK|FIXED|NIRSpec IFU Spectroscopy|SCIENCE|39|1|4|1|2|NULL|F170LP|NULL|1|2-POINT-NOD|NULL|2|NULL|NULL|1|NULL|NRS_FULL_IFU|2026_1b|FULL|G235H|NULL|NULL|0.351370662|0.1378291|[('o004', 'OBSERVATION')]|NULL|NULL|T|F|F|NULL|NULL|IFU|NONE|NULL|NULL|NULL|NULL|1|6|NONE
jw01257004001_02113_00001_nrs2_uncal.fits|V01257004001P0000000002113|1257|4|1|01257004001|2|PRIME_TARGETED_FIXED|1|13|1|NRS_IFU|48|39|NIRSPEC|NRS2|NULL|4|HH211-SW-BOW-SHOCK|HH211-SW-BOW-SHOCK|FIXED|NIRSpec IFU Spectroscopy|SCIENCE|39|1|4|1|2|NULL|F170LP|NULL|1|2-POINT-NOD|NULL|2|NULL|NULL|1|NULL|NRS_FULL_IFU|2026_1b|FULL|G235H|NULL|NULL|0.351370662|0.1378291|[('o004', 'OBSERVATION')]|NULL|NULL|T|F|F|NULL|NULL|IFU|NONE|NULL|NULL|NULL|NULL|1|6|NONE
jw01257004001_02113_00002_nrs1_uncal.fits|V01257004001P0000000002113|1257|4|1|01257004001|2|PRIME_TARGETED_FIXED|1|13|2|NRS_IFU|48|39|NIRSPEC|NRS1|NULL|4|HH211-SW-BOW-SHOCK|HH211-SW-BOW-SHOCK|FIXED|NIRSpec IFU Spectroscopy|SCIENCE|40|1|4|2|2|NULL|F170LP|NULL|1|2-POINT-NOD|NULL|2|NULL|NULL|2|NULL|NRS_FULL_IFU|2026_1b|FULL|G235H|NULL|NULL|0.351370662|0.1378291|[('o004', 'OBSERVATION')]|NULL|NULL|T|F|F|NULL|NULL|IFU|NONE|NULL|NULL|NULL|NULL|1|6|NONE
jw01257004001_02113_00002_nrs2_uncal.fits|V01257004001P0000000002113|1257|4|1|01257004001|2|PRIME_TARGETED_FIXED|1|13|2|NRS_IFU|48|39|NIRSPEC|NRS2|NULL|4|HH211-SW-BOW-SHOCK|HH211-SW-BOW-SHOCK|FIXED|NIRSpec IFU Spectroscopy|SCIENCE|40|1|4|2|2|NULL|F170LP|NULL|1|2-POINT-NOD|NULL|2|NULL|NULL|2|NULL|NRS_FULL_IFU|2026_1b|FULL|G235H|NULL|NULL|0.351370662|0.1378291|[('o004', 'OBSERVATION')]|NULL|NULL|T|F|F|NULL|NULL|IFU|NONE|NULL|NULL|NULL|NULL|1|6|NONE
jw01257004001_02115_00001_nrs1_uncal.fits|V01257004001P0000000002115|1257|4|1|01257004001|2|PRIME_TARGETED_FIXED|1|15|1|NRS_IFU|48|41|NIRSPEC|NRS1|NULL|4|HH211-SW-BOW-SHOCK|HH211-SW-BOW-SHOCK|FIXED|NIRSpec IFU Spectroscopy|SCIENCE|41|1|4|1|3|NULL|F170LP|NULL|1|2-POINT-NOD|NULL|2|NULL|NULL|1|NULL|NRS_FULL_IFU|2026_1b|FULL|G235H|NULL|NULL|0.351370662|0.1378291|[('o004', 'OBSERVATION')]|NULL|NULL|T|F|F|NULL|NULL|IFU|NONE|NULL|NULL|NULL|NULL|1|6|NONE
jw01257004001_02115_00001_nrs2_uncal.fits|V01257004001P0000000002115|1257|4|1|01257004001|2|PRIME_TARGETED_FIXED|1|15|1|NRS_IFU|48|41|NIRSPEC|NRS2|NULL|4|HH211-SW-BOW-SHOCK|HH211-SW-BOW-SHOCK|FIXED|NIRSpec IFU Spectroscopy|SCIENCE|41|1|4|1|3|NULL|F170LP|NULL|1|2-POINT-NOD|NULL|2|NULL|NULL|1|NULL|NRS_FULL_IFU|2026_1b|FULL|G235H|NULL|NULL|0.351370662|0.1378291|[('o004', 'OBSERVATION')]|NULL|NULL|T|F|F|NULL|NULL|IFU|NONE|NULL|NULL|NULL|NULL|1|6|NONE
jw01257004001_02115_00002_nrs1_uncal.fits|V01257004001P0000000002115|1257|4|1|01257004001|2|PRIME_TARGETED_FIXED|1|15|2|NRS_IFU|48|41|NIRSPEC|NRS1|NULL|4|HH211-SW-BOW-SHOCK|HH211-SW-BOW-SHOCK|FIXED|NIRSpec IFU Spectroscopy|SCIENCE|42|1|4|2|3|NULL|F170LP|NULL|1|2-POINT-NOD|NULL|2|NULL|NULL|2|NULL|NRS_FULL_IFU|2026_1b|FULL|G235H|NULL|NULL|0.351370662|0.1378291|[('o004', 'OBSERVATION')]|NULL|NULL|T|F|F|NULL|NULL|IFU|NONE|NULL|NULL|NULL|NULL|1|6|NONE
jw01257004001_02115_00002_nrs2_uncal.fits|V01257004001P0000000002115|1257|4|1|01257004001|2|PRIME_TARGETED_FIXED|1|15|2|NRS_IFU|48|41|NIRSPEC|NRS2|NULL|4|HH211-SW-BOW-SHOCK|HH211-SW-BOW-SHOCK|FIXED|NIRSpec IFU Spectroscopy|SCIENCE|42|1|4|2|3|NULL|F170LP|NULL|1|2-POINT-NOD|NULL|2|NULL|NULL|2|NULL|NRS_FULL_IFU|2026_1b|FULL|G235H|NULL|NULL|0.351370662|0.1378291|[('o004', 'OBSERVATION')]|NULL|NULL|T|F|F|NULL|NULL|IFU|NONE|NULL|NULL|NULL|NULL|1|6|NONE
jw01257004001_02117_00001_nrs1_uncal.fits|V01257004001P0000000002117|1257|4|1|01257004001|2|PRIME_TARGETED_FIXED|1|17|1|NRS_IFU|48|43|NIRSPEC|NRS1|NULL|4|HH211-SW-BOW-SHOCK|HH211-SW-BOW-SHOCK|FIXED|NIRSpec IFU Spectroscopy|SCIENCE|43|1|4|1|6|NULL|F170LP|NULL|1|2-POINT-NOD|NULL|2|NULL|NULL|1|NULL|NRS_FULL_IFU|2026_1b|FULL|G235H|NULL|NULL|0.351370662|0.1378291|[('o004', 'OBSERVATION')]|NULL|NULL|T|F|F|NULL|NULL|IFU|NONE|NULL|NULL|NULL|NULL|1|6|NONE
jw01257004001_02117_00001_nrs2_uncal.fits|V01257004001P0000000002117|1257|4|1|01257004001|2|PRIME_TARGETED_FIXED|1|17|1|NRS_IFU|48|43|NIRSPEC|NRS2|NULL|4|HH211-SW-BOW-SHOCK|HH211-SW-BOW-SHOCK|FIXED|NIRSpec IFU Spectroscopy|SCIENCE|43|1|4|1|6|NULL|F170LP|NULL|1|2-POINT-NOD|NULL|2|NULL|NULL|1|NULL|NRS_FULL_IFU|2026_1b|FULL|G235H|NULL|NULL|0.351370662|0.1378291|[('o004', 'OBSERVATION')]|NULL|NULL|T|F|F|NULL|NULL|IFU|NONE|NULL|NULL|NULL|NULL|1|6|NONE
jw01257004001_02117_00002_nrs1_uncal.fits|V01257004001P0000000002117|1257|4|1|01257004001|2|PRIME_TARGETED_FIXED|1|17|2|NRS_IFU|48|43|NIRSPEC|NRS1|NULL|4|HH211-SW-BOW-SHOCK|HH211-SW-BOW-SHOCK|FIXED|NIRSpec IFU Spectroscopy|SCIENCE|44|1|4|2|6|NULL|F170LP|NULL|1|2-POINT-NOD|NULL|2|NULL|NULL|2|NULL|NRS_FULL_IFU|2026_1b|FULL|G235H|NULL|NULL|0.351370662|0.1378291|[('o004', 'OBSERVATION')]|NULL|NULL|T|F|F|NULL|NULL|IFU|NONE|NULL|NULL|NULL|NULL|1|6|NONE
jw01257004001_02117_00002_nrs2_uncal.fits|V01257004001P0000000002117|1257|4|1|01257004001|2|PRIME_TARGETED_FIXED|1|17|2|NRS_IFU|48|43|NIRSPEC|NRS2|NULL|4|HH211-SW-BOW-SHOCK|HH211-SW-BOW-SHOCK|FIXED|NIRSpec IFU Spectroscopy|SCIENCE|44|1|4|2|6|NULL|F170LP|NULL|1|2-POINT-NOD|NULL|2|NULL|NULL|2|NULL|NRS_FULL_IFU|2026_1b|FULL|G235H|NULL|NULL|0.351370662|0.1378291|[('o004', 'OBSERVATION')]|NULL|NULL|T|F|F|NULL|NULL|IFU|NONE|NULL|NULL|NULL|NULL|1|6|NONE
jw01257004001_02119_00001_nrs1_uncal.fits|V01257004001P0000000002119|1257|4|1|01257004001|2|PRIME_TARGETED_FIXED|1|19|1|NRS_IFU|48|45|NIRSPEC|NRS1|NULL|4|HH211-SW-BOW-SHOCK|HH211-SW-BOW-SHOCK|FIXED|NIRSpec IFU Spectroscopy|SCIENCE|45|1|4|1|7|NULL|F170LP|NULL|1|2-POINT-NOD|NULL|2|NULL|NULL|1|NULL|NRS_FULL_IFU|2026_1b|FULL|G235H|NULL|NULL|0.351370662|0.1378291|[('o004', 'OBSERVATION')]|NULL|NULL|T|F|F|NULL|NULL|IFU|NONE|NULL|NULL|NULL|NULL|1|6|NONE
jw01257004001_02119_00001_nrs2_uncal.fits|V01257004001P0000000002119|1257|4|1|01257004001|2|PRIME_TARGETED_FIXED|1|19|1|NRS_IFU|48|45|NIRSPEC|NRS2|NULL|4|HH211-SW-BOW-SHOCK|HH211-SW-BOW-SHOCK|FIXED|NIRSpec IFU Spectroscopy|SCIENCE|45|1|4|1|7|NULL|F170LP|NULL|1|2-POINT-NOD|NULL|2|NULL|NULL|1|NULL|NRS_FULL_IFU|2026_1b|FULL|G235H|NULL|NULL|0.351370662|0.1378291|[('o004', 'OBSERVATION')]|NULL|NULL|T|F|F|NULL|NULL|IFU|NONE|NULL|NULL|NULL|NULL|1|6|NONE
jw01257004001_02119_00002_nrs1_uncal.fits|V01257004001P0000000002119|1257|4|1|01257004001|2|PRIME_TARGETED_FIXED|1|19|2|NRS_IFU|48|45|NIRSPEC|NRS1|NULL|4|HH211-SW-BOW-SHOCK|HH211-SW-BOW-SHOCK|FIXED|NIRSpec IFU Spectroscopy|SCIENCE|46|1|4|2|7|NULL|F170LP|NULL|1|2-POINT-NOD|NULL|2|NULL|NULL|2|NULL|NRS_FULL_IFU|2026_1b|FULL|G235H|NULL|NULL|0.351370662|0.1378291|[('o004', 'OBSERVATION')]|NULL|NULL|T|F|F|NULL|NULL|IFU|NONE|NULL|NULL|NULL|NULL|1|6|NONE
jw01257004001_02119_00002_nrs2_uncal.fits|V01257004001P0000000002119|1257|4|1|01257004001|2|PRIME_TARGETED_FIXED|1|19|2|NRS_IFU|48|45|NIRSPEC|NRS2|NULL|4|HH211-SW-BOW-SHOCK|HH211-SW-BOW-SHOCK|FIXED|NIRSpec IFU Spectroscopy|SCIENCE|46|1|4|2|7|NULL|F170LP|NULL|1|2-POINT-NOD|NULL|2|NULL|NULL|2|NULL|NRS_FULL_IFU|2026_1b|FULL|G235H|NULL|NULL|0.351370662|0.1378291|[('o004', 'OBSERVATION')]|NULL|NULL|T|F|F|NULL|NULL|IFU|NONE|NULL|NULL|NULL|NULL|1|6|NONE
jw01257004001_0211b_00001_nrs1_uncal.fits|V01257004001P000000000211B|1257|4|1|01257004001|2|PRIME_TARGETED_FIXED|1|1B|1|NRS_IFU|48|47|NIRSPEC|NRS1|NULL|4|HH211-SW-BOW-SHOCK|HH211-SW-BOW-SHOCK|FIXED|NIRSpec IFU Spectroscopy|SCIENCE|47|1|4|1|8|NULL|F170LP|NULL|1|2-POINT-NOD|NULL|2|NULL|NULL|1|NULL|NRS_FULL_IFU|2026_1b|FULL|G235H|NULL|NULL|0.351370662|0.1378291|[('o004', 'OBSERVATION')]|NULL|NULL|T|F|F|NULL|NULL|IFU|NONE|NULL|NULL|NULL|NULL|1|6|NONE
jw01257004001_0211b_00001_nrs2_uncal.fits|V01257004001P000000000211B|1257|4|1|01257004001|2|PRIME_TARGETED_FIXED|1|1B|1|NRS_IFU|48|47|NIRSPEC|NRS2|NULL|4|HH211-SW-BOW-SHOCK|HH211-SW-BOW-SHOCK|FIXED|NIRSpec IFU Spectroscopy|SCIENCE|47|1|4|1|8|NULL|F170LP|NULL|1|2-POINT-NOD|NULL|2|NULL|NULL|1|NULL|NRS_FULL_IFU|2026_1b|FULL|G235H|NULL|NULL|0.351370662|0.1378291|[('o004', 'OBSERVATION')]|NULL|NULL|T|F|F|NULL|NULL|IFU|NONE|NULL|NULL|NULL|NULL|1|6|NONE
jw01257004001_0211b_00002_nrs1_uncal.fits|V01257004001P000000000211B|1257|4|1|01257004001|2|PRIME_TARGETED_FIXED|1|1B|2|NRS_IFU|48|47|NIRSPEC|NRS1|NULL|4|HH211-SW-BOW-SHOCK|HH211-SW-BOW-SHOCK|FIXED|NIRSpec IFU Spectroscopy|SCIENCE|48|1|4|2|8|NULL|F170LP|NULL|1|2-POINT-NOD|NULL|2|NULL|NULL|2|NULL|NRS_FULL_IFU|2026_1b|FULL|G235H|NULL|NULL|0.351370662|0.1378291|[('o004', 'OBSERVATION')]|NULL|NULL|T|F|F|NULL|NULL|IFU|NONE|NULL|NULL|NULL|NULL|1|6|NONE
jw01257004001_0211b_00002_nrs2_uncal.fits|V01257004001P000000000211B|1257|4|1|01257004001|2|PRIME_TARGETED_FIXED|1|1B|2|NRS_IFU|48|47|NIRSPEC|NRS2|NULL|4|HH211-SW-BOW-SHOCK|HH211-SW-BOW-SHOCK|FIXED|NIRSpec IFU Spectroscopy|SCIENCE|48|1|4|2|8|NULL|F170LP|NULL|1|2-POINT-NOD|NULL|2|NULL|NULL|2|NULL|NRS_FULL_IFU|2026_1b|FULL|G235H|NULL|NULL|0.351370662|0.1378291|[('o004', 'OBSERVATION')]|NULL|NULL|T|F|F|NULL|NULL|IFU|NONE|NULL|NULL|NULL|NULL|1|6|NONE
